#{"t_start": 1660902516.4004312, "env_id": "DobotReachDense-v0"}
r,l,t
-8.170238,50,2.186377
-8.231309,50,2.429292
-14.151528,50,3.231183
-9.793729,50,3.475606
-10.609713,50,3.718747
-0.658636,4,4.331187
-0.986637,7,4.365949
-14.780926,50,4.643431
-7.925779,50,4.947067
-10.092655,50,5.894511
-12.164498,50,6.172916
-12.364176,50,7.031075
-14.865493,50,11.855899
-10.48856,50,12.102982
-11.140972,50,12.942231
-11.128775,50,13.18828
-6.673072,50,13.99353
-7.027611,50,14.24596
-14.844349,50,14.529363
-10.362081,50,15.494338
-15.243514,50,15.738054
-1.365603,12,15.797285
-11.714961,50,16.695379
-6.204616,50,20.533777
-11.53113,50,20.779335
-11.195978,50,21.489674
-12.870952,50,21.733679
-7.116839,50,22.573462
-8.476447,50,22.81755
-0.518422,4,22.837418
-6.546876,50,23.669841
-12.496894,50,23.915453
-9.365074,50,24.160763
-7.84646,50,25.004767
-8.114978,50,29.870342
-7.53657,50,30.629828
-13.731269,50,30.875334
-7.817035,50,31.122169
-0.540031,4,31.142121
-12.38722,50,31.896672
-12.896897,50,32.141063
-3.323295,25,32.267785
-6.647386,50,33.055352
-8.462623,50,33.302968
-7.20309,50,34.130356
-13.767597,50,38.586574
-8.851178,50,38.840084
-5.204895,50,39.634338
-8.489471,50,39.878564
-4.964064,50,40.569961
-1.341851,15,40.643773
-5.628104,50,40.892111
-8.134617,42,41.100905
-8.959515,50,41.819263
-1.443678,7,41.853217
-12.640644,50,42.096385
-3.961565,38,42.83623
-5.54698,40,43.037717
-2.913675,22,47.732429
-1.955543,14,47.804852
-7.724052,38,47.999692
-6.103844,50,48.748272
-5.530304,50,48.996248
-4.617493,23,49.109395
-2.972625,24,49.741577
-7.445887,47,49.973048
-1.884782,18,50.062608
-1.94438,16,50.140581
-8.715719,50,50.942839
-6.02191,35,51.115979
-12.197409,50,51.358881
-0.660998,4,51.378708
-5.212184,38,52.013145
-9.334308,50,56.939425
-4.881313,26,57.074976
-9.120088,50,57.659488
-6.436397,50,57.905327
-6.830902,50,58.495466
-1.196445,7,58.530361
-5.263806,47,58.760266
-3.372049,27,58.895105
-6.398872,47,59.526252
-4.67861,34,59.694505
-5.728346,50,59.939013
-2.635012,23,60.053189
-2.286009,15,60.544395
-6.017803,36,60.72659
-3.621838,23,60.842323
-2.095316,17,60.926473
-6.117118,50,66.149087
-2.287229,17,66.235539
-5.173351,27,66.38055
-2.272283,25,66.521751
-3.275921,20,66.638219
-5.173827,33,67.141517
-1.542888,14,67.224499
-3.078985,24,67.364741
-6.053235,50,67.658895
-4.610618,33,67.849794
-2.597806,19,68.245329
-3.062771,19,68.356426
-4.16405,23,68.490378
-2.294845,17,68.588402
-5.131344,50,68.877153
-0.612835,4,69.215667
-5.62372,34,69.411916
-1.690482,16,69.50622
-4.762132,49,74.097499
-3.674942,37,74.518247
-2.239556,20,74.616801
-5.620364,50,74.864437
-3.291432,31,75.018731
-4.588442,50,75.497331
-1.531519,16,75.57704
-2.300154,13,75.642576
-2.582862,26,75.770207
-3.432664,21,75.87436
-3.446187,19,76.157809
-3.529901,31,76.309027
-1.141585,12,76.367633
-6.068055,41,76.571028
-3.237334,17,76.653756
-4.523738,47,77.137944
-3.051681,29,77.279442
-2.483664,18,77.3671
-3.928796,28,82.150558
-1.853295,20,82.549851
-5.766906,31,82.730885
-5.349259,33,82.925311
-2.410845,18,83.026322
-4.953002,35,83.229576
-1.583375,16,83.51976
-4.305537,47,83.788512
-7.435877,50,84.082855
-4.960953,23,84.47907
-5.774426,50,84.724524
-5.732348,38,84.916941
-2.061717,15,84.991234
-1.160234,9,85.036078
-2.406791,18,85.370763
-0.997205,8,85.410327
-7.797547,50,85.660464
-5.436954,35,85.835128
-2.48071,21,90.669481
-4.466337,24,90.790054
-2.483496,16,90.869243
-3.35675,18,90.958616
-4.534936,28,91.100321
-4.056707,21,91.2053
-1.371493,12,91.263743
-2.205491,17,91.543665
-1.757045,10,91.592306
-2.330959,16,91.670896
-4.39711,42,91.879726
-6.976853,46,92.282876
-4.641048,29,92.426564
-5.964467,45,92.648177
-0.596498,4,92.668202
-3.40375,19,92.760342
-3.490948,17,92.843589
-2.112659,21,93.20397
-5.613862,43,93.41568
-6.530089,50,93.663506
-2.521173,18,93.753454
-4.220449,24,98.662844
-1.879115,15,98.739841
-3.814592,24,98.859618
-1.54368,13,98.925204
-3.13069,32,99.083586
-2.285868,16,99.163559
-1.084383,11,99.374037
-4.578793,29,99.517081
-5.767486,39,99.709484
-3.184154,17,99.793144
-1.661004,15,99.867151
-0.954319,6,99.896184
-1.473225,15,100.2237
-2.308783,13,100.289983
-2.106313,19,100.384082
-4.706029,29,100.526762
-0.838149,5,100.551641
-1.169174,7,100.586611
-1.446603,12,100.646113
-3.24881,23,100.759109
-5.035403,32,101.119434
-1.169367,11,101.174809
-4.974067,50,101.420489
-0.454739,4,101.440351
-0.790583,5,101.464978
-1.004655,9,101.509995
-5.202977,50,106.709052
-2.915686,22,106.826029
-2.999568,21,106.930938
-0.686525,7,106.96606
-2.469949,20,107.064684
-0.744285,5,107.089231
-1.427102,16,107.169145
-4.324275,28,107.496093
-6.20293,44,107.713953
-4.335971,29,107.857861
-3.743906,23,107.972225
-1.663993,16,108.282152
-3.545925,22,108.392338
-4.938711,28,108.531179
-1.673072,14,108.601051
-1.971865,15,108.67434
-0.813657,5,108.698534
-7.046183,50,109.130794
-4.698632,29,109.276878
-1.359164,13,109.340888
-1.658347,11,109.395723
-2.314319,15,109.470068
-2.624146,20,109.569133
-2.503174,19,109.663147
-0.528939,4,109.683136
-1.320748,12,109.912865
-1.947391,13,109.977931
-0.870855,6,110.007817
-6.485184,50,114.926824
-4.095255,30,115.077073
-3.44813,19,115.360606
-5.879527,50,115.609914
-2.66342,23,115.723699
-3.136084,20,115.82266
-0.701763,5,115.847842
-2.451561,15,115.921386
-1.914671,20,116.189168
-1.495717,11,116.242985
-1.310994,10,116.292855
-3.942089,20,116.390844
-4.443504,24,116.508566
-2.422814,13,116.573193
-6.002952,50,117.045846
-3.680973,20,117.144242
-4.575616,29,117.290047
-5.880307,42,117.497744
-1.476581,12,117.556314
-3.642682,35,117.978588
-0.73641,6,118.00779
-1.741865,11,122.578529
-1.790294,16,122.666392
-1.771692,10,122.715952
-0.746091,5,122.740621
-2.618124,17,122.82529
-0.598836,4,122.845164
-0.805173,9,122.889233
-0.882373,6,122.918706
-1.716612,13,122.984008
-2.101473,15,123.288979
-2.7556,25,123.413836
-1.494624,14,123.482521
-2.173954,23,123.595286
-3.152942,19,123.689259
-2.511683,21,123.79197
-1.307264,12,124.090921
-1.064782,7,124.127733
-1.077432,6,124.159126
-1.933968,21,124.263286
-2.048949,18,124.352817
-3.361314,28,124.492429
-3.671747,23,124.607443
-2.911524,29,124.95229
-0.958048,7,124.987792
-1.037219,6,125.017581
-0.478681,4,125.037215
-1.51484,13,125.102063
-2.076841,16,125.181872
-3.384088,23,125.297451
-4.400749,38,125.485553
-4.965412,50,125.932715
-3.413809,18,130.662975
-2.093697,12,130.725673
-2.730794,14,130.795742
-3.465692,19,130.888792
-3.858062,21,131.256563
-4.254686,22,131.365881
-1.38865,10,131.414393
-2.885971,27,131.546066
-0.528362,4,131.565772
-2.058097,14,131.635357
-3.24322,25,131.762775
-3.64601,27,132.076722
-0.893916,5,132.102062
-3.417581,19,132.196711
-1.389422,14,132.265644
-0.911881,5,132.290133
-6.423949,50,132.540096
-1.519801,12,132.598453
-3.915908,35,132.995419
-0.641331,5,133.020122
-2.338339,22,133.129364
-4.137373,23,133.243011
-2.714647,19,133.336326
-1.075312,10,133.385874
-3.824168,21,133.490677
-0.383892,4,133.510735
-1.952084,14,133.794297
-5.655126,50,134.04165
-1.355458,13,138.171256
-1.591519,11,138.22941
-1.84205,10,138.280171
-0.32334,3,138.294959
-1.578445,17,138.380881
-1.455762,12,138.61287
-2.235035,15,138.690157
-5.06846,50,138.940266
-1.186049,7,138.975703
-3.126502,31,139.130666
-3.731385,28,139.436409
-1.90859,14,139.505263
-1.346532,12,139.565017
-3.136318,23,139.678973
-3.842171,20,139.780149
-0.423783,3,139.795481
-1.321513,16,139.87535
-2.944255,15,139.949492
-2.536775,16,140.247849
-3.644106,29,140.409927
-4.326418,50,140.685305
-0.745123,5,140.712833
-2.830532,22,140.834892
-1.609596,12,140.902633
-2.832429,14,141.154578
-1.110571,10,141.203498
-4.901546,35,141.375917
-1.708247,14,141.445455
-0.623109,5,141.470126
-2.482543,14,146.205396
-3.008568,17,146.292563
-3.16364,19,146.40135
-2.358301,13,146.68155
-2.189865,12,146.751616
-4.524607,50,147.043059
-4.572987,50,147.339459
-2.378156,18,147.610018
-2.199259,21,147.733844
-2.557116,15,147.824849
-1.583278,13,147.903029
-3.56019,19,148.0154
-1.142551,6,148.049494
-2.73135,39,148.479927
-2.700444,23,148.61628
-3.291607,20,148.725629
-2.159708,22,148.833034
-2.249039,23,148.947674
-2.711389,16,149.027689
-0.460893,4,149.047971
-2.620382,21,149.287305
-0.519132,5,149.31178
-1.841337,12,149.371549
-4.036952,30,149.519587
-3.095008,15,149.593496
-1.461192,17,149.67836
-1.839301,16,154.420408
-1.025224,9,154.467288
-4.944864,50,154.980399
-1.368944,13,155.045941
-0.845717,5,155.070806
-1.339217,10,155.119819
-2.079683,12,155.179532
-4.104334,34,155.348582
-1.165189,11,155.403445
-2.719556,23,155.706691
-3.896246,29,155.85165
-1.004662,6,155.881489
-1.092296,11,155.936461
-0.667874,5,155.961293
-3.148781,20,156.06229
-3.463738,18,156.152205
-3.742641,24,156.513747
-0.501444,4,156.537526
-0.361126,3,156.555421
-1.598289,10,156.612479
-2.450563,18,156.716773
-1.128842,7,156.759538
-1.600753,13,156.836624
-2.755969,14,156.920038
-1.941198,14,156.999833
-3.513469,18,157.105191
-2.808028,24,157.378691
-2.507537,14,157.460846
-0.517631,5,157.489237
-1.014143,11,157.553751
-6.296912,50,157.84304
-2.335419,19,162.564304
-1.32606,11,162.622354
-3.384791,20,162.957083
-1.917244,17,163.041682
-3.177177,23,163.156265
-0.498332,3,163.171189
-1.595157,11,163.226827
-1.399121,14,163.297598
-1.370542,9,163.34154
-3.867023,23,163.455807
-0.578571,5,163.480031
-0.447781,3,163.495246
-4.251479,24,163.791289
-0.322837,3,163.80642
-1.613481,13,163.870408
-1.185343,11,163.925053
-2.89837,17,164.010188
-5.488986,43,164.232797
-2.430902,13,164.307129
-4.715891,50,164.841507
-1.133277,9,164.893543
-3.042851,18,164.997708
-1.378549,11,165.063019
-0.957491,10,165.119443
-1.78062,17,165.219516
-0.348281,3,165.235624
-1.526404,12,165.464257
-4.089908,21,165.584583
-0.721944,5,165.613372
-1.598285,12,165.682508
-0.436025,4,165.704231
-1.252453,10,165.763362
-3.719796,27,165.919325
-2.890031,17,166.016982
-1.962532,15,166.100987
-2.617443,17,170.802369
-0.86706,5,170.828723
-2.221585,14,170.898951
-2.875592,14,170.968221
-2.89549,27,171.102682
-3.416967,20,171.20177
-2.552966,18,171.292279
-3.045435,16,171.373524
-3.24981,24,171.652577
-0.722613,5,171.677482
-1.024918,13,171.741407
-2.172467,20,171.84234
-1.654223,21,171.94837
-3.306405,25,172.074967
-2.393744,14,172.145558
-0.630122,4,172.165171
-1.925585,13,172.448802
-2.605029,20,172.547042
-0.607817,5,172.572267
-0.697877,5,172.596905
-1.622129,13,172.662289
-3.291462,19,172.756021
-1.4124,14,172.82627
-1.01278,13,172.891127
-2.154383,18,172.978976
-4.483424,50,173.458875
-2.622591,16,173.538219
-3.500832,22,173.646373
-0.960434,5,173.672032
-2.69308,16,173.751395
-2.346339,14,173.821503
-2.708883,16,178.519132
-0.85908,9,178.567673
-1.620795,14,178.639481
-3.306483,17,178.723145
-1.777422,15,178.797799
-0.989669,8,178.837046
-1.76865,12,178.897208
-1.493689,12,178.955818
-1.530926,15,179.030256
-1.232322,11,179.08545
-2.963462,22,179.364789
-2.175821,13,179.429124
-2.741581,21,179.532774
-2.729432,16,179.612867
-0.284419,3,179.628155
-1.741319,14,179.696293
-1.213602,7,179.731633
-2.83211,22,179.84162
-3.736227,25,180.108628
-1.31072,10,180.158595
-1.752813,14,180.228193
-1.254385,8,180.268048
-1.259598,8,180.308059
-1.562223,11,180.364075
-3.856422,50,180.6166
-5.086036,27,181.008632
-2.264738,15,181.084296
-1.720356,16,181.162868
-3.100343,16,181.241628
-2.60047,16,181.321476
-1.66203,16,181.400591
-3.149428,16,181.479846
-3.218719,24,181.819893
-1.283332,10,186.48381
-1.207918,10,186.537509
-3.559146,17,186.623923
-1.71701,12,186.683716
-1.656432,12,186.743612
-3.862005,21,186.84854
-1.949716,12,186.908339
-0.700343,4,186.928285
-3.768162,19,187.023695
-2.775774,15,187.27334
-2.664387,15,187.347181
-1.578196,14,187.416119
-1.771296,12,187.475021
-1.897822,15,187.54779
-1.382618,11,187.600686
-1.626625,10,187.649643
-1.033666,6,187.67871
-0.706427,5,187.704241
-1.213329,9,187.748389
-2.888937,36,188.162598
-0.36435,3,188.177338
-2.546888,22,188.28609
-1.915093,23,188.400409
-0.353664,3,188.415632
-0.607411,7,188.451034
-6.496896,50,188.886654
-1.373683,11,188.941734
-2.577489,16,189.020944
-1.739367,14,189.089877
-0.905454,6,189.119842
-2.642751,21,189.226489
-4.032101,50,189.476469
-3.333463,17,189.70401
-2.360005,21,194.423784
-1.563493,16,194.504349
-1.773416,11,194.559004
-1.713199,13,194.6231
-0.451921,4,194.643015
-1.025264,6,194.672839
-1.534399,12,194.732067
-0.444781,4,194.751622
-1.593498,12,194.811214
-3.007578,18,195.07655
-3.223889,19,195.170949
-0.451261,4,195.190474
-2.61593,14,195.260688
-0.890038,6,195.291043
-1.217219,10,195.340777
-0.671958,5,195.365937
-0.566171,4,195.385645
-3.134515,18,195.474281
-3.94791,20,195.572568
-1.260133,9,195.616264
-3.191434,19,195.860596
-2.540702,14,195.930853
-4.066528,24,196.04917
-3.732766,24,196.168344
-2.152713,12,196.228428
-5.041137,38,196.417651
-1.498557,10,196.627958
-0.748247,5,196.653664
-0.638829,5,196.678378
-2.988084,16,196.757662
-0.944065,6,196.787744
-1.068305,8,196.82712
-3.992775,21,196.932235
-1.70941,17,197.016193
-1.656467,11,197.070714
-2.38421,20,197.168928
-1.916516,13,197.440729
-1.554245,12,197.501184
-2.073062,13,197.565592
-1.804939,16,202.330874
-5.723312,46,202.560853
-1.24032,13,202.625554
-2.975152,21,202.731749
-1.670913,14,202.946646
-1.217681,8,202.985712
-0.818407,8,203.025552
-0.996726,13,203.090143
-2.02591,14,203.159529
-1.780817,12,203.219847
-3.858065,30,203.368157
-5.020822,36,203.720005
-1.696164,12,203.779642
-2.719001,15,203.854284
-2.576085,15,203.927474
-2.788074,16,204.006676
-0.88361,5,204.031859
-1.588406,12,204.091755
-0.877634,9,204.137261
-0.526966,4,204.158333
-1.101856,6,204.1887
-2.053581,13,204.253388
-1.586896,12,204.486841
-3.170032,17,204.571855
-2.324543,14,204.64112
-0.38946,4,204.661013
-3.130897,17,204.745564
-1.799611,12,204.805455
-3.093401,17,204.891328
-4.103919,20,204.989347
-1.659287,16,205.068972
-3.381422,19,205.285132
-1.299069,9,205.329991
-1.904837,16,205.409561
-4.052973,23,210.118172
-2.904377,16,210.198979
-1.216544,10,210.24887
-1.013491,6,210.278404
-2.4904,14,210.347653
-1.342445,12,210.407021
-1.554252,15,210.689753
-1.512732,11,210.744913
-3.374264,17,210.828588
-1.500807,16,210.908811
-1.080031,6,210.938149
-0.949491,9,210.983716
-1.089572,11,211.038259
-5.749318,50,211.517465
-3.388737,21,211.621649
-2.416326,16,211.704577
-4.410757,21,211.808714
-1.209598,10,211.858991
-0.701704,5,211.883885
-1.000673,6,211.913573
-1.744622,14,211.98313
-0.791576,8,212.023157
-2.619337,17,212.107233
-2.157461,14,212.336303
-2.443853,25,212.458982
-0.442276,3,212.474198
-2.778215,16,212.552908
-3.165246,19,212.647097
-3.353245,21,212.751737
-1.496489,12,212.811887
-5.760149,50,213.215407
-1.362776,12,213.276365
-3.829053,50,218.203706
-2.419823,15,218.278221
-2.006486,17,218.547148
-2.579579,15,218.623153
-2.909294,17,218.706784
-2.882205,15,218.780769
-2.603111,15,218.856121
-2.281095,15,218.92986
-2.362533,14,218.998861
-3.009119,16,219.078043
-1.782678,14,219.148189
-1.339369,11,219.34556
-1.791953,12,219.406658
-2.134211,14,219.476289
-0.369258,3,219.491607
-3.237454,18,219.581288
-1.426223,12,219.641135
-0.454239,4,219.660506
-2.567676,15,219.735212
-1.417288,10,219.78535
-2.156861,17,219.871087
-1.609868,12,220.067366
-2.768576,15,220.14414
-0.937901,10,220.192895
-1.924312,13,220.257708
-0.666824,4,220.277765
-2.793926,15,220.350823
-2.136205,14,220.420585
-1.465406,15,220.496375
-3.139021,15,220.570779
-6.206266,50,220.990002
-2.714766,16,221.069803
-2.639731,21,221.174619
-1.401161,9,221.219237
-3.695008,50,226.01737
-2.90146,19,226.265008
-3.440101,50,226.548671
-1.730579,12,226.618588
-0.369424,3,226.636961
-3.528737,45,226.99955
-2.839321,16,227.080732
-3.427905,23,227.194507
-4.322429,50,227.443472
-2.386619,15,227.517672
-1.211947,13,227.583031
-1.145027,8,227.781455
-2.469474,16,227.863037
-0.45099,3,227.87811
-0.389068,3,227.892757
-2.949138,25,228.017814
-0.971873,7,228.052688
-1.544685,14,228.12241
-0.406692,4,228.142215
-2.250699,16,228.22296
-2.408638,15,228.297767
-1.755452,14,228.368353
-1.254752,13,228.560708
-1.16525,8,228.60147
-1.723219,11,228.657179
-1.168309,12,228.716592
-1.705521,12,228.775797
-1.519119,13,228.84019
-1.305058,13,228.905742
-0.897679,5,228.930951
-1.36266,12,233.500473
-2.834405,18,233.592462
-3.151859,16,233.820625
-2.680693,15,233.896969
-0.545876,4,233.917529
-3.51034,50,234.17656
-0.768152,4,234.198875
-0.819844,7,234.238326
-1.181754,12,234.306704
-3.359772,18,234.395995
-2.181297,17,234.638171
-2.377513,15,234.715078
-1.795506,15,234.789291
-0.993263,6,234.819041
-2.538624,14,234.888112
-3.177727,23,235.002986
-4.436932,27,235.137084
-3.120301,23,235.386369
-2.054641,14,235.457653
-1.329054,11,235.51264
-4.018773,21,235.616885
-0.72779,4,235.637309
-2.917425,23,235.751017
-1.829017,12,235.81003
-0.48078,4,235.8304
-2.726161,14,235.899353
-1.21101,10,235.949516
-0.366584,3,235.964276
-1.87566,13,236.163706
-0.524825,4,236.184575
-5.289854,44,236.405286
-4.437434,23,236.521866
-2.939863,21,241.135924
-5.541452,46,241.54707
-0.851737,5,241.572354
-1.813732,14,241.642406
-2.115254,12,241.701949
-2.567543,16,241.782189
-1.247451,12,241.841311
-1.039006,6,241.872252
-0.577992,4,241.892047
-2.406394,14,241.961431
-0.904426,10,242.011356
-1.106089,6,242.041588
-5.326693,40,242.367903
-0.563017,4,242.388267
-0.941799,6,242.417812
-2.112821,18,242.507974
-1.034067,7,242.543776
-1.107874,9,242.588003
-1.525509,11,242.642233
-2.132946,12,242.70314
-0.502929,4,242.724164
-1.772613,12,242.782577
-1.60753,12,242.994237
-4.146377,22,243.103417
-3.131334,18,243.192663
-1.113816,14,243.262549
-3.058839,16,243.342479
-3.47699,18,243.432376
-0.880086,5,243.457728
-0.922645,11,243.514704
-0.430513,4,243.534408
-4.25303,26,243.786746
-2.036554,14,243.856588
-1.993837,13,243.920182
-0.642035,4,243.940078
-0.54504,4,243.960002
-1.055536,6,243.989821
-0.989997,11,244.043976
-1.676558,11,244.099069
-3.063259,23,244.215057
-0.456271,3,244.230876
-1.428713,13,248.672467
-1.275586,9,248.718415
-0.625753,4,248.867829
-1.816873,11,248.923067
-3.009137,16,249.002543
-2.206306,14,249.07123
-3.102683,17,249.156065
-1.040552,6,249.18614
-1.89989,13,249.250218
-0.581051,4,249.270366
-0.607935,4,249.2901
-1.557782,12,249.349341
-1.698694,15,249.423903
-1.639441,12,249.639719
-0.855303,5,249.664667
-1.920492,18,249.753958
-3.238193,17,249.838517
-2.449812,15,249.913492
-3.568838,18,250.001543
-0.398804,3,250.016538
-1.314807,12,250.075991
-1.234997,11,250.130659
-0.997457,6,250.16095
-1.693116,12,250.221654
-0.696181,8,250.45895
-3.178281,15,250.536084
-2.203882,15,250.611942
-2.046686,13,250.679595
-0.952935,5,250.704373
-2.138435,13,250.768131
-2.005462,14,250.837833
-0.932902,6,250.86793
-2.250752,19,250.962592
-3.894645,20,251.062272
-1.11812,10,251.246985
-0.556943,5,251.272284
-1.2479,10,251.321468
-1.045062,10,251.370198
-1.316795,9,251.415367
-1.202648,11,251.469375
-3.166034,20,251.567772
-2.274025,14,251.636589
-3.652575,21,251.739902
-1.565027,14,251.809079
-3.416347,19,254.13249
-3.788347,20,254.234042
-0.69539,5,254.259226
-1.066663,10,254.308034
-0.857533,5,254.333256
-2.204595,13,254.397435
-0.545092,5,254.423236
-0.967425,8,254.47073
-3.130716,18,254.560652
-1.903431,13,254.624676
-4.440317,31,254.92683
-2.051068,14,254.997256
-1.595881,10,255.046859
-1.353471,12,255.105857
-1.312481,10,255.154419
-2.042531,12,255.213732
-1.316809,11,255.268836
-2.812363,15,255.342208
-1.393111,12,255.401886
-2.575105,16,255.630381
-2.230961,14,255.700049
-2.837293,14,255.769253
-0.41799,4,255.789006
-1.018582,10,255.838383
-0.827167,6,255.868512
-2.491242,13,255.931966
-1.246367,15,256.006411
-2.768016,18,256.094215
-2.270818,15,256.167958
-3.876005,23,256.529229
-1.791619,13,256.59329
-2.379349,26,256.721294
-2.70818,14,256.790945
-0.87009,6,256.820494
-0.375115,4,256.84301
-1.240025,10,256.892024
-0.418046,4,256.912174
-2.54765,15,256.986495
-1.220324,9,257.03056
-0.820783,8,257.06943
-4.772662,33,261.964149
-2.118694,13,262.030036
-2.362214,14,262.099698
-0.847828,5,262.125077
-2.328979,13,262.18996
-1.484492,16,262.269537
-1.896674,13,262.334814
-2.169714,13,262.399453
-1.314365,9,262.444206
-1.568272,13,262.706269
-1.007575,6,262.736024
-0.587459,4,262.756497
-1.697789,11,262.811307
-0.819357,5,262.836169
-1.872367,19,262.929954
-0.855884,6,262.960083
-2.882755,15,263.033622
-1.226689,8,263.073257
-3.145171,15,263.148901
-2.27936,16,263.228054
-1.992579,13,263.442064
-0.924438,5,263.467986
-1.604539,13,263.532631
-3.355423,22,263.642063
-0.818776,5,263.666999
-3.074291,19,263.763669
-2.710801,15,263.839093
-2.05694,15,263.913371
-0.81241,5,263.941912
-0.321994,3,263.956727
-1.824969,16,264.036571
-4.734812,34,264.318986
-0.73159,7,264.35442
-0.740406,4,264.374404
-0.933013,7,264.409148
-1.378709,14,264.479252
-1.192938,8,264.518802
-1.818466,13,264.583426
-1.45451,9,264.628853
-0.992797,6,264.65855
-1.280498,12,264.71766
-1.714234,14,264.885782
-1.667856,12,264.947396
-0.743084,5,264.972122
-2.385422,13,269.680109
-3.638587,20,269.790038
-0.439131,4,269.812672
-0.793566,8,269.857012
-2.541012,14,269.935396
-4.448356,28,270.095741
-0.926495,10,270.152678
-3.600514,22,270.456455
-0.568921,4,270.480114
-2.845299,14,270.559824
-1.027708,7,270.598964
-2.156526,19,270.709938
-0.843325,9,270.759311
-0.481514,5,270.789947
-4.099085,23,270.922788
-4.580912,50,271.338788
-1.190682,10,271.396878
-1.56327,13,271.462893
-2.68477,14,271.532354
-2.972044,14,271.602376
-1.763658,14,271.672904
-3.994452,21,271.7782
-1.107492,6,271.807826
-2.734814,15,272.000439
-3.213851,18,272.091432
-1.165412,7,272.126226
-4.240773,28,272.266666
-0.957362,6,272.296563
-2.236871,15,272.371849
-1.253561,10,272.421443
-4.41622,50,272.846277
-1.198662,11,272.902258
-2.794591,17,277.682653
-1.953792,13,277.751366
-1.173917,9,277.795618
-1.470063,14,277.864452
-0.944236,11,277.919255
-2.989383,17,278.003723
-2.820513,15,278.078013
-1.174264,10,278.246098
-2.282513,15,278.322549
-1.935213,14,278.392444
-0.727895,7,278.427131
-2.594917,16,278.506859
-2.325447,16,278.586998
-3.76729,50,278.83677
-3.449903,18,279.171082
-1.821313,14,279.239742
-0.343971,3,279.254823
-2.384656,15,279.335957
-1.409617,10,279.389285
-1.494492,11,279.44389
-1.56778,12,279.504514
-4.353511,50,279.894415
-3.596143,20,279.996863
-0.885365,9,280.041702
-0.35198,4,280.064698
-0.566052,4,280.085807
-0.40471,3,280.100908
-1.535539,11,280.159784
-1.081601,10,280.208906
-3.447978,18,280.298126
-2.149419,14,280.367133
-1.47016,11,280.422407
-1.165719,10,280.473222
-1.733811,12,280.747593
-0.929165,5,280.773269
-1.709884,13,280.837385
-1.589403,11,280.891643
-1.216889,11,280.946378
-1.127597,11,285.573097
-4.420454,24,285.69316
-1.197909,13,285.758141
-1.404302,11,285.812789
-2.58163,15,285.886304
-4.055295,29,286.135936
-2.109802,15,286.210121
-6.245884,50,286.45865
-3.67797,20,286.557926
-2.179578,17,286.643478
-0.54154,5,286.85984
-1.052539,6,286.890224
-2.400082,13,286.954294
-0.815341,5,286.979148
-2.623505,15,287.053259
-4.187455,22,287.1639
-0.848031,5,287.187963
-1.417074,9,287.231954
-1.787728,11,287.287914
-3.76156,50,287.664564
-0.940675,6,287.69398
-3.040898,15,287.768039
-3.297038,17,287.851821
-1.44987,10,287.901994
-1.991425,12,287.961129
-2.331027,17,288.045044
-0.493852,4,288.064678
-2.561325,15,288.139062
-1.104725,9,288.183123
-0.697851,9,288.391974
-2.560016,18,288.482786
-3.649666,30,288.631182
-3.286548,17,293.405419
-0.418483,4,293.426566
-0.908276,9,293.472071
-0.226836,3,293.487066
-3.514658,50,293.848465
-1.199303,9,293.893481
-1.726332,11,293.94929
-1.126869,12,294.008778
-1.828182,12,294.068909
-3.811136,19,294.166051
-1.02934,8,294.205978
-2.860885,16,294.285371
-1.970112,12,294.344404
-1.700473,14,294.413417
-2.097263,18,294.716926
-3.027223,16,294.79542
-0.587078,4,294.815004
-1.07038,9,294.859441
-1.040523,10,294.908903
-0.976388,10,294.958068
-2.731805,16,295.037761
-0.53446,4,295.057794
-0.722316,5,295.082842
-0.480013,4,295.102672
-2.194688,12,295.162622
-2.849974,16,295.242352
-2.608681,15,295.478174
-0.317427,3,295.493703
-3.15365,18,295.582422
-1.097353,12,295.641903
-2.790582,20,295.740826
-2.123814,12,295.800072
-2.037651,12,295.858855
-1.628402,12,295.918773
-1.418897,15,295.992864
-0.595822,4,296.012501
-0.798876,5,296.037138
-2.014265,13,296.227908
-0.463173,5,296.253455
-1.515994,12,296.31816
-1.161237,7,296.359449
-0.539613,3,296.378167
-1.756555,14,296.450858
-3.522597,19,301.23023
-3.144374,16,301.313954
-1.374167,10,301.364293
-1.310729,10,301.413628
-1.026465,6,301.442921
-1.24084,12,301.650973
-1.000496,6,301.682312
-0.76633,4,301.702853
-2.674161,14,301.77185
-0.844903,10,301.821579
-0.573137,4,301.841792
-0.822731,5,301.866514
-2.760839,15,301.940834
-3.704417,17,302.025192
-0.63059,4,302.044626
-1.961122,24,302.16482
-3.467285,19,302.258824
-2.675936,14,302.476933
-3.486872,20,302.575531
-3.440077,19,302.669804
-2.009278,21,302.773608
-0.994209,5,302.798226
-1.896606,18,302.887225
-4.142586,50,303.330952
-3.670869,50,303.580483
-0.791207,5,303.605945
-2.503906,14,303.675249
-1.777716,12,303.734356
-0.851785,8,303.774055
-1.003629,10,303.824077
-1.496095,10,304.013784
-0.945354,9,304.061079
-1.105246,8,304.100797
-0.485985,4,304.120265
-2.945021,16,304.200837
-0.589193,4,304.220293
-0.735684,5,304.244709
-2.092993,14,304.314329
-2.327829,17,309.049506
-0.874413,5,309.079247
-1.541887,12,309.142516
-1.50809,10,309.192721
-2.094504,14,309.262547
-2.127559,13,309.45988
-1.348269,11,309.514102
-5.016815,35,309.687712
-1.992256,13,309.751987
-4.414199,26,309.881475
-3.025414,15,309.956151
-0.942659,6,309.986382
-3.028951,16,310.245758
-0.740817,5,310.270658
-3.308949,17,310.355906
-3.509636,18,310.445906
-2.581726,13,310.509572
-1.642717,15,310.583776
-0.438246,4,310.603964
-2.521676,13,310.668558
-0.513901,4,310.688162
-1.760224,11,310.7431
-2.962386,18,310.983408
-0.839264,10,311.035016
-2.804313,14,311.104792
-0.96691,9,311.149141
-4.914591,40,311.348789
-1.362477,10,311.399174
-1.744243,11,311.454292
-4.424934,29,311.599391
-1.721609,12,311.766564
-4.134595,19,311.861498
-1.755063,12,311.921042
-0.490905,5,311.945856
-0.260569,3,311.960492
-2.448946,15,312.036115
-4.228741,27,312.169821
-1.329018,11,316.763633
-0.856633,5,316.791689
-4.859503,27,317.08291
-2.025806,20,317.197162
-1.030696,10,317.2511
-1.462399,11,317.311799
-3.592176,19,317.421304
-2.721054,15,317.505808
-2.849599,14,317.585814
-0.840346,8,317.632473
-2.229717,14,317.7119
-2.924562,16,317.984825
-3.755012,19,318.089353
-1.729353,13,318.16294
-1.48929,13,318.233648
-3.271161,22,318.357466
-2.857885,15,318.441118
-2.351096,15,318.527165
-2.235185,15,318.613774
-1.595605,13,318.862682
-1.729063,14,318.942534
-2.845569,15,319.028642
-2.362985,15,319.114463
-2.124028,11,319.172252
-0.593248,4,319.192934
-1.269085,16,319.273623
-0.564669,4,319.294153
-2.173054,12,319.35406
-1.920201,17,319.439482
-0.506281,4,319.459412
-1.34081,9,319.67611
-0.637767,4,319.696199
-2.484882,15,319.771071
-0.917714,8,319.81081
-2.020706,16,319.891619
-2.195762,16,319.971492
-3.106537,21,320.077847
-2.263017,14,320.148152
-0.74025,4,324.600693
-0.474597,4,324.624221
-1.224287,10,324.676588
-1.17751,10,324.863901
-0.558016,4,324.884762
-3.247038,17,324.969477
-1.958685,13,325.034688
-0.400285,3,325.049645
-1.335562,11,325.105401
-1.284582,8,325.145238
-1.200263,10,325.195274
-1.363569,11,325.249884
-0.797284,5,325.274902
-2.421159,15,325.349499
-0.238973,3,325.364357
-0.88627,13,325.429228
-0.578093,5,325.454591
-2.007045,13,325.679178
-1.524089,14,325.749342
-2.378652,14,325.820131
-3.739022,22,325.928895
-2.137017,12,325.9894
-0.684754,4,326.009474
-2.988147,15,326.084794
-1.870181,11,326.139517
-3.499462,50,326.562202
-3.408903,20,326.661164
-2.950941,15,326.734439
-2.726772,17,326.818539
-1.009926,10,326.868302
-2.474467,18,326.957769
-0.451784,4,326.977893
-2.029744,16,327.236018
-0.890964,5,327.261407
-1.451612,15,327.335523
-2.202048,12,327.395325
-2.827946,14,327.464777
-1.63454,11,327.518568
-3.677184,25,327.641292
-0.882094,5,327.666713
-0.937074,5,327.691504
-3.202552,17,327.776226
-2.512407,16,332.648707
-2.257179,13,332.725585
-0.931862,9,332.779138
-2.03299,12,332.849497
-1.197749,9,332.897865
-1.678546,13,332.973766
-1.223051,9,333.025707
-3.304601,17,333.121486
-3.341912,17,333.219707
-0.583625,4,333.243382
-2.277983,14,333.314148
-0.366462,3,333.329364
-2.629734,14,333.530389
-0.359496,3,333.545558
-1.334428,9,333.591615
-1.693413,11,333.645031
-2.537803,29,333.790862
-1.532952,12,333.850517
-1.149848,10,333.900562
-0.870375,5,333.925534
-0.987673,5,333.950434
-0.997671,6,333.979988
-1.212706,10,334.029531
-1.354978,10,334.078664
-1.802687,14,334.347828
-0.421113,4,334.367779
-1.149585,9,334.41496
-2.9552,16,334.506054
-1.511836,12,334.57327
-1.161796,9,334.62586
-2.058576,15,334.711321
-3.129874,22,334.835497
-1.326295,10,334.889653
-3.022139,15,334.976347
-2.065889,12,335.224087
-1.858549,12,335.287327
-0.556375,4,335.310877
-0.652446,4,335.334048
-1.335119,11,335.397239
-0.345414,3,335.415587
-2.083273,14,335.487935
-1.699799,11,335.542264
-2.413376,35,335.715828
-1.779538,13,335.779922
-2.937146,15,340.741848
-1.636193,13,340.812295
-0.846758,5,340.838137
-3.175139,17,340.923615
-0.592097,4,340.943587
-0.770143,5,340.96902
-3.06814,15,341.044436
-3.270859,18,341.139047
-1.019797,6,341.169631
-3.076191,16,341.250441
-3.207462,17,341.337023
-2.593929,13,341.553488
-1.588169,10,341.605803
-0.995487,7,341.641897
-1.265158,13,341.708121
-2.557125,14,341.779903
-2.480742,13,341.845608
-1.912787,15,341.921936
-0.809836,5,341.948027
-3.963692,28,342.090962
-2.195977,13,342.300471
-2.067891,18,342.393615
-2.795196,15,342.469547
-0.566178,5,342.494786
-1.638417,14,342.566352
-1.605995,11,342.623511
-1.92493,13,342.690545
-3.326094,21,342.797807
-0.823943,5,342.82323
-2.283627,15,342.899765
-2.527441,18,343.129946
-1.954285,13,343.196953
-3.063397,16,343.278852
-4.003431,20,343.380138
-2.877062,16,343.461564
-2.638754,15,343.536306
-2.860433,14,343.608328
-0.824109,5,343.633815
-0.935192,9,343.679286
-1.246128,10,343.864076
-2.30533,12,347.930387
-0.373111,3,347.946296
-1.741259,11,348.003689
-0.787181,5,348.028861
-1.745551,19,348.121818
-0.252533,3,348.136278
-4.30016,22,348.244639
-5.838011,50,348.60494
-1.932588,13,348.668893
-2.309149,15,348.741793
-2.793929,14,348.811376
-1.064773,6,348.83982
-2.120823,14,348.908235
-2.024095,17,348.991509
-1.912221,12,349.051612
-0.47575,4,349.070821
-0.285231,3,349.085551
-0.958089,10,349.135852
-0.497517,3,349.150882
-2.336397,15,349.407864
-1.118116,11,349.461702
-0.815653,5,349.486291
-3.68072,18,349.575105
-3.979998,24,349.693274
-0.837754,5,349.717853
-1.378203,11,349.770952
-3.498628,22,349.880619
-3.143615,18,349.968569
-1.879971,12,350.188194
-2.405904,13,350.251812
-2.568724,14,350.320789
-2.105083,13,350.384266
-0.338588,3,350.399735
-2.19904,13,350.463765
-0.356718,3,350.479116
-1.765839,14,350.548763
-0.562819,4,350.568495
-2.646643,16,350.648205
-3.634678,19,350.741729
-0.381796,3,350.756641
-1.420528,13,350.960764
-2.893336,15,351.034174
-1.424825,11,355.570233
-1.000648,6,355.600376
-1.582714,11,355.656145
-0.746373,5,355.681254
-1.75205,12,355.740781
-1.013264,8,355.781343
-1.066055,9,355.829327
-3.032455,15,355.90377
-3.118906,17,355.98811
-1.269413,12,356.209425
-0.275927,3,356.224222
-2.988485,18,356.312748
-3.081916,16,356.390781
-2.952801,15,356.464577
-3.039171,25,356.588495
-1.932218,12,356.647811
-2.720659,15,356.721802
-0.989518,9,356.766133
-3.297277,17,356.978653
-2.368292,14,357.047593
-0.616555,4,357.067217
-3.783916,20,357.166245
-2.563025,14,357.23532
-1.143372,9,357.278915
-0.862027,9,357.324132
-2.896539,18,357.414601
-2.275918,13,357.478348
-1.682097,13,357.669052
-0.988126,6,357.700629
-2.364972,14,357.769677
-1.099779,6,357.799651
-2.359532,14,357.869267
-3.195509,16,357.94692
-4.083191,50,358.194179
-1.642276,14,358.26372
-0.545265,4,358.411485
-0.471809,4,358.432565
-1.559253,12,358.491897
-1.401128,18,358.580319
-3.283516,16,363.227754
-3.728844,19,363.325079
-0.643857,4,363.345473
-0.656517,4,363.365467
-2.814045,13,363.430254
-0.445866,4,363.449946
-0.862479,6,363.479965
-0.453459,3,363.494831
-0.55469,4,363.514845
-3.944501,20,363.757077
-1.157025,9,363.802589
-1.284641,15,363.877872
-0.647285,4,363.898232
-1.294536,9,363.942778
-2.51155,16,364.022956
-1.60684,11,364.077961
-1.106172,10,364.128803
-1.546332,12,364.190489
-2.529334,15,364.264685
-3.969929,19,364.361284
-3.923843,20,364.576759
-0.893432,6,364.607168
-2.022413,18,364.697082
-0.993661,8,364.736998
-2.248989,14,364.807688
-0.775134,5,364.832359
-0.899849,5,364.856982
-2.066417,17,364.941512
-0.164546,2,364.951293
-1.105495,9,364.996751
-1.105354,11,365.051098
-1.455059,11,365.104964
-1.242686,11,365.281709
-1.541392,11,365.337431
-3.318984,17,365.421632
-2.176358,16,365.501052
-1.72509,13,365.565358
-1.408036,10,365.615121
-1.216826,11,365.66941
-0.344089,4,365.689021
-1.517949,12,365.74823
-3.286792,19,365.842128
-0.38384,4,366.021185
-2.683844,15,366.108246
-1.55322,15,366.193001
-3.102353,16,366.284875
-2.448218,14,370.932923
-2.029709,17,371.019606
-1.940945,13,371.085214
-3.788521,50,371.494175
-0.686846,4,371.514255
-0.359266,3,371.52919
-0.436397,4,371.549605
-0.515862,4,371.569793
-3.967265,21,371.674344
-1.324146,9,371.71905
-1.036131,10,371.767971
-0.43362,4,371.788256
-0.867195,5,371.813295
-2.264438,18,371.901638
-2.050353,13,371.966802
-2.490329,15,372.158218
-0.940317,9,372.203834
-3.599673,20,372.303486
-0.410162,3,372.318983
-1.074807,7,372.354262
-2.160039,19,372.449974
-0.930841,7,372.484063
-0.505803,4,372.503725
-1.922904,12,372.562774
-1.144007,6,372.593051
-1.87456,12,372.652186
-0.615373,4,372.672076
-0.839127,6,372.701594
-1.526575,16,372.948119
-0.392594,3,372.963239
-1.910205,13,373.027577
-1.371857,14,373.096591
-0.818716,5,373.121076
-2.746467,17,373.205791
-1.561694,11,373.25888
-3.201421,50,373.504934
-2.007227,13,373.727848
-1.681909,12,373.78756
-1.859619,13,373.851863
-0.314744,3,373.866729
-0.490637,4,373.885825
-1.034193,8,373.925686
-3.238624,19,374.020466
-2.705655,15,378.680134
-1.458578,13,378.746141
-1.865825,12,378.805701
-1.164727,11,378.859701
-1.566526,12,378.918454
-1.387804,9,379.060018
-0.988936,5,379.084953
-0.529234,4,379.105087
-2.14612,13,379.169338
-3.487532,18,379.258202
-1.02296,5,379.283273
-0.668621,4,379.302972
-0.337675,3,379.317944
-1.00648,9,379.362357
-0.888217,5,379.386939
-4.272296,20,379.486572
-3.07649,16,379.565734
-0.564098,4,379.585553
-2.275893,13,379.772485
-0.932441,9,379.818135
-2.358607,15,379.892346
-5.38959,50,380.138245
-2.32603,15,380.212096
-1.906906,12,380.27181
-1.396399,11,380.326289
-2.176825,16,380.531851
-2.502389,14,380.601068
-1.468915,15,380.674944
-0.433819,4,380.694875
-0.948932,5,380.720124
-1.938922,12,380.779063
-0.86756,9,380.824491
-0.657316,5,380.849656
-3.93467,21,380.952441
-1.52376,10,381.00233
-2.972506,16,381.082082
-0.471052,4,381.10187
-1.888015,13,381.404167
-0.253573,3,381.418528
-2.920979,15,381.493022
-0.854803,6,381.52294
-1.151327,12,381.582171
-1.308997,10,381.631231
-0.323168,3,381.645877
-1.820088,14,381.715699
-2.971713,15,386.361058
-0.554997,4,386.382431
-1.737992,13,386.447183
-3.771405,18,386.53704
-0.938585,9,386.754558
-1.09983,7,386.789755
-1.121645,10,386.839401
-0.995435,6,386.869171
-2.702205,15,386.94384
-4.95298,42,387.150622
-2.274401,14,387.219361
-0.688743,4,387.239779
-1.802729,11,387.29372
-1.864029,14,387.55028
-2.038438,14,387.620227
-3.200364,18,387.708772
-0.930355,6,387.737996
-0.531133,4,387.758382
-0.751239,5,387.782829
-0.65909,4,387.802762
-0.972606,9,387.847255
-0.891323,11,387.902262
-1.324594,16,387.981266
-1.613002,13,388.046727
-2.776903,16,388.127427
-1.425064,11,388.328615
-1.32544,9,388.374671
-1.846979,13,388.439951
-1.926064,12,388.501021
-3.090616,16,388.580266
-2.770573,16,388.660918
-2.30072,14,388.731221
-0.746785,4,388.7512
-0.82158,9,388.796362
-0.951712,9,388.841941
-0.885203,5,388.866546
-3.503373,17,389.073524
-0.594766,4,389.094612
-3.044755,16,389.175767
-1.882491,14,389.246378
-0.740463,4,389.266729
-0.624741,4,389.28626
-4.488876,35,389.462563
