#{"t_start": 1660895421.8403046, "env_id": "DobotReachDense-v0"}
r,l,t
-7.947902,50,2.459675
-8.814166,50,2.51904
-9.253905,50,2.567961
-18.325845,50,2.618576
-14.793196,50,2.690845
-16.927308,50,2.739211
-13.173478,50,2.788616
-8.291084,50,2.837397
-6.162957,50,2.885185
-17.806157,50,2.932768
-14.955884,50,3.683449
-14.234544,50,3.731339
-11.088558,50,3.777655
-8.488486,50,3.82709
-11.841664,50,3.873003
-11.8293,50,3.917127
-15.557435,50,3.961305
-0.423574,3,3.964154
-15.840702,50,4.007964
-12.640528,50,4.053387
-10.725051,50,4.805556
-10.089495,50,4.852123
-15.60576,50,4.899179
-7.791649,50,4.945501
-6.665971,50,4.992536
-16.833726,50,5.039353
-13.249101,50,5.08472
-6.683677,50,5.131185
-0.459852,4,5.134982
-14.83594,50,5.187553
-19.647873,50,6.012907
-16.177353,50,6.057175
-7.660388,50,6.101368
-10.077498,50,6.145913
-1.295421,9,6.154135
-7.84784,50,6.206504
-10.429292,50,6.250782
-11.830754,50,6.295224
-10.437873,50,6.340491
-12.350017,50,6.391529
-13.848845,50,7.086155
-14.89971,50,7.13052
-13.596084,50,7.176668
-14.686326,50,7.223276
-12.046205,50,7.267632
-6.896105,50,7.312058
-8.09388,50,7.358066
-6.962181,50,7.402878
-6.88438,50,7.449925
-8.32532,50,7.508889
-13.036699,50,8.232323
-10.068346,50,8.280186
-10.233172,50,8.329916
-19.322727,50,8.374671
-7.847212,50,8.421836
-12.545973,50,8.466371
-0.874913,6,8.471899
-13.206935,50,8.51645
-11.321698,50,8.565605
-12.979061,50,8.610728
-18.423973,50,9.333354
-13.263246,50,9.38397
-11.570095,50,9.430117
-16.73708,50,9.474571
-14.61567,50,9.520103
-16.321475,50,9.565625
-13.699395,50,9.611808
-11.352236,50,9.659245
-16.972742,50,9.704724
-8.405069,50,9.753771
-19.099575,50,10.480383
-9.451612,50,10.524715
-8.459279,50,10.569008
-11.531567,50,10.614935
-13.164784,50,10.660894
-16.518646,50,10.710729
-16.292692,50,10.755872
-11.476344,50,10.801537
-9.754718,50,10.846201
-20.708965,50,10.892286
-8.283045,50,11.598967
-8.954551,50,11.646053
-15.36031,50,11.693553
-17.485038,50,11.742177
-15.190173,50,11.78984
-15.848131,50,11.835459
-10.096401,50,11.880486
-7.814198,50,11.927492
-10.26822,50,11.972942
-21.757572,50,12.020674
-7.929987,50,12.746826
-12.615077,50,12.795711
-13.680936,50,12.841436
-15.919948,50,12.888354
-19.899674,50,12.93435
-10.267423,50,12.980635
-17.351928,50,13.026994
-15.708087,50,13.071294
-13.14026,50,13.115506
-13.550259,50,13.160898
-11.721315,50,20.035006
-0.255231,2,20.036984
-12.530464,50,20.085412
-9.65383,50,20.132632
-8.44815,50,20.178951
-8.526302,50,20.224789
-6.02075,50,20.271923
-9.442524,50,20.31933
-0.646588,4,20.32306
-7.512818,50,20.370367
-7.995199,50,26.663204
-5.694117,50,26.709187
-3.108177,17,26.724706
-4.130944,50,26.770238
-3.589146,50,26.815755
-5.776301,50,26.867855
-10.425042,50,26.912991
-8.841135,50,26.95818
-0.881741,10,26.967282
-9.069353,50,27.012316
-2.579784,15,33.151262
-0.681461,4,33.154952
-2.297349,14,33.16797
-1.648876,11,33.17783
-2.169273,16,33.192214
-1.574749,12,33.203228
-3.837801,50,33.249096
-2.100448,14,33.261762
-5.276964,50,33.307323
-4.236346,50,33.351801
-1.887137,12,39.452567
-3.662236,50,39.498022
-5.077754,50,39.543505
-1.55038,14,39.556476
-1.949825,14,39.570346
-1.121843,11,39.580568
-2.466169,19,39.597953
-4.512268,50,39.64397
-2.934489,17,39.659442
-1.618097,10,39.668638
-5.982387,50,45.815818
-0.794195,5,45.820386
-1.522372,10,45.830289
-0.348866,3,45.833171
-5.14412,50,45.879005
-1.897519,13,45.890837
-0.35206,3,45.893671
-0.787514,4,45.897385
-7.380452,50,45.942664
-5.545294,50,45.988883
-2.712682,16,52.04228
-2.531905,14,52.054879
-1.907102,11,52.065736
-0.991574,9,52.074588
-1.356354,11,52.084909
-1.741211,11,52.09477
-1.877825,11,52.104909
-1.624508,11,52.114983
-0.33584,3,52.117841
-2.598133,14,52.130479
-1.384426,11,58.396064
-1.020776,9,58.404349
-0.752624,4,58.408123
-3.348849,18,58.424687
-1.179342,9,58.433007
-0.8098,5,58.437593
-1.010282,10,58.446837
-1.71665,12,58.457685
-6.277386,50,58.503698
-1.012442,9,58.511925
-0.240391,2,64.638307
-2.042866,13,64.650061
-1.291516,9,64.658314
-2.571132,15,64.671932
-1.462237,11,64.682009
-1.031587,9,64.690149
-0.800875,5,64.694787
-5.355347,50,64.739697
-0.707001,4,64.743399
-2.889535,17,64.758819
-2.963517,15,70.853083
-1.181385,12,70.864166
-1.189211,10,70.873303
-2.808548,15,70.886865
-1.262573,8,70.894221
-1.101013,9,70.902361
-1.117982,11,70.912314
-4.434297,50,70.957996
-1.878658,13,70.969703
-0.367168,3,70.972554
-1.312243,9,76.792236
-1.046931,12,76.803343
-1.934382,12,76.814176
-0.9355,5,76.818766
-1.806936,11,76.828681
-1.203518,7,76.835121
-0.338172,3,76.83796
-4.109469,50,76.883889
-1.951476,14,76.896528
-1.449578,12,76.907552
-1.9486,13,83.384916
-0.67548,4,83.388698
-1.398196,11,83.398703
-2.453663,14,83.411588
-1.411432,11,83.421739
-6.108772,50,83.466863
-1.06455,8,83.474236
-0.838482,9,83.482576
-1.108015,10,83.491699
-4.85268,50,83.536916
-0.921497,9,89.625974
-0.499583,4,89.62967
-1.196003,10,89.638625
-2.314862,14,89.651121
-1.610147,12,89.66209
-2.895212,14,89.674651
-3.192074,16,89.688937
-2.249643,15,89.702365
-1.307262,11,89.712433
-1.638369,14,89.725255
-0.771014,4,95.173032
-0.253447,2,95.175002
-6.342099,50,95.220962
-5.814599,50,95.266078
-2.189895,19,95.283566
-0.700105,8,95.290889
-0.92956,9,95.299208
-0.572039,4,95.302956
-1.870241,12,95.313813
-2.062991,13,95.325506
-1.905298,12,101.350091
-2.641146,15,101.363874
-1.477371,12,101.374933
-2.905842,15,101.388422
-5.212488,50,101.433091
-2.090271,13,101.444964
-2.435697,13,101.456995
-1.050142,11,101.467078
-1.769764,11,101.476979
-1.787421,11,101.487252
-1.626661,10,107.635115
-2.552861,13,107.646914
-3.618244,50,107.692204
-0.955966,7,107.698552
-0.528002,4,107.702257
-0.84591,10,107.711422
-1.406355,11,107.72154
-1.365908,9,107.729787
-0.652238,4,107.733531
-1.795806,11,107.743725
-1.69259,10,113.970274
-3.540053,17,113.986013
-3.939432,19,114.003467
-1.144482,9,114.011661
-1.208886,9,114.019819
-2.889871,17,114.035598
-1.896647,12,114.046367
-0.993863,5,114.051036
-0.827358,5,114.055983
-0.662577,4,114.059827
-0.766275,4,120.099954
-0.465406,4,120.103688
-1.931607,14,120.116534
-5.152868,50,120.163265
-0.33628,3,120.166121
-0.720151,4,120.16988
-5.651695,50,120.216847
-0.33157,3,120.219663
-0.59928,4,120.223362
-1.243755,9,120.231565
-3.447877,18,126.438638
-1.043088,9,126.446695
-2.431604,15,126.460251
-1.456311,11,126.470117
-0.957496,5,126.474715
-1.879698,14,126.487631
-2.444894,14,126.500627
-0.841447,7,126.506948
-2.940931,16,126.521533
-3.297546,17,126.537344
-0.744594,4,132.583717
-3.307184,17,132.599406
-1.500134,11,132.609441
-1.929333,14,132.622231
-2.809916,15,132.635831
-1.172621,8,132.64318
-0.571978,4,132.646908
-2.394893,14,132.659575
-2.501391,14,132.672328
-1.763207,13,132.684356
-1.883723,13,139.04743
-1.604514,11,139.058391
-1.011981,10,139.068152
-3.153126,17,139.084206
-1.251277,11,139.094189
-2.864589,15,139.107743
-1.63652,13,139.11969
-3.839618,50,139.163989
-1.654775,12,139.174928
-4.029883,20,139.19371
-2.706275,15,145.347596
-3.892873,20,145.366328
-2.689263,13,145.378091
-2.433186,16,145.392861
-3.565521,17,145.408399
-0.32653,3,145.411226
-2.245006,12,145.422482
-0.739985,4,145.426235
-4.040019,50,145.473373
-3.404305,17,145.48878
-0.908723,9,151.583438
-2.529474,14,151.596092
-0.250256,3,151.598938
-6.113185,50,151.64514
-0.230234,3,151.647991
-0.735528,4,151.652467
-0.790487,5,151.658807
-1.174288,9,151.667195
-2.361106,15,151.680985
-2.152241,13,151.692967
-0.807921,6,157.681797
-1.32141,10,157.690949
-2.601119,14,157.703561
-1.458924,12,157.714749
-1.015828,6,157.720264
-0.807031,5,157.724864
-1.487917,12,157.735862
-2.360338,14,157.748642
-1.925861,14,157.762548
-0.868914,5,157.767165
-0.431404,3,164.099957
-0.68834,4,164.103715
-1.326713,12,164.114654
-0.489838,3,164.117471
-0.346433,3,164.120297
-5.481171,50,164.165097
-4.264337,50,164.210704
-0.959738,6,164.216125
-0.683949,4,164.219851
-2.797753,16,164.234603
-1.523855,12,170.486408
-1.079437,8,170.493761
-0.852064,8,170.501121
-1.124041,10,170.510194
-3.073592,17,170.525771
-1.444435,10,170.534871
-1.232649,10,170.544034
-2.924099,17,170.56002
-0.478264,4,170.563795
-2.378957,13,170.575981
-3.692263,50,176.713148
-0.377496,3,176.716
-0.813169,5,176.720686
-1.110436,9,176.728972
-0.215874,2,176.730934
-3.535558,21,176.750242
-2.038876,14,176.763031
-1.315537,11,176.77302
-2.760978,13,176.784765
-2.388027,16,176.799536
-3.046911,16,182.774341
-1.707433,10,182.783676
-2.368088,13,182.795962
-6.075583,50,182.84221
-1.835377,12,182.853145
-1.976183,11,182.86325
-4.166778,50,182.909284
-0.184068,2,182.911238
-0.689405,4,182.91495
-2.929432,16,182.929637
-2.890329,17,188.889818
-2.140835,13,188.901927
-4.154305,50,188.946718
-3.7878,50,188.992911
-3.508506,50,189.038008
-0.471982,4,189.04173
-0.72828,4,189.045461
-0.55674,4,189.049215
-0.533508,4,189.053004
-3.735735,50,189.09971
-2.619987,14,195.719778
-1.822164,14,195.733167
-1.319479,12,195.746789
-0.676587,4,195.750834
-0.58516,4,195.754972
-1.001088,5,195.759857
-3.05047,16,195.775403
-1.839899,12,195.787005
-2.565679,16,195.802567
-2.284541,14,195.816897
-0.422697,3,202.169274
-1.124239,7,202.177092
-3.057001,16,202.194881
-2.782653,16,202.2122
-2.390031,14,202.225827
-1.502256,12,202.253515
-0.188842,2,202.256218
-0.886987,5,202.262568
-3.321581,17,202.278614
-0.527288,4,202.28238
-2.339461,15,208.461951
-0.18436,2,208.463975
-2.933143,15,208.477832
-2.69499,14,208.490576
-5.517906,50,208.53612
-1.979756,14,208.548918
-3.276765,16,208.56325
-0.267366,3,208.566085
-1.234208,12,208.577296
-0.90871,5,208.581919
-1.830289,11,214.621592
-1.282858,10,214.63153
-1.575873,10,214.641915
-1.869075,14,214.655876
-1.300872,10,214.665627
-1.905788,13,214.679154
-1.982789,12,214.691037
-3.131926,18,214.708592
-4.235545,26,214.73496
-0.666581,5,214.739816
-0.482307,4,220.876886
-4.913753,50,220.922489
-0.669553,6,220.928096
-0.934707,5,220.932781
-3.470846,19,220.950049
-0.763929,5,220.954669
-0.788931,5,220.959267
-1.502544,12,220.970328
-1.028962,11,220.980459
-0.788877,5,220.985118
-2.653204,16,227.166797
-1.316512,9,227.175265
-5.605879,50,227.22008
-0.884083,6,227.225568
-2.140705,15,227.239237
-1.316113,12,227.250162
-0.631582,4,227.253873
-1.014849,6,227.259377
-5.559736,50,227.305465
-0.909287,6,227.311105
-1.928991,12,233.318743
-0.911953,5,233.323414
-0.368914,3,233.326261
-2.640287,15,233.339706
-2.764917,15,233.353094
-1.456805,13,233.365046
-1.159539,10,233.374132
-2.939214,16,233.388369
-1.383161,10,233.39766
-3.170569,50,233.445034
-1.007827,5,239.902804
-2.708686,16,239.919466
-3.730079,20,239.940331
-1.166179,12,239.953328
-1.328662,10,239.964441
-2.397963,15,239.980263
-3.373165,19,239.999206
-1.531315,10,240.008492
-1.363215,11,240.018597
-1.059213,10,240.027851
-0.730361,6,246.175882
-3.085466,17,246.191375
-0.532008,4,246.195102
-1.597096,12,246.20593
-2.841357,16,246.220552
-0.82124,5,246.225201
-1.996421,11,246.235257
-1.411587,9,246.243367
-0.786275,5,246.24799
-1.860105,13,246.25976
-3.262285,17,252.438415
-2.679724,13,252.45035
-2.425969,13,252.462245
-0.490311,4,252.465996
-4.081229,19,252.483368
-0.742793,9,252.494926
-0.706696,4,252.499303
-2.432188,13,252.513193
-1.912976,15,252.52901
-1.486202,11,252.541121
-3.518398,18,258.73005
-1.844927,11,258.740063
-2.225479,12,258.750959
-3.304686,17,258.766351
-5.649682,50,258.81131
-0.629557,8,258.818767
-3.04655,16,258.833205
-0.293049,3,258.83606
-0.609108,4,258.839768
-1.001009,8,258.846966
-2.161977,11,265.01225
-0.590343,4,265.016099
-1.189366,7,265.022658
-1.106186,7,265.029004
-2.168983,12,265.039872
-3.25825,18,265.056544
-3.275836,17,265.071881
-3.258366,50,265.116435
-4.014154,20,265.134933
-3.42862,18,265.151463
.712235,12,56.111907
-4.716846,50,56.222456
-0.773233,4,56.474521
-2.062916,12,56.505753
-1.511061,10,56.60977
-1.054126,9,56.666341
-1.95903,13,56.724245
-1.80504,12,56.7975
-6.192251,50,56.924013
-2.958254,15,57.187428
-2.715551,14,57.277698
-0.445101,3,57.345993
-4.276632,21,57.380046
-1.022293,11,57.495188
-0.944557,8,57.556669
-2.908197,16,57.61251
-3.960954,50,57.739693
-1.579621,11,57.997524
-3.787714,19,58.071035
-3.872199,19,58.328856
-2.206317,15,58.439481
-6.515885,50,58.561817
-6.537237,50,58.880186
-4.0065,26,59.155551
-3.051472,50,59.332186
-3.172794,17,59.629314
-0.267406,2,59.715179
-0.726507,5,59.730996
-1.228357,10,59.764373
-2.016255,13,59.825211
-2.295789,12,59.903262
-1.106756,11,59.974043
-1.378792,9,60.032865
-1.296019,10,60.085588
-2.279031,12,60.145991
-2.890994,15,60.220474
-3.858216,22,60.311577
-1.259765,11,60.430634
-5.942136,50,60.535369
-3.676857,22,60.814991
-1.090445,8,60.948055
-0.920508,5,60.992437
-0.202898,2,61.016453
-1.810348,12,61.038107
-0.737076,4,61.101134
-2.045334,14,61.155743
-2.521881,14,61.237006
-2.658496,15,61.344882
-1.313903,12,61.459093
-1.563679,12,61.528545
-0.760906,4,61.58909
-2.123226,13,61.622725
-2.055198,12,61.694045
-1.23567,10,61.773521
-1.395185,12,61.832772
-2.865299,14,61.909593
-1.081809,8,61.98471
-2.013021,14,62.03549
-3.980288,19,62.120396
-4.117963,21,62.232723
-2.692518,15,62.347441
-5.375818,50,62.472723
-0.62016,4,62.723964
-0.883898,10,62.75505
-0.715047,8,62.810914
-0.828553,5,62.852583
-2.021416,14,62.889742
-1.256844,11,62.970416
-2.362606,14,63.039345
-2.827609,15,63.119561
-0.611127,4,63.193029
-2.857619,15,63.228753
-0.971276,9,63.313093
-0.661568,4,63.357539
-0.864887,5,63.384792
-0.21862,2,63.413728
-0.948166,10,63.433493
-0.477535,3,63.481621
-2.896554,34,63.527724
-0.923994,5,63.720205
-0.625195,8,63.755859
-0.6396,6,63.801203
-0.916168,5,63.834084
-3.959556,50,63.907895
-1.81055,12,64.182423
-0.678375,4,64.244519
-1.85362,11,64.274553
-2.114338,12,64.344748
-0.267931,2,64.407295
-3.028871,16,64.575594
-2.402087,14,64.689544
-2.411271,16,64.796214
-2.924613,15,64.903705
-3.736739,50,65.027305
-2.208019,12,65.283828
-2.507418,14,65.354798
-2.304457,15,65.438833
-2.89048,15,65.526445
-0.865539,5,65.603382
-1.023614,10,65.639792
-0.391928,3,65.688224
-1.127945,8,65.708786
-2.154093,13,65.757646
-1.254435,10,65.830598
-0.942018,5,65.882568
-0.594092,4,65.907993
-1.176541,11,65.936946
-1.759493,11,66.003175
-3.227367,18,66.105908
-5.655653,50,66.242699
-1.718593,18,66.5209
-1.120988,6,66.615
-0.89882,5,66.64741
-0.573035,4,66.676568
-0.896922,10,66.7054
-2.652976,15,66.769587
-3.53738,18,66.857682
-2.201586,14,66.957647
-1.165697,9,67.029237
-1.430309,9,67.08223
-0.742213,9,67.131088
-3.086128,17,67.192083
-0.526405,4,67.277916
-1.602915,12,67.310484
-1.551344,12,67.379459
-0.967697,9,67.448422
-0.329045,3,67.49479
-0.514718,3,67.511102
-0.438712,3,67.531801
-1.711735,13,67.557327
-2.022771,13,67.632401
-5.669233,50,67.742509
-5.308751,50,68.037897
-1.513863,12,68.318663
-0.612268,4,68.384632
-2.539953,15,68.421239
-1.46119,11,68.507037
-0.902775,5,68.563399
-1.339294,10,68.598907
-4.74163,50,68.696866
-1.365519,11,68.955983
-0.635065,4,69.010887
-0.653401,4,69.033618
-1.035222,6,69.059052
-1.423461,12,69.10015
-5.891276,50,69.206159
-0.653379,4,69.469523
-1.381744,9,69.516048
-1.055179,9,69.570699
-0.618281,4,69.614749
-2.645062,15,69.647995
-2.975956,16,69.76395
-0.897184,6,69.847524
-1.92115,13,69.891319
-4.813163,50,70.003828
-1.526331,11,70.262943
-1.218233,10,70.327496
-2.121619,14,70.388463
-0.576398,4,70.457465
-2.166195,12,70.488672
-1.991969,12,70.555604
-0.21383,2,70.615762
-2.728898,16,70.795456
-1.620784,11,70.929537
-2.661199,15,70.994814
-3.736432,19,71.088495
-1.39586,11,71.191624
-1.905762,15,71.262266
-6.177816,50,71.384257
-2.783011,15,71.654387
-3.234226,16,71.745221
-5.51382,50,71.872694
-1.642128,11,72.130182
-3.036961,17,72.197179
-4.627773,50,72.328949
-0.40199,3,72.618575
-1.116445,9,72.641865
-1.69059,11,72.695997
-2.089461,15,72.760986
-3.316471,16,72.852678
-0.848498,5,72.935692
-5.297956,50,73.00669
-1.240259,8,73.261478
-0.513001,3,73.302921
-0.739136,5,73.323636
-1.234509,10,73.355549
-1.863924,13,73.415213
-1.001236,9,73.48899
-5.583573,50,73.580182
-1.788034,16,73.841641
-2.517471,13,73.939421
-1.786652,13,74.018724
-0.429969,3,74.083002
-2.654817,15,74.114214
-0.400637,3,74.184849
-1.328845,9,74.21084
-0.875775,9,74.260691
-0.675479,8,74.311463
-4.007669,50,74.39905
-1.517927,10,74.673726
-1.834923,13,74.733294
-4.219978,50,74.844381
-2.857722,16,75.128848
-4.037315,19,75.225345
-1.022306,9,75.326423
-0.698591,4,75.370263
-3.400023,18,75.407559
-2.763294,14,75.509048
-1.434919,10,75.586126
-5.904521,50,75.683193
-3.597685,18,75.945015
-0.407265,3,76.035877
-1.015609,8,76.060101
-3.462493,18,76.114007
-2.501656,16,76.217139
-3.108081,16,76.332193
-1.065551,5,76.413808
-2.468551,15,76.450057
-5.604605,50,76.574588
-2.928059,15,77.031596
-3.336064,17,77.120068
-0.821407,5,77.210003
-1.70975,12,77.243622
-2.426453,14,77.316459
-5.901699,50,77.4347
-1.455974,13,77.693745
-5.437667,50,77.808012
-1.106818,9,78.08855
-2.65926,15,78.149917
-1.718721,11,78.234467
-3.577565,50,78.335343
-1.710726,11,78.618818
-2.010612,14,78.708189
-2.575546,15,78.79031
-1.978343,13,78.871783
-1.566914,12,78.95757
-0.90197,6,79.041893
-4.363591,50,79.120606
-2.357603,13,79.377433
-1.66812,11,79.452269
-2.971837,15,79.522742
-2.817488,17,79.609155
-0.97316,5,79.696502
-0.428837,3,79.721733
-1.776575,12,79.749527
-1.932304,13,79.819217
-2.753839,15,79.896633
-0.861571,5,79.973156
-1.628946,13,80.007025
-0.583996,4,80.077322
-3.50386,18,80.129885
-2.060278,12,80.229798
-0.614037,4,80.291858
-0.754076,4,80.314585
-0.345267,3,80.336364
-2.567621,14,80.38181
-1.410075,11,80.462111
-0.714956,4,80.52151
-4.487227,50,80.59218
-3.534627,50,80.914555
-0.309359,3,81.164121
-2.591717,13,81.189985
-0.308596,3,81.257188
-0.409857,3,81.279763
-4.95804,50,81.351693
-4.471343,50,81.662915
-5.808826,50,81.963635
-1.681907,12,82.25562
-1.235993,10,82.325609
-0.968517,5,82.381082
-1.266224,20,82.424435
-0.343127,3,82.524818
-3.598967,18,82.559551
-0.650315,4,82.651065
-6.03215,50,82.720836
-0.697158,8,83.018367
-2.657998,18,83.075855
-0.390165,3,83.348829
-2.375697,14,83.377642
-0.737272,4,83.478278
-1.825414,13,83.511648
-1.111998,10,83.582475
-5.794782,50,83.680872
-1.442221,10,83.953473
-4.087186,20,84.022556
-0.595656,4,84.123639
-3.837949,20,84.162701
-4.304464,50,84.309113
-1.868937,13,84.579768
-2.007916,12,84.653915
-0.441008,3,84.713234
-1.869234,12,84.742263
-2.361252,15,84.813792
-3.318873,17,84.902098
-0.600356,4,84.989094
-2.554657,16,85.025203
-1.613826,12,85.118047
-0.596566,4,85.181078
-0.517259,4,85.204414
-0.779713,10,85.251318
-0.866925,10,85.313597
-1.556472,13,85.373871
-0.937719,5,85.439435
-2.628039,14,85.479131
-5.1121,50,85.596493
-4.669125,50,85.917973
-2.596399,14,86.199655
-0.533165,6,86.272422
-2.07434,14,86.314898
-3.325545,17,86.400136
-0.44451,4,86.48262
-0.389944,3,86.505249
-0.996404,6,86.527138
-2.602973,16,86.570748
-0.811195,11,86.678731
-2.474079,16,86.746345
-3.089894,24,86.849235
-2.46839,16,86.983509
-0.477883,3,87.063693
-1.090298,10,87.091195
-0.904443,5,87.142708
-2.741219,19,87.183837
-2.294336,13,87.291508
-1.632471,13,87.373818
-0.660424,4,87.443004
-0.25917,3,87.464109
-3.07405,16,87.492224
-1.327785,10,87.594697
-0.642793,4,87.648724
-6.045162,50,87.716823
-0.628273,4,87.971781
-0.883519,5,87.997154
-2.361889,15,88.037829
-3.040905,17,88.122943
-0.668254,4,88.220287
-3.013386,16,88.267297
-0.935903,5,88.34758
-0.383479,3,88.37466
-0.896423,5,88.396147
-1.562146,10,88.428642
-3.757731,19,88.495821
-0.171454,2,88.613271
-0.814865,10,88.634236
-0.513653,4,88.688473
-4.4411,24,88.731602
-1.064873,10,88.876692
-2.476053,13,88.937048
-2.594888,15,89.013839
-1.618785,12,89.097023
-2.020775,13,89.166279
-0.530057,4,89.232236
-0.615399,4,89.256227
-3.485043,18,89.292959
-0.270433,3,89.383968
-3.537302,20,89.548352
-0.473283,3,89.650338
-1.65718,11,89.674245
-2.604186,14,89.741516
-0.657402,4,89.813312
-0.884178,5,89.851829
-3.11799,17,89.900589
-2.384953,13,89.998873
-0.891735,5,90.06423
-2.695201,13,90.103098
-0.410186,3,90.164478
-2.923977,15,90.195213
-3.508199,19,90.282295
-1.030985,9,90.388824
-1.867655,13,90.442963
-0.351718,3,90.510214
-0.303632,3,90.52572
-1.58872,11,90.553351
-2.201714,13,90.617269
-2.252063,15,90.694655
-1.232016,11,90.776912
-0.505075,4,90.836135
-0.394852,3,90.858306
-0.729501,5,90.877568
-0.57415,4,90.906788
-2.553735,14,90.939968
-1.877996,11,91.019012
-3.458932,20,91.087493
-1.481652,11,91.198077
-1.771735,11,91.264747
-1.235198,11,91.328418
-3.276774,17,91.400266
-1.502171,11,91.487884
-4.482875,50,91.59098
-1.496857,11,91.846027
-0.87945,5,91.904287
-2.164749,13,91.941999
-0.702068,4,92.005018
-1.071865,9,92.032448
-0.299684,3,92.095783
-5.352912,50,92.161748
-0.627974,4,92.413892
-3.843158,50,92.483169
-3.946116,19,92.773348
-4.025874,20,92.868001
-2.899934,15,92.953536
-2.98149,17,93.020026
-1.092142,10,93.088863
-0.62952,4,93.126709
-2.281561,13,93.1551
-0.927227,6,93.204118
-0.383535,4,93.228533
-1.05627,10,93.25287
-1.235135,12,93.300343
-0.624017,4,93.3448
-0.929168,5,93.363599
-2.775375,15,93.39807
-2.364927,14,93.462617
-1.45449,11,93.520798
-0.604161,4,93.563342
-1.475478,10,93.586905
-2.465978,15,93.637089
-0.700925,4,93.690798
-1.712926,11,93.715713
-0.706316,5,93.758981
-2.492044,13,93.788807
-4.56242,50,93.88395
-0.719554,4,94.055954
-1.113556,11,94.080693
-1.47236,10,94.13447
-0.679366,5,94.184777
-2.568525,14,94.223988
-1.134897,9,94.298417
-5.246977,50,94.388822
-1.224192,12,94.646152
-2.4449,15,94.717568
-1.957758,14,94.80748
-2.266234,13,94.892868
-5.543265,50,95.168862
-0.3393,3,95.421918
-0.719743,5,95.443046
-3.265147,17,95.483127
-1.46032,11,95.576698
-1.150985,11,95.637857
-3.393408,22,95.711656
-5.637075,50,95.868079
-2.961849,15,96.157366
-1.152084,12,96.239067
-0.872858,5,96.299589
-4.111044,21,96.347026
-1.709057,13,96.458841
-0.942465,5,96.527327
-0.562276,7,96.570456
-0.841049,5,96.614288
-0.493872,4,96.640129
-1.591935,10,96.66868
-1.653617,11,96.72672
-3.007999,15,96.79641
-2.373476,16,96.882436
-3.590635,23,96.982052
-1.587135,11,97.106452
-2.342036,13,97.17355
-0.780721,5,97.240751
-2.711041,14,97.277934
-3.837363,19,97.364927
-2.133069,13,97.469798
-0.683455,4,97.534379
-2.789082,14,97.567185
-1.494383,14,97.648875
-1.152382,9,97.728406
-0.947155,5,97.778038
-0.872569,9,97.809063
-1.586131,12,97.865181
-1.204037,12,97.937727
-0.505701,4,97.999171
-2.040759,15,98.032959
-2.924429,17,98.120471
-3.139567,18,98.241405
-2.110823,12,98.341758
-0.627824,5,98.405532
-1.829265,15,98.441364
-1.720366,11,98.527057
-0.73082,5,98.580651
-2.824817,17,98.622988
-0.725768,4,98.706059
-0.23563,2,98.727663
-5.237783,50,98.786867
-3.453558,21,99.082567
-1.692871,13,99.199083
-0.947073,9,99.266974
-1.116533,11,99.321866
-3.384062,16,99.389829
-1.290863,9,99.47674
-0.218531,2,99.523763
-2.531509,16,99.549268
-1.838845,12,99.636509
-0.637656,4,99.69648
-3.797776,19,99.734335
-0.73832,5,99.830591
-1.228831,11,99.866886
-1.729002,12,99.928351
-3.539217,50,100.037103
-6.543687,50,100.33284
-0.512701,3,100.580956
-0.511328,4,100.600786
-0.298082,3,100.622384
-1.92687,12,100.647378
-2.402,15,100.715686
-1.272581,12,100.799708
-3.629811,18,100.881062
-2.233786,13,100.982051
-1.285978,11,101.05391
-5.209077,50,101.340699
-2.061313,13,101.66925
-6.920433,50,101.786785
-1.300853,11,102.065618
-1.300487,8,102.129391
-1.470122,11,102.178223
-2.676771,18,102.244979
-3.365864,17,102.351464
-3.193829,50,102.484905
-0.386796,4,102.760353
-0.480641,4,102.783641
-0.430533,3,102.805745
-3.07743,16,102.834335
-1.403372,13,102.94685
-0.961506,5,103.016963
-4.433539,22,103.076247
-1.782015,25,103.207556
-2.039713,15,103.392176
-0.713368,5,103.467805
-4.014111,50,103.542485
-1.523957,11,103.798477
-1.915638,14,103.86574
-5.88722,50,103.98417
-0.869592,9,104.272834
-2.729108,17,104.336561
-0.60443,4,104.419822
-3.473276,18,104.456623
-2.907992,15,104.558604
-0.542677,4,104.636753
-1.387078,12,104.668831
-2.979642,16,104.739489
-2.122278,14,104.828339
-2.862999,16,104.910514
-4.323053,20,105.006029
-0.805369,9,105.111301
-1.165356,10,105.160325
-1.175716,10,105.216045
-0.955332,5,105.2681
-3.686759,19,105.331435
-2.789005,16,105.436386
-3.947686,50,105.561671
-1.744438,15,105.857048
-0.56892,4,105.938123
-2.237832,15,105.972908
-2.313139,13,106.055418
-1.193718,9,106.128125
-0.682307,4,106.173249
-0.92835,5,106.196879
-4.830289,50,106.271678
-5.825967,50,106.594564
-4.087348,50,106.89138
-1.638512,12,107.166663
-2.009907,12,107.239609
-0.798409,5,107.3033
-2.084877,11,107.336048
-7.114448,50,107.603346
-3.020291,15,107.86461
-2.56461,14,107.949616
-4.179741,50,108.06658
-0.493876,4,108.312155
-1.63403,11,108.342208
-0.727177,4,108.414141
-1.38033,11,108.452918
-0.398762,3,108.505813
-4.22668,20,108.541082
-2.787312,16,108.655414
-3.012495,15,108.761041
-1.597347,12,108.845456
-0.803618,5,108.931175
-1.384783,12,108.97121
-0.952007,5,109.034635
-0.62074,4,109.059861
-0.660735,4,109.081664
-2.808606,14,109.116527
-0.419025,3,109.187125
-2.25217,15,109.218781
-2.91191,16,109.304308
-0.389393,3,109.386588
-1.662192,11,109.413482
-1.078929,9,109.471835
-1.95458,13,109.529581
-1.738397,13,109.629498
-1.87445,14,109.706829
-0.93892,5,109.777981
-1.211012,9,109.809056
-2.125784,13,109.888868
-1.042774,8,109.955655
-0.574398,4,109.995869
-5.832505,50,110.065587
-2.022944,13,110.327944
-0.807647,5,110.3988
-3.489007,17,110.437806
-0.358322,3,110.525457
-1.468272,12,110.55152
-0.896252,5,110.614588
-3.101853,17,110.656797
-3.949971,19,110.755662
-1.895686,13,110.865355
-0.324926,3,110.93086
-3.380926,17,110.963665
-1.752108,13,111.05442
-1.810223,12,111.129087
-1.744137,14,111.200351
-1.319313,11,111.279508
-1.410509,11,111.354518
-3.650827,50,111.460946
-0.630468,4,111.712024
-2.116333,11,111.742226
-1.819046,14,111.826054
-3.613325,19,111.915696
-3.561509,18,112.045763
-3.346465,17,112.148533
-1.243382,10,112.239074
-0.859622,7,112.293352
-3.234834,17,112.3469
-0.693289,4,112.429585
-3.892078,19,112.467951
-2.505444,14,112.59555
-1.529206,12,112.676838
-3.245386,50,112.785454
-2.788496,15,113.069984
-0.896971,10,113.148506
-0.733246,5,113.200895
-2.520333,15,113.263294
-0.49348,3,113.337614
-1.673726,12,113.366977
-0.54273,4,113.429862
-1.965483,13,113.460735
-2.597198,13,113.533454
-0.406783,4,113.602105
-3.156638,17,113.637691
-0.361322,4,113.72819
-1.301827,12,113.880084
-3.831711,18,113.956605
-0.627462,4,114.045989
-4.107937,19,114.084088
-1.521609,15,114.191756
-0.697245,5,114.26802
-2.805789,14,114.307332
-2.982055,15,114.4049
-0.486544,4,114.478117
-1.427578,12,114.510672
-0.557772,6,114.571296
-1.130738,7,114.605518
-0.473318,4,114.642693
-0.670273,4,114.665385
-3.565109,18,114.701951
-3.311368,21,114.810458
-2.13767,14,114.969846
-3.028598,16,115.057092
-0.544826,4,115.136382
-2.76138,16,115.170758
-1.111554,9,115.255882
-0.849117,5,115.306365
-0.444197,3,115.330788
-1.265951,10,115.356138
-0.824599,5,115.409275
-1.797798,13,115.444964
-1.76733,12,115.522158
-1.421186,11,115.589508
-0.906495,8,115.647855
-0.441335,5,115.691017
-0.97098,5,115.720908
-4.015389,20,115.762198
-2.851425,16,115.873707
-3.201939,16,115.96646
-5.846948,50,116.092037
-0.527144,4,116.341904
-3.718801,19,116.381663
-1.126004,11,116.48681
-1.807844,11,116.548331
-1.599243,13,116.617131
-4.181348,21,116.70087
-1.630144,10,116.816237
-1.308699,9,116.872813
-3.040688,18,116.931425
-3.815011,18,117.036665
-0.96295,6,117.130239
-3.101236,15,117.173332
-2.002933,15,117.297702
-0.817974,9,117.380081
-0.478397,4,117.429503
-0.860099,5,117.452458
-0.925554,5,117.478683
-2.684384,14,117.516334
-0.307275,3,117.585334
-2.751256,16,117.61393
-2.480628,14,117.707174
-2.018982,13,117.786302
-0.534159,4,117.860523
-2.625891,14,117.898252
-2.978289,17,118.007421
-0.490749,4,118.092208
-0.606006,4,118.115966
-0.649268,8,118.153466
-2.925578,18,118.210283
-1.970265,13,118.309012
-1.129191,6,118.381401
-0.583116,4,118.412966
-0.424574,3,118.434171
-2.479463,17,118.462829
-0.420201,3,118.547509
-0.693701,4,118.564202
-2.40874,16,118.599719
-2.361502,15,118.714162
-1.854345,14,118.804611
-0.467513,3,118.878441
-1.521415,11,118.903759
-2.680197,16,118.986718
-2.962575,15,119.080324
-0.343316,3,119.153418
-2.482461,16,119.186673
-2.395329,14,119.278336
-0.289709,3,119.348526
-0.639613,4,119.375023
-1.403738,12,119.417208
-1.039748,8,119.480507
-2.70294,14,119.554013
-3.312265,17,119.638181
-1.12248,11,119.731593
-2.431685,16,119.80058
-1.380199,11,120.046349
-1.158494,9,120.110985
-2.196522,14,120.164833
-2.658995,16,120.248606
-1.898816,13,120.336794
-5.433816,50,120.473947
-4.105814,50,120.770142
-1.884071,11,121.058387
-0.315798,3,121.113088
-0.550925,4,121.133419
-3.747249,19,121.170817
-2.900912,15,121.275178
-1.192045,8,121.37597
-0.762054,9,121.438627
-0.660019,8,121.5086
-1.99661,13,121.56108
-1.446714,9,121.636954
-3.212685,16,121.694203
-1.293804,11,121.783333
-2.925031,17,121.855918
-2.037435,14,121.952483
-0.992051,8,122.027367
-0.303696,3,122.067848
-3.15692,16,122.098925
-4.189485,20,122.19723
-1.527224,11,122.305204
-2.629667,15,122.369786
-1.683795,12,122.455386
-0.261217,3,122.514449
-3.329366,20,122.546801
-1.114112,11,122.654001
-1.028458,9,122.737963
-0.913144,9,122.789648
-5.225627,50,122.882866
-3.333266,17,123.159721
-3.887947,19,123.258003
-5.439427,50,123.401498
-3.162859,16,123.690726
-5.315799,50,123.825891
-0.907494,11,124.10804
-1.005357,10,124.172337
-4.105469,19,124.239745
-1.671036,12,124.347238
-1.05784,9,124.414506
-0.80266,5,124.459913
-3.594145,19,124.504739
-1.68177,12,124.627558
-2.547645,15,124.700276
-5.717384,50,124.827781
-2.040485,14,125.108506
-0.729665,4,125.180305
-1.074038,10,125.209596
-5.368923,50,125.308871
-3.701034,18,125.570867
-1.081575,11,125.711142
-1.911614,14,125.778167
-1.34568,10,125.857261
-1.22507,10,125.934986
-1.230023,9,125.993289
-2.722664,17,126.052781
-1.286437,12,126.146528
-1.513072,10,126.351333
-1.889922,14,126.41433
-2.965969,15,126.493199
-1.792224,14,126.580617
-2.805382,16,126.661931
-0.984948,6,126.742931
-0.403242,3,126.773076
-2.042917,14,126.799969
-2.920393,15,126.885813
-0.878072,5,126.961354
-1.31242,10,126.992698
-3.343475,18,127.059292
-0.754671,4,127.152353
-0.728856,4,127.174976
-2.956091,17,127.209875
-2.211587,15,127.310843
-0.81408,5,127.388218
-0.884526,5,127.41774
-1.783836,14,127.452798
-2.844071,15,127.535188
-2.378089,16,127.624159
-2.883748,14,127.714571
-1.683936,17,127.797307
-0.976851,5,127.884909
-1.015764,5,127.91431
-1.21142,7,127.941883
-1.168115,10,127.986113
-1.624518,13,128.044891
-1.68786,11,128.116141
-0.502538,4,128.173019
-2.997374,14,128.205134
-3.14871,17,128.290119
-1.615264,12,128.385943
-1.931839,13,128.455666
-3.349276,17,128.535607
-3.028288,16,128.634426
-3.406562,20,128.750206
-0.223425,3,128.878018
-3.363611,20,128.916111
-2.431254,14,129.029395
-1.674099,11,129.106616
-4.203579,50,129.207043
-0.701444,7,129.500902
-1.05269,6,129.545237
-4.154561,50,129.625663
-1.109543,6,129.880318
-0.457917,3,129.912058
-0.257339,2,129.927062
-1.70772,11,129.948468
-0.512353,4,130.030825
-2.944489,16,130.066959
-1.6358,11,130.154644
-3.388647,18,130.221662
-2.051696,11,130.320083
-0.360806,3,130.375592
-0.581288,4,130.393506
-0.897089,6,130.418932
-2.452579,15,130.460895
-0.559908,4,130.53949
-0.735575,4,130.563314
-0.555764,4,130.587278
-0.487713,3,130.608187
-1.639183,13,130.633042
-0.589405,4,130.702635
-1.661776,11,130.732399
-3.376191,50,130.852211
-1.938688,12,131.146371
-2.125268,14,131.243314
-3.133197,16,131.327203
-4.237615,50,131.456548
-2.20178,13,131.717115
-0.653558,4,131.788921
-1.322455,9,131.817137
-3.043611,16,131.877126
-3.656773,18,131.973606
-5.481209,50,132.111629
-3.358749,18,132.502564
-5.796292,50,132.639241
-0.875583,9,132.901751
-1.256446,11,132.965439
-3.316556,18,133.03441
-1.749724,11,133.131568
-0.806752,10,133.198213
-1.520741,13,133.261805
-2.318885,14,133.336053
-0.319132,3,133.436337
-0.750144,6,133.469609
-2.14035,14,133.514948
-0.268179,3,133.586465
-0.770453,5,133.605236
-2.180861,13,133.64483
-1.79958,12,133.720014
-0.645301,4,133.783276
-4.775863,50,133.87287
-2.507581,14,134.165892
-3.24694,17,134.279559
-2.976234,16,134.381361
-0.814739,5,134.461148
-0.827828,7,134.489444
-2.113984,12,134.535828
-0.776745,7,134.619506
-5.631903,50,134.704246
-0.276159,3,134.952919
-2.578342,15,134.985639
-1.187328,11,135.06897
-0.880538,10,135.133491
-3.513509,18,135.198267
-1.315991,12,135.2997
-3.020236,17,135.377054
-0.85254,5,135.463606
-5.507803,50,135.538884
-0.755031,4,135.755735
-0.670466,4,135.774727
-6.450601,50,135.839685
-2.411702,14,136.135315
-1.727984,12,136.26117
-2.095907,14,136.34048
-2.972597,17,136.436273
-4.200237,50,136.576328
-1.466708,11,136.956747
-3.148632,17,137.032607
-0.951403,5,137.11816
-1.136961,9,137.153033
-3.306755,17,137.239145
-2.539049,14,137.338131
-1.479972,11,137.415435
-3.055099,18,137.485235
-0.415624,3,137.573534
-5.628648,50,137.654811
-6.210855,50,137.951556
-1.865286,12,138.208132
-0.536413,4,138.270327
-2.820259,16,138.305204
-1.916927,16,138.396896
-0.501788,3,138.477043
-2.246684,15,138.506664
-1.307954,9,138.58721
-2.704921,15,138.642293
-0.311151,3,138.74006
-1.262894,11,138.768556
-0.534841,4,138.825575
-3.389256,20,139.0435
-1.316741,12,139.152648
-3.636616,21,139.249444
-2.843238,20,139.36766
-2.285483,16,139.508849
-2.5842,16,139.618378
-2.070684,14,139.708222
-5.657195,50,139.822453
-0.956669,6,140.092938
-2.57603,16,140.139666
-2.062116,18,140.234649
-1.457954,11,140.331274
-0.930433,6,140.390607
-3.386139,18,140.436007
-4.091535,19,140.565736
-3.050774,17,140.673697
-0.796283,4,140.768196
-3.434019,19,140.822428
-1.799247,13,140.93582
-3.178635,18,141.04633
-1.383172,12,141.148399
-1.807303,15,141.220819
-1.38005,12,141.303153
-2.087738,15,141.376237
-1.165233,10,141.479873
-2.133995,15,141.544003
-1.556732,10,141.625595
-1.45014,10,141.681772
-0.366056,3,141.730608
-1.306593,11,141.756657
-0.318639,3,141.809587
-0.299559,3,141.830197
-0.36155,3,141.848099
-1.70625,12,141.880178
-1.599612,11,141.958157
-1.152711,11,142.024019
-1.183804,10,142.090439
-0.280672,3,142.140192
-1.372694,12,142.1662
-0.423249,3,142.227069
-2.244075,14,142.256905
-1.697361,14,142.337552
-1.562943,12,142.44267
-2.087681,13,142.513109
-3.885837,18,142.593691
-0.687732,5,142.682441
-6.128867,50,142.759439
-1.715453,12,143.016771
-0.379371,3,143.08645
-0.470406,3,143.108556
-1.040851,6,143.133356
-2.267378,15,143.177701
-3.831542,50,143.299738
-1.16566,12,143.570827
-2.654933,15,143.644665
-0.780205,6,143.724187
-0.634284,4,143.756125
-2.812786,16,143.790247
-3.194918,16,143.91106
-2.924565,17,144.007464
-2.768239,14,144.101127
-1.77435,12,144.180535
-2.015191,19,144.256166
-1.213411,9,144.363515
-2.827887,17,144.456615
-0.709396,4,144.59364
-0.981074,10,144.633202
-1.241231,10,144.716618
-2.140907,12,144.797534
-0.475884,4,144.872109
-2.281082,12,144.908781
-2.491157,15,144.981778
-1.123637,6,145.058884
-4.809906,50,145.313138
-2.862989,16,145.574466
-1.941512,13,145.664288
-1.512592,15,145.742249
-2.836363,16,145.843874
-0.708596,9,145.931454
-1.438705,12,145.987606
-0.993159,10,146.07058
-5.820353,50,146.167722
-0.945857,6,146.423043
-5.158855,50,146.501814
-0.802764,5,146.753722
-0.733272,5,146.78084
-0.699859,4,146.812629
-0.51124,4,146.835788
-2.151388,14,146.868223
-1.375873,13,146.967219
-1.749799,14,147.043843
-2.593539,15,147.127943
-0.69145,5,147.20617
-2.994994,17,147.24527
-6.468216,50,147.379261
-0.487784,4,147.631881
-4.407408,21,147.672608
-0.822226,9,147.78359
-0.528434,4,147.833771
-0.583085,4,147.856173
-0.695451,4,147.897256
-1.009484,5,147.926011
-1.890236,12,147.961396
-1.433349,12,148.030692
-3.374374,18,148.107068
-1.966451,14,148.210123
-3.032648,17,148.293339
-2.513188,14,148.431952
-2.405188,15,148.524369
-5.75295,50,148.665336
-0.453727,4,148.943379
-2.504891,16,148.978631
-1.599135,10,149.062928
-3.764118,20,149.129571
-2.633036,15,149.241468
-0.526036,4,149.321006
-1.062258,8,149.348454
-1.725019,12,149.399557
-3.003853,17,149.472977
-3.501165,18,149.570349
-0.988148,10,149.66501
-0.957557,8,149.719904
-0.819298,10,149.770834
-5.396571,50,149.868815
-5.749165,50,150.163272
-0.494383,3,150.410846
-1.95143,13,150.441416
-0.573294,4,150.505365
-0.905093,6,150.52995
-0.810094,6,150.563477
-1.006979,5,150.596562
-0.906624,7,150.629118
-0.831608,5,150.664186
-0.74382,4,150.692375
-2.594168,15,150.72677
-1.547605,11,150.821214
-0.998761,6,150.892253
-0.802274,5,150.963252
-0.549691,4,151.000943
-0.874672,6,151.028619
-0.962235,5,151.064598
-1.248763,10,151.103226
-0.307594,3,151.157406
-0.309692,3,151.174154
-3.33462,17,151.207773
-0.755502,5,151.291294
-4.713335,50,151.50812
-2.866745,16,151.77325
-1.339763,12,151.859895
-1.150496,8,151.925786
-1.385355,10,151.977195
-0.429702,3,152.026922
-0.677211,5,152.045571
-2.084877,14,152.084898
-0.711537,8,152.159537
-2.534234,14,152.211981
-1.969242,14,152.293293
-1.76941,12,152.372493
-1.769708,11,152.443689
-2.819238,15,152.511989
-1.19514,11,152.593902
-1.641948,12,152.658059
-1.504137,12,152.759786
-0.749511,5,152.825637
-0.478253,3,152.857019
-1.926084,12,152.885466
-0.332698,4,152.951303
-3.724936,19,153.013856
-4.10902,19,153.130606
-2.516452,16,153.236012
-3.4939,18,153.331545
-0.385144,3,153.442907
-3.358651,18,153.478761
-2.687894,15,153.582105
-2.132585,12,153.665459
-4.832433,50,153.770594
-0.902318,10,154.025638
-0.965489,11,154.083858
-1.542714,10,154.148582
-0.483938,4,154.200057
-2.199011,13,154.231968
-2.479536,16,154.308067
-1.920424,14,154.398349
-0.375986,3,154.466584
-2.243336,13,154.496074
-1.578451,13,154.567695
-2.146157,13,154.644546
-0.254538,3,154.707877
-2.677918,17,154.741878
-1.181838,11,154.834704
-3.206182,18,154.911142
-0.253069,3,155.001576
-2.326394,15,155.030094
-0.638169,5,155.107801
-1.925371,14,155.144667
-1.126016,11,155.223967
-3.384775,18,155.320635
-2.801923,15,155.423921
-1.964652,13,155.50822
-1.404134,11,155.603347
-3.395273,19,155.674453
-1.63663,12,155.777261
-0.731603,5,155.841541
-1.936183,13,155.877484
-1.080016,6,155.947284
-1.469644,12,155.98811
-0.232319,3,156.049772
-2.417613,13,156.075382
-2.482481,16,156.15252
-5.465407,50,156.27929
-0.866334,5,156.535978
-2.092267,15,156.573271
-1.379429,11,156.658552
-1.11962,12,156.720573
-1.882262,11,156.790232
-1.242033,10,156.855225
-3.041817,16,156.920418
-1.74124,11,157.009405
-1.090989,7,157.069336
-1.528118,11,157.11419
-0.656052,7,157.170779
-3.080595,19,157.22575
-3.447993,18,157.333327
-5.683642,50,157.600627
-1.518034,14,157.860751
-0.441412,4,157.933001
-0.633009,4,157.95558
-1.992885,14,157.988302
-1.671939,13,158.066629
-3.292902,17,158.146568
-3.359673,18,158.245412
-3.517131,18,158.353252
-4.086241,50,158.517795
-3.236387,18,158.8143
-0.575091,4,158.907874
-0.356307,3,158.929349
-0.74185,5,158.949366
-2.036862,12,158.981935
-2.243463,13,159.054518
-3.659054,19,159.135696
-1.678222,13,159.239605
-3.038636,16,159.321358
-0.969335,8,159.406633
-2.611331,16,159.460998
-0.431917,3,159.541875
-2.894421,15,159.569889
-0.947613,5,159.670296
-0.654199,4,159.697315
-0.739528,5,159.720967
-1.84293,12,159.75785
-2.341964,18,159.835727
-0.772904,5,159.924605
-3.364916,50,159.997158
-0.58283,4,160.245329
-0.248158,3,160.268205
-1.22804,10,160.295041
-2.896001,17,160.35787
-3.323265,18,160.468925
-2.985989,17,160.573691
-1.653233,13,160.670246
-2.343041,15,160.743949
-2.184431,15,160.83473
-1.697896,12,160.920108
-3.92045,19,160.996781
-1.051645,9,161.098562
-1.151358,10,161.147574
-3.981244,32,161.226589
-1.727888,11,161.395783
-3.182147,17,161.467802
-2.205733,15,161.587644
-2.047823,13,161.689166
-0.468923,3,161.760246
-2.853568,15,161.814229
-0.357356,3,161.895296
-3.244924,50,161.965717
-0.63237,4,162.233665
-0.85161,5,162.258736
-0.560433,4,162.285975
-3.118561,16,162.337799
-1.503862,12,162.447465
-3.416165,19,162.524704
-0.65722,4,162.622236
-0.855803,6,162.647918
-1.912198,11,162.68824
-1.77172,11,162.747458
-2.431904,15,162.815473
-1.165197,10,162.915068
-0.598672,4,162.965655
-0.949322,10,162.994706
-2.511489,16,163.05745
-0.706332,4,163.139569
-3.963679,20,163.178744
-1.244692,9,163.284079
-2.306088,13,163.341978
-1.426221,12,163.418314
-3.689952,22,163.49695
-0.308621,3,163.604743
-0.892844,5,163.625775
-2.860134,16,163.66467
-0.919355,5,163.770547
-2.058487,14,163.810589
-5.537766,50,164.084914
-3.925268,20,164.374332
-0.851469,5,164.498004
-2.177524,15,164.536439
-0.627426,4,164.616062
-0.774596,4,164.639791
-2.901625,17,164.675697
-3.790105,19,164.792031
-1.973055,11,164.896344
-2.137224,13,164.961376
-5.670251,50,165.075015
-0.736053,4,165.34499
-0.667054,5,165.370566
-3.567537,19,165.414553
-1.316143,12,165.542446
-0.524719,4,165.60539
-0.872408,6,165.630076
-3.109365,18,165.677602
-2.519661,16,165.782546
-5.744353,50,165.910499
-1.213114,11,166.169311
-3.058095,15,166.236786
-5.233985,50,166.361969
-0.700619,4,166.612833
-2.615625,16,166.648027
-1.250466,12,166.738719
-2.411933,16,166.811813
-0.941159,8,166.909875
-1.090039,9,166.961464
-1.423504,14,167.01961
-1.813414,12,167.098315
-2.122417,14,167.169224
-0.929194,5,167.241881
-0.586969,4,167.285478
-0.832383,6,167.316708
-1.061484,10,167.371831
-1.736278,14,167.435689
-3.457615,18,167.524005
-3.252864,18,167.646354
-0.60691,4,167.738388
-4.943422,50,167.806205
-1.233665,8,168.08926
-1.243629,12,168.139561
-1.351958,9,168.206985
-1.583346,10,168.256209
-6.116154,50,168.354664
-2.542152,16,168.658077
-1.063544,13,168.749518
-2.727251,16,168.82817
-0.611647,4,168.909199
-3.455137,19,168.946272
-2.430953,16,169.071076
-2.644687,15,169.175261
-0.645044,5,169.258117
-2.285429,15,169.29522
-1.987881,13,169.382212
-2.307739,14,169.479644
-2.141066,12,169.572917
-2.154678,15,169.645833
-1.347338,10,169.72813
-0.75381,5,169.780401
-0.897543,5,169.808881
-3.670457,19,169.853631
-0.820013,5,169.948432
-1.980974,14,169.988472
-2.318923,16,170.073664
-2.807156,15,170.163416
-0.795128,5,170.237245
-1.270631,10,170.393046
-2.223221,12,170.451936
-0.781544,5,170.514614
-1.712649,12,170.548795
-0.81971,5,170.608599
-0.625241,4,170.638297
-2.075699,14,170.672211
-2.23809,13,170.752832
-3.606605,19,170.848109
-0.870796,5,170.945876
-3.822788,50,171.017658
-5.309322,50,171.312606
-1.900869,14,171.562438
-2.146946,14,171.641532
-0.187443,2,171.709563
-0.873449,5,171.725081
-0.472118,3,171.753603
-3.816612,19,171.788737
-1.632787,13,171.896362
-1.113152,10,171.96813
-0.620556,4,172.040383
-1.505245,13,172.075788
-1.31906,12,172.153076
-0.509769,4,172.212674
-3.324684,18,172.249487
-2.972772,17,172.354461
-1.417804,9,172.4453
-1.959875,11,172.498928
-0.261138,3,172.553554
-1.876971,13,172.584706
-5.304784,50,172.693039
-5.447507,50,173.046514
-1.135602,7,173.322894
-1.007878,6,173.371468
-0.785949,9,173.41638
-5.411119,50,173.531093
-0.633941,4,173.832458
-0.499089,3,173.858067
-2.367607,14,173.891823
-1.597201,13,173.976406
-2.637637,13,174.080087
-1.86764,11,174.157192
-1.725774,14,174.221943
-2.270141,13,174.301649
-2.654282,17,174.381862
-2.595496,14,174.489177
-1.267485,10,174.570738
-1.239839,11,174.632909
-3.318639,17,174.731898
-3.78901,21,174.864578
-1.036672,8,174.975513
-3.3912,16,175.030656
-2.17933,14,175.122238
-0.308043,3,175.191816
-1.121583,8,175.212777
-0.461941,4,175.253116
-1.1255,9,175.280519
-3.327878,21,175.346239
-0.627816,4,175.452655
-1.221863,11,175.482823
-3.107315,50,175.586804
-0.870092,5,175.837613
-2.230147,14,175.875512
-0.838795,10,175.953837
-2.407933,14,176.01487
-0.374805,3,176.087562
-0.795201,8,176.112235
-1.607161,13,176.164294
-0.25462,2,176.226645
-1.669242,11,176.248539
-1.047563,9,176.310875
-0.926623,5,176.356699
-1.351804,9,176.39279
-5.683966,50,176.638064
-0.331097,3,176.890867
-3.05254,16,176.924081
-0.305477,3,177.004088
-2.293693,15,177.034791
-0.976336,10,177.115388
-0.518691,4,177.166082
-2.351376,14,177.198711
-2.05297,12,177.277902
-1.442533,10,177.344675
-2.364071,14,177.407546
-1.398606,10,177.486887
-1.237995,10,177.545282
-2.048383,13,177.607334
-0.358158,3,177.670646
-1.185882,7,177.693341
-3.222047,18,177.744141
-0.994649,6,177.837513
-2.10779,13,177.880565
-1.996393,14,177.960277
-0.481682,4,178.032366
-0.322015,3,178.054135
-1.664044,10,178.076131
-1.364284,12,178.135491
-2.480953,16,178.210194
-3.462795,19,178.327789
-1.201192,11,178.434326
-0.25656,2,178.486683
-0.945131,8,178.507988
-0.517665,6,178.550238
-1.105647,9,178.586825
-3.723768,19,178.649197
-0.670604,4,178.746113
-0.339066,3,178.768232
-1.626903,12,178.796328
-0.355671,3,178.854834
-2.767655,15,178.884296
-1.20686,11,178.969128
-3.623773,50,179.070666
-0.310689,3,179.318141
-0.513915,4,179.340012
-3.655052,50,179.410444
-0.54461,4,179.683135
-0.670918,4,179.706861
-1.233606,12,179.739587
-2.619818,16,179.812414
-1.194025,11,179.898013
-0.597809,4,179.944091
-0.976999,6,179.967955
-0.829882,6,180.002234
-1.762689,13,180.042901
-2.710753,17,180.123538
-0.255813,2,180.207975
-0.701479,5,180.222559
-2.797471,14,180.261098
-2.582254,16,180.342915
-3.200071,17,180.437088
-1.800118,14,180.530771
-0.853494,9,180.607697
-0.7445,4,180.654706
-0.962095,6,180.679344
-0.908101,9,180.715731
-3.097956,16,180.770684
-4.125876,21,180.870791
-3.869963,50,181.02674
-2.8565,16,181.284679
-0.85884,9,181.371392
-5.289795,50,181.464306
-1.933012,14,181.72659
-2.36803,15,181.830121
-1.072697,6,181.908852
-2.557935,16,181.951888
-0.343459,3,182.031538
-2.704854,14,182.058627
-2.817969,15,182.148047
-1.105523,10,182.233417
-2.241528,15,182.296917
-0.300319,3,182.370892
-3.554705,19,182.407159
-0.184888,2,182.49885
-0.813787,4,182.513713
-2.387657,17,182.55064
-0.740626,5,182.829193
-3.831906,28,182.879498
-2.888911,16,183.031963
-0.960426,10,183.117605
-3.016433,17,183.182674
-1.009017,5,183.270906
-0.754766,4,183.297272
-2.980132,17,183.333478
-0.624683,4,183.440211
-3.848379,50,183.510427
-1.18819,11,183.792294
-0.238154,2,183.845603
-3.462959,19,183.876213
-2.056862,14,183.984827
-5.21177,50,184.102188
-1.335656,12,184.407252
-0.48976,3,184.470047
-1.414917,12,184.495419
-1.613248,11,184.56397
-1.775081,12,184.630436
-2.422233,18,184.704713
-2.98807,17,184.809605
-3.356083,18,184.906711
-0.725816,6,184.99999
-0.216773,2,185.030171
-2.01651,14,185.054341
-1.935429,12,185.135342
-1.429495,13,185.222211
-1.437024,10,185.295514
-0.731104,7,185.349484
-0.86072,5,185.388601
-2.216385,13,185.425673
-3.076363,16,185.502558
-1.868902,13,185.591961
-3.012893,16,185.693006
-1.761709,11,185.802065
-0.348611,3,185.877505
-1.192324,10,185.912692
-0.796097,5,185.965061
-2.580862,17,186.00397
-0.920526,5,186.091203
-0.665126,4,186.116618
-0.554389,4,186.139184
-2.87195,16,186.173769
-0.900548,5,186.268562
-0.731625,4,186.298101
-0.988646,10,186.327403
-1.983042,12,186.391881
-1.453058,12,186.461115
-2.276827,15,186.533985
-0.909611,6,186.610424
-2.752063,17,186.654913
-2.932574,16,186.753657
-0.395791,4,186.835464
-0.579603,4,186.859028
-1.114775,10,186.88992
-1.927946,12,186.949786
-1.660318,11,187.019531
-2.639028,16,187.088125
-1.166427,10,187.176681
-3.286373,16,187.238799
-1.031118,6,187.321644
-3.544355,19,187.370481
-5.561023,50,187.513757
-3.372418,17,187.779128
-0.502825,3,187.862068
-0.995325,9,187.889038
-2.848631,15,187.943742
-2.53086,16,188.030877
-4.760442,50,188.154624
-1.630402,12,188.416178
-1.363524,10,188.484149
-2.507966,16,188.547627
-4.547586,50,188.9209
-0.645942,5,189.194759
-0.510442,4,189.221257
-0.639171,4,189.244482
-1.246441,8,189.27104
-1.797756,14,189.322725
-0.852649,5,189.395121
-2.516345,16,189.435713
-0.875508,5,189.515503
-1.950358,13,189.551339
-2.745492,17,189.633048
-1.875048,14,189.729188
-1.168392,8,189.803443
-0.31983,3,189.845943
-2.75717,14,189.877053
-5.56562,50,189.992307
-0.690569,4,190.259971
-1.677038,11,190.293011
-3.210959,16,190.3657
-3.347223,20,190.4741
-1.434309,13,190.585908
-0.888851,7,190.661044
-1.381937,11,190.703222
-1.853505,11,190.765962
-2.503993,16,190.833047
-2.711962,16,190.943885
-2.224848,14,191.033747
-2.437617,15,191.114776
-1.703839,13,191.2255
-1.014382,5,191.292074
-1.7206,13,191.330009
-0.650611,4,191.395486
-1.652387,12,191.426513
-2.346845,14,191.499443
-0.498033,3,191.569019
-0.906427,10,191.595054
-1.763749,13,191.652423
-1.487951,13,191.725337
-2.469244,14,191.803226
-2.20029,14,191.883702
-0.869054,5,191.953026
-0.544567,4,191.979119
-3.801064,19,192.016896
-0.492965,3,192.11248
-1.071217,6,192.131083
-2.130467,13,192.173814
-2.827479,15,192.274095
-5.701948,50,192.419805
-3.264539,17,192.679466
-3.02774,17,192.779516
-4.633456,50,192.907451
-0.439848,3,193.156315
-0.609484,4,193.175822
-1.255753,10,193.204245
-0.924612,5,193.255842
-3.078962,18,193.295403
-1.786698,13,193.396931
-1.340455,12,193.47514
-0.789417,4,193.556688
-1.509893,12,193.590236
-1.399845,12,193.658207
-5.706366,50,193.766025
-1.534984,12,194.088505
-2.2495,13,194.210328
-0.935897,6,194.297368
-1.351351,9,194.361594
-0.949252,6,194.409907
-2.436615,16,194.455541
-3.958149,50,194.626181
-1.50438,12,194.970685
-5.631858,50,195.116933
-1.025683,9,195.440392
-1.058732,9,195.635877
-1.838581,14,195.712939
-1.372985,9,195.798502
-1.935386,12,195.860909
-3.218765,17,195.940736
-2.577824,16,196.075505
-1.926988,13,196.184635
-1.105182,6,196.242594
-2.058906,14,196.306888
-0.399638,3,196.411269
-2.837263,15,196.448711
-0.345903,3,196.53349
-1.754169,13,196.565269
-0.607181,4,196.661689
-2.177309,14,196.696315
-0.27538,3,196.775132
-0.806815,5,196.795702
-0.845495,5,196.818142
-3.478899,19,196.856932
-1.730229,12,196.932367
-0.97914,6,196.979172
-1.996584,14,197.01405
-3.132978,18,197.080117
-0.450301,3,197.145303
-3.003905,15,197.172673
-3.106509,17,197.261345
-0.994642,11,197.402905
-0.68508,4,197.460423
-0.802734,9,197.490897
-1.394168,11,197.566109
-1.516486,11,197.664194
-5.422223,50,197.771571
-2.038212,14,198.063604
-2.803582,17,198.149885
-1.542154,10,198.262455
-0.40129,3,198.345649
-0.299736,3,198.371733
-0.298019,3,198.391131
-0.91299,5,198.432586
-1.855178,15,198.476538
-1.128024,9,198.573251
-0.824069,4,198.61881
-2.020207,14,198.65221
-0.833173,5,198.725621
-1.493467,12,198.764059
-1.739777,13,198.847576
-1.58993,13,198.913422
-4.626166,50,199.026249
-0.716469,4,199.278458
-1.665729,10,199.308477
-0.58208,4,199.360494
-0.943667,9,199.387988
-0.589117,7,199.435835
-1.961831,12,199.481674
-2.264935,15,199.553682
-0.6419,4,199.627509
-2.088072,15,199.660786
-0.685753,4,199.740384
-4.160042,20,199.779373
-0.333825,3,199.907098
-2.768613,15,199.936189
-2.91503,16,200.041887
-0.909416,5,200.124769
-0.840676,12,200.158038
-5.760317,50,200.266161
-1.709445,13,200.512117
-2.351752,14,200.597756
-0.25579,3,200.672456
-0.613694,4,200.689015
-1.319095,11,200.719155
-5.332552,50,200.822992
-2.145578,13,201.100129
-1.768676,13,201.173192
-3.316901,17,201.253632
-0.75816,5,201.361619
-1.69289,11,201.39876
-1.031866,9,201.457819
-2.758749,17,201.525572
-1.919882,14,201.616285
-2.599128,16,201.705972
-2.855275,15,201.836101
-0.779776,5,201.924993
-1.143885,11,202.101465
-2.615077,14,202.190848
-3.389267,17,202.275722
-1.797191,14,202.36961
-2.17629,14,202.448734
-3.063128,17,202.53224
-2.048085,12,202.628825
-0.821671,4,202.689283
-1.180346,9,202.719693
-0.41393,3,202.786483
-5.525038,50,202.857133
-1.494802,13,203.114349
-3.169886,17,203.202371
-0.407399,3,203.287343
-1.491848,10,203.309865
-0.581751,4,203.36155
-5.323111,50,203.429502
-0.51641,4,203.703506
-1.194051,11,203.73386
-0.255958,3,203.801255
-1.379973,9,203.829597
-1.115964,11,203.914921
-0.827338,9,203.982071
-0.79125,5,204.03678
-1.401549,11,204.072624
-3.242448,18,204.165188
-1.694741,13,204.272344
-2.503701,14,204.34604
-0.684773,5,204.416385
-0.498654,4,204.445402
-0.815781,5,204.468134
-1.142945,8,204.497632
-1.811044,14,204.548085
-3.463031,19,204.6321
-1.685833,13,204.76082
-0.942618,10,204.834624
-1.8232,13,204.897106
-0.815929,4,204.964865
-4.325445,50,205.032746
-3.891248,20,205.353978
-2.684118,15,205.471056
-3.127592,16,205.567295
-2.022235,14,205.663911
-2.955579,15,205.746658
-1.982853,11,205.832068
-1.697645,11,205.894677
-1.253854,11,205.963054
-2.115373,15,206.029894
-0.280927,3,206.105881
-2.024781,13,206.132146
-1.429564,10,206.2054
-1.659157,13,206.266261
-2.167863,14,206.340236
-0.670752,4,206.410152
-1.935147,13,206.441418
-1.817621,11,206.518434
-0.867791,6,206.576654
-2.414605,15,206.621556
-1.031462,9,206.706432
-2.283533,15,206.763627
-2.926588,17,206.854899
-2.950641,16,206.951107
-1.017117,10,207.038356
-1.694961,13,207.09951
-3.004111,16,207.181996
-1.048531,9,207.268349
-3.789174,19,207.328888
-1.077308,8,207.427903
-0.439329,3,207.469811
-0.730873,5,207.487091
-1.823917,14,207.525016
-2.039264,13,207.604011
-0.751458,5,207.668627
-0.603668,4,207.697694
-0.326914,3,207.719565
-0.823188,4,207.735832
-2.08722,15,207.770227
-0.785836,4,207.864628
-0.67628,7,207.893194
-0.789928,4,207.929661
-1.090837,8,207.957259
-2.10446,15,208.027888
-3.818851,20,208.122894
-0.667942,8,208.398827
-0.831904,8,208.443907
-2.094492,14,208.495004
-2.585618,13,208.5775
-3.593192,19,208.658444
-0.766521,8,208.758747
-2.304152,16,208.811668
-2.831291,16,208.901928
-5.215187,50,209.025786
-0.550718,4,209.249749
-1.877126,15,209.283575
-1.864723,14,209.36576
-0.668956,7,209.438474
-1.452367,12,209.4847
-6.012136,50,209.588033
-1.714024,12,209.847742
-3.621052,18,209.92452
-0.929552,10,210.020257
-3.450911,19,210.08634
-0.732083,8,210.18283
-2.040609,12,210.27282
-0.68459,4,210.335768
-0.318356,3,210.35812
-3.608984,50,210.42497
-0.963174,5,210.675232
-0.263418,2,210.698171
-0.682508,4,210.711653
-0.787699,4,210.734499
-1.415713,10,210.763786
-1.016842,10,210.820993
-3.641517,18,210.88474
-0.469298,3,210.975794
-2.804683,14,211.006044
-1.736059,11,211.105623
-2.23109,14,211.186173
-0.866791,8,211.277898
-0.923422,5,211.328413
-2.895205,17,211.376552
-1.023976,5,211.528478
-0.448061,3,211.568716
-0.818007,4,211.589876
-3.629643,50,211.667195
-2.866309,17,211.945363
-0.976325,6,212.03377
-2.625822,13,212.074028
-1.433059,12,212.144668
-0.908209,5,212.207082
-2.29958,15,212.246584
-4.91144,50,212.366668
-1.012306,6,212.625828
-1.179427,8,212.662108
-1.316834,9,212.70929
-5.145649,50,212.803164
-0.433257,4,213.053343
-0.242502,3,213.075457
-1.222017,9,213.097425
-1.4433,11,213.153722
-3.230047,17,213.222707
-4.350087,22,213.330764
-2.086388,15,213.454616
-2.789309,14,213.540062
-1.69448,14,213.622119
-0.872749,5,213.692124
-2.322292,13,213.730313
-1.814491,12,213.800038
-3.063636,18,213.875663
-1.336128,12,213.975175
-3.052671,17,214.050707
-0.300871,3,214.138424
-4.025099,20,214.171281
-0.461765,3,214.27002
-2.268351,13,214.303626
-1.388923,11,214.553476
-0.485976,4,214.630083
-0.579422,5,214.68234
-2.192788,12,214.723478
-2.670892,16,214.798443
-0.96231,10,214.885204
-0.551397,4,214.936376
-0.695255,4,214.959422
-0.432883,3,214.980919
-0.780366,7,215.003766
-2.465305,15,215.04907
-0.919566,5,215.124276
-0.747495,5,215.166509
-0.748444,7,215.202065
-1.445856,11,215.244284
-3.825035,50,215.34801
-4.233619,20,215.638195
-2.612525,14,215.75029
-0.313493,3,215.821712
-4.163631,20,215.854672
-1.080531,5,215.957362
-0.282229,3,215.985152
-1.303401,10,216.007593
-0.22875,2,216.056412
-1.184104,11,216.077827
-0.834559,6,216.1364
-1.206916,11,216.174373
-2.617841,15,216.24144
-0.774348,4,216.329814
-0.773414,5,216.360193
-0.679892,5,216.38737
-1.296888,12,216.424736
-0.822481,4,216.487349
-3.177369,16,216.52171
-2.061994,14,216.611731
-1.709261,12,216.715131
-0.29364,3,216.778952
-1.963434,12,216.804426
-0.857044,5,216.866512
-0.890987,5,216.897738
-2.075653,15,216.934452
-0.553694,4,217.010086
-2.041245,14,217.042429
-0.252092,3,217.109887
-1.43801,14,217.136078
-2.35758,14,217.213017
-2.604007,14,217.294965
-2.124664,13,217.374579
-0.431256,3,217.441091
-2.196225,16,217.46977
-0.367111,3,217.548865
-0.467813,3,217.567214
-4.39695,22,217.601876
-0.802521,4,217.711282
-2.003305,14,217.743794
-3.342509,17,217.83029
-3.685288,20,217.949563
-0.811647,5,218.052131
-1.591496,12,218.085727
-3.19131,18,218.158352
-0.589655,4,218.247956
-0.70529,6,218.289995
-1.200457,10,218.335704
-0.554447,4,218.389286
-0.586544,4,218.413231
-0.754757,7,218.439892
-1.78657,13,218.487025
-1.081254,9,218.554755
-0.629613,4,218.603326
-0.691208,4,218.637865
-0.768717,5,218.667739
-1.50966,10,218.703477
-0.593157,8,218.76101
-0.34064,3,218.802814
-1.00924,6,218.824032
-3.472897,17,218.868255
-2.820334,16,218.98365
-2.760505,16,219.077715
-0.465671,4,219.15614
-2.207694,15,219.190557
-1.560166,13,219.278138
-3.659323,18,219.356629
-4.009548,21,219.467112
-3.517413,18,219.61273
-1.154625,6,219.717997
-1.771788,12,219.766506
-2.624599,14,219.838254
-3.924135,20,219.927718
-2.308933,14,220.039229
-3.730428,18,220.125637
-0.678769,4,220.241659
-3.0126,15,220.276548
-0.806737,5,220.353853
-2.964449,17,220.395979
-1.463418,10,220.484329
-1.791421,12,220.544181
-1.317981,9,220.612579
-1.34735,12,220.804108
-1.443872,9,220.888196
-0.457019,3,220.93387
-0.28903,3,220.953194
-0.364278,3,220.968532
-1.290389,10,220.993893
-1.926303,13,221.053937
-0.513406,4,221.12111
-1.818196,14,221.157037
-1.101858,9,221.234292
-3.33972,19,221.298338
-0.757198,5,221.392402
-1.699194,14,221.431609
-0.57494,4,221.503948
-0.29334,3,221.525701
-1.040201,7,221.545008
-1.475483,12,221.591637
-0.990361,6,221.656366
-3.982186,20,221.704536
-1.887856,13,221.815813
-3.335926,18,221.915905
-0.859795,8,222.012862
-3.287237,18,222.068179
-2.536971,17,222.172695
-3.475511,18,222.274424
-1.015825,11,222.374597
-2.556456,16,222.442527
-2.672305,16,222.536558
-0.727534,7,222.619741
-1.210612,11,222.673115
-2.51871,16,222.738511
-0.751614,8,222.82536
-1.488672,11,222.872879
-1.509517,10,222.948147
-1.320518,8,223.00366
-3.144976,16,223.057681
-0.602979,4,223.138778
-3.97666,20,223.177764
-1.460532,10,223.298313
-1.309424,9,223.358859
-2.241046,15,223.415835
-3.664922,50,223.564186
-0.5908,4,223.835722
-0.805844,5,223.8604
-1.714944,11,223.893189
-0.910992,9,223.958264
-0.407449,3,224.000923
-3.756754,19,224.035729
-0.789905,5,224.131805
-2.366826,14,224.170769
-3.250272,18,224.26967
-4.32782,50,224.403865
-0.692722,4,224.66144
-1.493093,10,224.705391
-0.574324,4,224.759722
-1.163476,11,224.791221
-3.371648,17,224.857191
-2.108054,14,224.973345
-0.280135,3,225.046358
-1.048828,10,225.069389
-5.896235,50,225.164936
-1.496646,12,225.477868
-0.630705,4,225.564264
-0.756568,5,225.590443
-1.828214,13,225.630031
-2.051894,14,225.706885
-2.261145,15,225.787396
-0.941905,10,225.872776
-0.953809,10,225.92963
-0.983715,6,225.9827
-0.745477,5,226.015074
-2.623714,16,226.053989
-4.137057,50,226.179272
-1.021479,6,226.430557
-0.582108,4,226.477151
-0.421841,4,226.504324
-2.429384,14,226.553228
-0.296863,3,226.62814
-0.980428,10,226.657658
-0.900475,5,226.713301
-2.445297,13,226.74907
-0.736951,9,226.838067
-0.99424,10,226.890312
-0.898519,5,226.942406
-3.287565,18,227.16419
-2.935321,16,227.266906
-0.272647,3,227.347369
-0.976603,6,227.366761
-2.264019,17,227.411341
-1.35087,11,227.505586
-3.246131,17,227.574647
-4.043481,50,227.734768
-3.159491,17,227.999599
-0.808905,5,228.085068
-0.886282,5,228.115829
-1.612188,14,228.152455
-0.640239,4,228.222245
-1.027271,10,228.251471
-1.733077,14,228.312623
-2.135312,14,228.397029
-2.741053,15,228.481174
-0.387624,3,228.562378
-0.926076,5,228.597488
-1.970408,15,228.643903
-1.899177,14,228.748584
-2.177079,15,228.832021
-1.139301,10,228.914642
-0.936108,5,228.993325
-0.21328,2,229.019189
-1.940489,14,229.043897
-2.909475,16,229.154234
-3.745823,20,229.255924
-2.573289,14,229.369076
-2.094766,14,229.45058
-1.838957,11,229.532396
-0.539368,4,229.616432
-1.590858,13,229.650535
-4.280012,50,229.79932
-2.773303,14,230.129482
-0.934523,5,230.202779
-2.376392,15,230.243822
-2.334623,15,230.330443
-2.646556,17,230.42117
-0.913029,5,230.504977
-0.299377,3,230.534244
-2.710611,16,230.565317
-0.454812,3,230.64128
-1.006627,9,230.663892
-0.975868,10,230.724427
-1.720318,12,230.784138
-0.950861,9,230.850032
-2.697573,16,230.91108
-0.473059,4,230.991443
-0.515001,4,231.014358
-2.178621,15,231.047394
-0.670786,4,231.123097
-3.000513,16,231.158664
-0.826837,11,231.246127
-2.947203,16,231.319165
-0.567364,4,231.403686
-0.497373,4,231.426347
-2.597905,14,231.458161
-1.828474,11,231.535955
-1.993999,12,231.620589
-1.621367,11,231.693215
-2.2589,13,231.761804
-0.9863,8,231.851407
-1.675717,12,231.905032
-0.765745,5,231.965339
-1.28503,8,231.996939
-0.311457,3,232.03645
-1.912332,12,232.060805
-2.460128,16,232.131762
-3.869345,22,232.227895
-0.877405,9,232.345026
-0.679182,4,232.393715
-1.96968,12,232.424648
-2.417312,14,232.496837
-5.247206,50,232.613365
-1.112483,11,232.857795
-3.002461,16,232.926577
-0.499796,4,233.008929
-0.898049,5,233.032791
-4.08019,50,233.266422
-4.503182,50,233.601502
-2.311366,15,233.89182
-1.455281,10,233.972438
-0.508857,4,234.027016
-5.460679,50,234.097544
-1.232316,13,234.387383
-2.925843,17,234.484946
-2.121455,13,234.619402
-0.898297,5,234.692655
-3.558502,50,234.773974
-0.934713,5,235.079843
-1.17337,11,235.119769
-0.245254,3,235.202395
-1.102883,9,235.232372
-2.557194,16,235.294753
-0.782675,5,235.41932
-1.637662,13,235.46557
-0.383885,3,235.53157
-2.274219,12,235.55905
-2.984285,16,235.631113
-2.785604,17,235.721773
-0.450249,4,235.803778
-0.550672,4,235.826033
-5.449564,50,235.895722
-3.2024,16,236.160541
-3.42195,18,236.281246
-0.762699,8,236.379051
-1.149847,7,236.424975
-2.163642,13,236.471752
-0.923708,5,236.562992
-2.918116,15,236.609191
-3.50255,18,236.699299
-2.193246,14,236.801408
-1.236748,10,236.899348
-0.762437,9,236.956698
-0.773305,5,237.004304
-3.252712,17,237.042638
-2.640759,14,237.14138
-1.942253,12,237.233736
-1.585396,10,237.301028
-2.264278,14,237.362165
-1.970121,15,237.465077
-2.831914,14,237.562559
-0.679196,4,237.636516
-2.725422,13,237.6692
-0.314183,3,237.735249
-0.423077,3,237.751174
-1.955261,13,237.779781
-1.012245,9,237.851464
-1.837246,13,237.907505
-1.766287,11,237.977258
-1.79074,11,238.041506
-1.047696,7,238.09972
-0.654103,7,238.140258
-0.666536,4,238.177174
-1.613667,11,238.209467
-0.546407,4,238.299314
-1.219628,11,238.332515
-2.470628,14,238.418799
-2.959317,18,238.506968
-4.071802,22,238.615988
-1.89738,13,238.7308
-2.794636,16,238.810901
-2.378999,15,238.900828
-2.878077,15,238.985264
-0.615351,4,239.060585
-1.089105,6,239.085069
-1.032089,5,239.118734
-0.615125,4,239.144366
-0.705572,4,239.16658
-0.367112,3,239.187271
-0.43899,3,239.205866
-1.975814,12,239.229748
-2.595354,33,239.338245
-0.57021,4,239.536477
-0.185466,2,239.55876
-2.619558,14,239.58343
-3.965185,50,239.859361
-1.634935,11,240.139768
-1.195647,10,240.201574
-0.925615,9,240.256702
-0.519769,4,240.305206
-4.078609,20,240.343586
-0.174134,2,240.441997
-1.245031,11,240.462541
-1.593964,11,240.523449
-2.769302,16,240.594796
-2.314087,14,240.687803
-0.532679,4,240.756184
-2.364089,14,240.788016
-3.239137,18,240.87099
-0.872807,5,240.974988
-1.38891,9,241.009591
-0.406651,3,241.057259
-0.935705,5,241.074665
-0.967567,6,241.105733
-1.865526,13,241.147266
-1.183726,10,241.217117
-0.452519,4,241.268418
-2.599081,14,241.301877
-3.126186,16,241.385236
-1.099907,10,241.49245
-0.156698,2,241.543038
-4.265298,20,241.573745
-3.31757,50,241.750051
-0.420365,4,242.001038
-5.044612,50,242.06957
-3.67914,18,242.337043
-0.298604,3,242.424505
-0.693388,7,242.447984
-2.726663,17,242.496472
-0.771039,4,242.583487
-4.365946,50,242.652903
-2.352659,14,242.914464
-3.447507,18,243.0005
-3.433978,18,243.105991
-3.727818,19,243.243211
-3.552586,50,243.412012
-0.767415,8,243.672341
-0.497738,4,243.713881
-1.890313,14,243.755799
-0.447314,3,243.826616
-5.998809,50,243.893826
-2.459855,15,244.173991
-3.638282,18,244.265242
-1.271688,10,244.360183
-0.680231,4,244.408454
-2.946364,17,244.444559
-0.597107,4,244.53123
-1.735763,12,244.562043
-2.345639,14,244.631578
-0.915372,5,244.701828
-3.676003,50,244.773536
-0.755061,5,245.025697
-0.35279,4,245.055194
-1.928449,14,245.08882
-6.161065,50,245.208091
-3.040381,17,245.461568
-1.348687,12,245.552371
-1.832651,14,245.623828
-0.840692,6,245.695076
-0.790424,5,245.727256
-2.674167,14,245.767263
-0.959063,7,245.84429
-0.425091,4,245.880521
-0.864468,5,245.904563
-0.523711,4,245.933309
-1.298885,12,246.07486
-2.275706,14,246.148053
-0.842547,5,246.237275
-0.455285,4,246.268485
-0.638009,7,246.295165
-5.342423,50,246.382833
-1.014706,5,246.659473
-0.754622,4,246.687424
-1.647038,13,246.720122
-4.308527,20,246.830628
-1.412575,11,246.973817
-0.311665,3,247.036365
-1.49418,12,247.066487
-1.040295,11,247.160166
-1.328991,12,247.235801
-0.85532,9,247.304625
-1.812664,13,247.364129
-0.591044,4,247.446298
-1.934884,13,247.49259
-1.720446,12,247.553905
-0.826332,7,247.624179
-1.176385,11,247.661038
-3.101343,17,247.725471
-0.572858,4,247.842578
-0.826528,5,247.869078
-1.129709,11,247.933305
-2.139342,13,248.007559
-0.659386,6,248.078906
-2.409593,15,248.122559
-0.936581,6,248.218934
-1.753807,13,248.263079
-0.61887,4,248.332607
-1.950162,13,248.366001
-3.082098,15,248.445493
-2.969914,16,248.536376
-1.004344,10,248.623035
-3.078992,16,248.700782
-2.437113,13,248.794359
-0.371878,3,248.857424
-2.404616,15,248.888658
-0.514023,3,248.960598
-0.514483,4,248.981669
-2.537612,14,249.015772
-0.376488,3,249.08791
-1.248811,11,249.11248
-0.756819,7,249.170852
-3.097088,17,249.221137
-0.451342,4,249.30967
-5.872814,50,249.379047
-1.663847,12,249.650223
-1.730874,11,249.718468
-2.844731,16,249.787557
-1.577825,12,249.888881
-0.954189,5,249.951967
-0.684705,4,249.984579
-4.199252,20,250.024968
-1.561564,13,250.136894
-2.222609,15,250.216691
-1.179888,10,250.318009
-1.10963,10,250.400028
-1.671458,13,250.453801
-1.312718,12,250.513491
-1.135648,10,250.57072
-3.12536,17,250.622748
-0.519457,4,250.688131
-0.59904,7,250.708996
-0.964873,5,250.738045
-0.681311,4,250.762389
-2.330235,15,250.796379
-0.281379,3,250.880873
-1.85352,11,250.909139
-1.48647,12,250.9946
-4.502534,28,251.081754
-1.451309,12,251.228158
-1.404585,12,251.29912
-3.538196,50,251.408277
-3.571971,50,251.710974
-1.755155,11,252.012931
-0.439028,4,252.07403
-3.541965,17,252.110759
-6.622302,50,252.385742
-0.728787,4,252.722397
-0.189569,2,252.740159
-1.454707,12,252.761616
-4.111982,19,252.82501
-2.77648,15,252.912934
-1.790706,12,252.994463
-1.798038,14,253.111808
-2.805312,16,253.19748
-1.702865,13,253.308537
-0.901251,8,253.379009
-0.213408,3,253.419973
-1.798297,14,253.447861
-2.509134,16,253.537587
-1.156027,11,253.63079
-2.01134,11,253.698652
-3.787309,18,253.767585
-3.988924,50,253.903968
-0.356295,4,254.152162
-1.489694,10,254.198094
-3.682101,17,254.271639
-2.803766,15,254.372675
-5.150721,46,254.485604
-0.967392,5,254.734759
-1.641415,12,254.779747
-1.692113,14,254.869489
-0.439747,4,254.941021
-1.27926,12,254.971922
-1.011978,5,255.045751
-2.08681,13,255.08727
-2.989095,15,255.181377
-3.961044,19,255.271312
-1.297151,13,255.378982
-3.865706,50,255.492635
-5.811014,50,255.805776
-1.401992,9,256.059327
-2.059696,14,256.116545
-1.963983,14,256.213477
-0.96341,6,256.286244
-0.73352,5,256.317671
-3.441688,17,256.356446
-4.232656,19,256.458416
-1.979238,12,256.558492
-1.521553,13,256.629797
-2.076502,14,256.712985
-0.323825,3,256.821967
-2.925707,15,256.855
-1.410862,12,256.924544
-2.356553,14,256.982243
-4.301358,50,257.08232
-4.308411,29,257.280585
-2.203039,14,257.410389
-0.614885,4,257.480673
-3.751098,19,257.519482
-2.19059,13,257.628879
-1.997123,12,257.704042
-2.622162,13,257.776277
-3.307741,16,257.854712
-1.731676,11,257.939516
-2.917409,16,258.008181
-3.4296,50,258.14486
-2.154906,14,258.433525
-2.383416,13,258.668126
-5.331998,50,258.78144
-2.053009,13,259.060177
-1.597422,11,259.131899
-2.968662,16,259.199628
-5.805574,50,259.325505
-0.792952,5,259.613092
-1.729406,12,259.650671
-0.436473,4,259.712853
-0.559826,4,259.737734
-2.82566,17,259.7747
-0.406931,3,259.889263
-1.352997,11,259.914562
-0.787196,8,259.977773
-0.865381,10,260.027987
-1.561358,13,260.100899
-2.772433,15,260.17934
-0.928335,5,260.257123
-2.574298,14,260.293418
-1.561911,10,260.38989
-1.30146,12,260.481275
-5.160203,50,260.620563
-1.251007,9,260.875873
-0.531967,4,260.923308
-0.793168,7,260.948971
-2.835128,16,260.99508
-1.498359,11,261.104556
-2.026572,13,261.1746
-3.28904,18,261.252698
-0.61627,4,261.344795
-2.15818,15,261.378283
-0.57508,4,261.478763
-4.728306,50,261.551352
-1.865505,13,261.814015
-2.964359,17,261.89461
-3.801029,19,262.012386
-2.845245,16,262.12058
-0.906338,5,262.196305
-1.096955,9,262.232371
-1.159893,10,262.329229
-1.026702,9,262.391181
-2.018006,15,262.471126
-1.309168,12,262.556795
-1.446795,10,262.63161
-1.298196,8,262.688936
-2.34756,13,262.74045
-0.575449,4,262.808538
-6.034849,50,262.877037
-1.770899,12,263.162015
-1.786703,12,263.26232
-0.76239,10,263.330611
-1.33654,12,263.390048
-1.775125,13,263.463653
-2.974951,18,263.544204
-1.099931,10,263.640597
-3.982462,50,263.738762
-3.209259,17,263.973703
-1.645869,13,264.048443
-2.445255,16,264.10856
-1.718381,11,264.174375
-1.172629,10,264.223188
-1.919184,15,264.274326
-0.499309,4,264.330625
-0.763446,4,264.349735
-0.680376,6,264.370126
-1.846266,13,264.405062
-1.997306,14,264.495633
-2.063382,12,264.576123
-4.128378,22,264.656842
-0.626737,4,264.964504
