#{"t_start": 1652081926.9261253, "env_id": "TrajectoryGenerationURSim-v0"}
r,l,t
-1.53717,300,37.734488
-1.10011,300,72.712085
-1.119177,300,106.618563
-1.476806,300,140.460171
-0.851167,300,173.623695
-0.940359,300,208.34681
-1.533627,300,241.78001
-1.308894,300,276.468285
-0.943796,300,310.427863
-1.220689,300,345.093632
-1.63054,300,379.044565
-1.393698,300,414.277787
-1.190071,300,447.853362
-1.569296,300,483.836167
-0.901719,300,516.931559
-1.203089,300,550.586053
-1.536128,300,585.265334
-1.31561,300,616.754394
-0.887191,300,649.634718
-0.810765,300,683.531643
-0.521903,300,716.459745
-1.10972,300,748.76923
-1.379483,300,781.901046
-0.751894,300,814.368397
-1.30024,300,848.943589
-1.861543,300,882.259604
-1.438706,300,915.50988
-1.007532,300,950.402888
-1.608545,300,983.980242
-1.697891,300,1019.176718
-1.208963,300,1051.994274
-1.347464,300,1084.532372
-1.843129,300,1117.239887
-0.855227,300,1542.055092
-1.211797,49,1574.081776
-1.253575,50,1587.805336
-1.355871,71,1608.088327
-1.47348,81,1629.724856
-1.543005,104,1655.763944
-1.284341,97,1685.205748
-1.661964,96,1711.645899
-1.467746,161,1742.934076
-1.669578,166,1781.359666
-1.482897,106,1813.031868
-1.440827,300,1860.784535
-1.855809,163,1909.731446
-1.501879,87,1943.735848
-1.968173,250,1984.029154
-1.899062,221,2042.661826
-1.921441,256,2094.70307
-1.293563,87,2132.737775
-1.486791,134,2165.433627
-1.607722,187,2209.644951
-1.087667,300,2264.622666
-2.346117,290,2324.281594
-1.057325,300,2383.824879
-0.94051,300,2443.958963
-1.254636,73,2483.701166
-1.558293,137,2510.167045
-1.171642,53,2539.718889
-1.179835,47,2556.080449
-1.180225,48,2572.094354
-1.137502,38,2586.812054
-1.195904,39,2598.581813
-1.289296,68,2614.446013
-1.087476,300,2657.693523
-1.431905,300,2725.493987
-0.96272,300,2786.996932
-1.100102,300,2846.187096
-1.470297,97,2894.547874
-0.943061,300,2944.553424
-1.083031,300,3007.006867
-1.669328,168,3058.334492
-1.071774,300,3114.875004
-2.214402,278,3173.748955
-1.212243,300,3241.918605
-1.567876,300,3304.646188
-1.445317,300,3368.547326
-1.852225,300,3434.962962
-1.399658,300,3506.613941
-2.343375,241,3569.409709
-1.230314,300,3638.39799
-1.311207,300,3705.982335
-1.451813,300,3782.980882
-1.445836,300,4327.252928
-0.712446,300,4402.016826
-1.056667,300,4465.726896
-1.468577,300,4536.56437
-1.946661,172,4586.075153
-1.000119,300,4639.172078
1.996653,6,4681.869748
-1.513079,300,4714.531854
-1.117233,300,4788.275648
-0.887152,300,4860.646831
-1.471406,300,4921.915715
-1.370762,73,4965.117787
-1.197607,102,4989.912272
-1.496354,300,5039.024911
-1.846588,300,5107.510852
-0.704561,300,5164.103415
-1.29181,300,5226.940108
-1.382751,300,5286.342523
-1.287917,300,5346.238667
-1.535099,300,5404.008849
-1.558573,189,5454.115155
1.195385,186,5500.574303
-1.815712,138,5535.080155
-1.639459,183,5570.377599
-1.497893,103,5601.389932
-1.880008,179,5633.791921
-1.005933,300,5682.146921
-1.477071,169,5728.844973
-1.505628,169,5769.464964
-1.116917,300,5822.764368
-0.887018,300,5881.74317
-1.027531,300,5942.428985
-1.273509,70,5979.084903
-1.816179,202,6012.230867
-1.283677,104,6049.523924
-1.133188,300,6095.800599
-0.615314,300,6151.7036
-1.394029,300,6220.424178
-1.508458,300,6282.167401
-0.746066,300,6343.124201
-1.203832,300,6405.361598
-1.985601,179,6457.316252
-1.351531,87,6484.681303
1.832269,58,6832.700181
-2.062994,253,6872.769387
-1.326422,300,6932.080884
-0.859036,300,6996.598062
-1.128016,300,7055.387109
-1.132191,79,7087.1462
-1.478982,300,7134.873288
-1.641962,254,7190.390354
-0.811031,300,7269.71252
-2.121178,202,7336.676272
-1.942126,181,7386.867435
-0.802933,300,7442.086887
1.699496,108,7500.413279
-0.959301,300,7552.580645
-1.446516,300,7625.262022
-1.178573,57,7672.79025
-1.160024,52,7691.097961
-0.977655,300,7735.649416
-0.811516,300,7804.03473
-1.102241,53,7850.925604
-0.801997,300,7895.58291
-0.696225,300,7962.179726
-1.281422,300,8025.353826
-1.423272,109,8077.3779
-1.186515,56,8107.77154
-1.210345,56,8127.598301
-1.095872,60,8145.657115
-1.117582,54,8164.960227
-1.485551,300,8208.053694
-1.415471,151,8264.743471
-1.089653,56,8297.728551
-1.133062,53,8317.013267
-1.209052,51,8336.479404
-1.364969,300,8377.502978
1.909617,60,8425.858259
-1.31547,300,8469.566767
-1.144756,300,8542.86908
1.969362,25,8585.269629
-0.990195,300,8622.343535
-0.943374,300,8697.160572
-0.759537,300,8794.340071
-1.423766,300,8870.069543
-1.309742,300,8944.118631
-1.651159,300,9011.292817
-0.889152,300,9078.411093
-1.251278,300,9145.103468
-1.51478,180,9206.695021
-1.109651,300,9268.191024
-0.97551,300,9638.52461
-0.791398,300,9714.087295
-0.667467,300,9779.531635
-1.019985,300,9847.162621
-1.40662,132,9896.547154
-1.073342,300,9944.479789
-1.563344,195,10005.54352
-1.181196,300,10069.861624
-1.584189,237,10127.435024
-1.283198,300,10184.615433
-1.260805,78,10231.920244
-1.605651,279,10275.789779
-1.16575,300,10330.974895
-1.174166,89,10380.880848
-1.415574,244,10420.430343
1.69337,158,10460.938474
1.80548,90,10489.830223
-0.875634,300,10539.087244
-0.80268,300,10601.972268
-1.599956,189,10655.894548
-1.185328,300,10711.944379
-0.787787,300,10783.70022
-1.341395,300,10848.018144
1.822868,63,10885.984123
-1.03749,300,10929.887528
-1.023561,300,11001.012961
-1.283005,300,11080.320321
1.95491,29,11116.777611
-0.658431,300,11156.197415
-1.609299,160,11215.106426
-1.933084,300,11272.645368
-0.740711,300,11333.263897
-1.369412,219,11387.293487
1.938275,34,11419.548238
-1.465703,140,11442.025791
-0.762441,300,11502.571512
1.909683,43,11549.334095
-0.41434,300,11590.999293
-1.248669,106,11632.805473
-1.920794,297,11690.052902
-0.815447,300,11761.553139
1.90343,46,11798.02611
-1.638324,126,11819.771186
-1.171518,300,11866.689035
-0.9698,300,12342.015329
-0.669823,300,12408.357537
-0.976321,300,12477.725175
-0.760042,300,12546.146256
1.940579,33,12595.29671
-1.184341,300,12635.876267
-0.653697,300,12701.046832
-1.661009,182,12759.079627
-1.000186,300,12822.673153
-1.615173,213,12878.047403
-1.037145,300,12935.375086
-0.927948,300,13007.793404
-0.729888,300,13065.956723
1.842243,56,13119.953876
-0.873237,300,13165.47115
-0.559892,300,13234.54014
1.81291,75,13298.595961
1.753323,159,13330.290413
1.928024,37,13356.570513
-1.488498,300,13396.839725
1.702085,110,13436.418648
1.813607,89,13448.131537
-0.667239,300,13471.176868
-1.110119,300,13502.620182
-1.320309,300,13537.390463
-0.919533,300,13594.457506
-1.673643,196,13628.386481
1.865408,101,13656.634928
1.924522,38,13663.99251
-1.11023,300,13686.258985
1.855453,58,13698.226205
-1.06583,300,13720.5337
-0.970566,300,13746.080491
1.976382,22,13760.152873
1.986185,17,13763.444077
-0.822369,300,13783.128723
-1.302969,92,13796.824271
-0.600137,300,13826.868496
1.862072,65,13852.667158
-1.520111,105,13871.045961
-1.320666,300,13907.78454
-0.640178,300,13948.409779
-1.472384,192,13981.165802
-1.286371,300,14020.063378
1.962461,24,14037.906252
-0.764397,300,14067.28936
-0.822005,300,14109.240766
-0.688382,300,14395.685769
-2.070877,233,14432.557262
-0.597127,300,14470.335453
-0.767487,300,14511.023704
-1.334307,134,14537.652897
-0.574227,300,14575.812513
1.291595,182,14608.462171
1.482574,156,14634.3848
-1.175418,300,14670.656126
-0.892262,300,14711.543959
-0.836941,300,14751.666677
1.917968,97,14774.596781
-1.544477,112,14794.341697
-0.427366,300,14832.392408
-1.233648,57,14857.288686
-1.549437,142,14876.314462
-1.24117,87,14895.152253
-1.251239,63,14911.032551
-0.666546,300,14942.634957
-0.673362,300,14981.80216
-0.832103,300,15021.464591
-0.712611,300,15065.680469
1.897655,52,15089.054626
-0.92106,300,15120.18641
-0.865763,300,15169.678922
-0.896794,300,15208.637163
-1.031252,300,15255.285012
-0.439737,300,15290.981736
-1.188823,93,15313.262399
-0.584693,300,15347.804722
-0.710071,300,15387.039201
-1.051929,300,15441.867043
-0.625063,300,15503.143254
-0.532277,300,15560.163682
1.885299,51,15591.831319
1.796005,135,15616.135871
1.930534,36,15638.438123
-0.578024,300,15671.534707
-0.950868,300,15727.372721
-0.927147,300,15807.369319
-0.978294,300,15872.218708
1.682462,91,15910.494873
-1.126054,300,15952.121694
-0.562021,300,16004.309307
1.880848,49,16033.364775
1.997454,5,16042.67521
-1.248083,143,16308.838909
-1.383915,300,16355.388818
1.846877,53,16396.545332
-0.993453,300,16434.074903
-0.810193,300,16489.322919
-0.973124,300,16537.876984
1.710379,139,16580.261592
1.847675,76,16609.216952
1.851906,87,16627.1952
1.611995,149,16655.245041
-0.973666,300,16695.741058
1.530043,208,16742.525738
1.902915,49,16765.367541
1.909418,39,16776.066654
1.859055,55,16789.143958
1.700322,117,16809.614838
1.683493,150,16838.99531
1.869703,46,16860.193504
1.886222,66,16874.225532
1.81252,98,16893.876221
1.747274,113,16918.307457
1.732308,117,16944.941614
-0.584309,300,16986.833218
-0.952788,300,17036.321795
-1.158118,68,17068.879398
1.923945,46,17082.180167
1.928559,35,17093.514501
1.872594,55,17105.356758
-1.173066,300,17140.641154
-0.910751,300,17193.693317
-0.719976,300,17248.022107
-0.622601,300,17299.851556
1.980418,18,17334.284351
-0.547384,300,17366.080554
1.785265,107,17400.39965
1.936757,39,17418.432982
-0.918959,300,17455.138643
-1.175847,300,17516.683608
1.956023,25,17553.678244
-0.72541,300,17587.030657
1.821896,96,17632.486793
-0.511297,300,17674.387474
1.920987,34,17708.156829
1.950055,30,17718.270404
1.950348,44,17729.786874
-0.628588,300,17763.754369
-1.07016,70,17800.556613
-1.050402,300,17837.797519
-1.041169,300,17894.532505
1.928736,35,17932.38363
-1.527109,229,17960.319824
1.906858,42,17999.201912
-1.332992,172,18022.809288
1.921479,53,18049.777241
1.940095,29,18061.546273
1.68836,83,18077.116043
-0.677881,300,18117.760412
1.716674,87,18154.175477
1.996822,5,18169.279046
1.91578,38,18176.91419
1.59198,216,18202.403677
1.916415,42,18226.506785
-0.43003,300,18261.814494
-1.322502,129,18318.318981
1.911997,41,18345.318982
1.898042,43,18357.903931
-1.893219,294,18567.398911
1.896638,44,18597.195491
-1.743831,246,18628.106895
1.835398,66,18655.364518
-0.891738,300,18693.09226
-0.454133,300,18746.171118
-1.212337,57,18773.744203
1.939402,32,18785.707305
1.959789,30,18795.887313
-0.750438,300,18829.363438
-1.251642,74,18858.178597
1.842313,114,18879.840532
1.903301,48,18897.028102
-0.492055,300,18931.821168
-1.32898,210,18978.25188
1.95085,53,19006.179579
-1.168834,300,19042.53271
-1.805809,243,19094.873589
-1.795145,205,19141.65399
1.899325,41,19174.293171
-1.469401,193,19203.799809
1.880332,49,19233.854316
1.899994,42,19246.918334
1.671937,129,19266.511849
1.623888,127,19300.046135
1.933525,52,19327.983542
1.930756,33,19339.754551
-1.251861,95,19357.35857
1.878445,53,19374.099307
-0.713236,300,19410.964693
1.884043,58,19444.851954
1.890811,49,19459.781335
1.957044,25,19471.853999
1.544631,113,19488.165432
-1.020608,300,19531.089309
1.86733,53,19566.746336
1.906735,46,19580.560886
-1.137814,45,19591.258615
-1.092973,42,19600.612358
1.910183,59,19614.030787
1.974584,19,19626.419039
-0.760715,300,19658.532455
1.965866,29,19698.85483
-2.115077,169,19719.173097
-1.814339,300,19768.407746
-0.906565,300,19831.63679
1.907529,57,19870.813244
-0.805306,300,19910.142579
1.909384,49,19945.161709
-0.867307,300,19982.384869
1.898615,47,20023.276219
1.788054,96,20046.249911
-1.343424,91,20071.612057
1.901451,63,20091.88165
-1.357755,194,20122.143673
1.832208,96,20154.465244
-1.671124,214,20189.315229
1.877949,72,20230.210592
1.914194,38,20248.410393
1.963409,40,20263.890145
-1.26123,127,20284.539406
1.902337,41,20303.836909
-0.383125,300,20344.105321
-1.042221,300,20425.356674
1.919131,35,20469.639831
1.872317,53,20481.179704
1.905263,58,20497.449203
1.898875,47,20514.662919
-1.454419,249,20549.933042
1.847513,77,20603.843772
-1.162522,137,20630.345671
1.763897,124,20675.255961
1.92925,33,20696.847942
-0.900351,300,20732.845472
1.710152,104,20770.721675
-0.80413,300,20979.853045
-0.533844,300,21040.930885
1.968876,21,21076.29458
1.828997,109,21091.900526
-1.955132,215,21125.35681
-0.536905,300,21173.722873
1.855408,101,21218.956378
1.872596,64,21242.370857
1.914342,50,21257.360132
1.861494,85,21272.613929
-0.76209,300,21313.459028
1.881638,44,21353.571965
-0.69791,300,21391.722216
1.797351,130,21435.750144
-0.684186,300,21489.378206
1.928269,34,21521.146278
1.965786,39,21531.53278
-0.515474,300,21565.205062
-0.696789,300,21625.477528
1.914061,72,21661.546523
1.896734,84,21678.173352
1.913675,57,21702.358621
-1.565329,187,21731.415771
-1.057221,37,21759.116645
-0.672858,300,21796.063016
1.826747,129,21831.913172
1.882195,48,21856.229473
1.883731,47,21872.955199
1.953243,27,21887.359793
-0.599439,300,21920.086699
1.814169,86,21959.97837
-1.161353,69,21983.132289
1.770765,153,22006.434361
1.906646,38,22025.590996
-0.573631,300,22063.4404
-0.449949,300,22125.554504
1.882388,63,22158.280866
1.88705,45,22172.280042
-1.037322,38,22185.933871
-0.896893,300,22220.622064
-0.730666,300,22281.043003
-1.00032,300,22343.688063
1.795554,107,22392.879448
1.863725,50,22411.220124
1.924534,47,22426.560285
1.782724,116,22448.20627
1.969122,20,22469.44076
-1.078345,300,22501.660627
1.89231,64,22544.270457
-0.635586,300,22578.842198
-0.610069,300,22632.423502
1.941425,57,22663.379714
1.862032,49,22674.492616
1.87905,82,22691.439015
-0.404374,300,22729.756163
1.819464,131,22768.540509
1.953043,35,22791.140261
1.917152,53,22804.762695
-1.232838,300,22841.77598
-0.481518,300,22911.045184
1.953322,47,22942.896333
1.923899,35,22953.782894
1.452421,246,22984.75235
1.959303,36,23014.499942
1.855171,84,23029.037418
1.93184,41,23046.585849
1.866399,52,23063.29854
1.813582,95,23081.455813
1.852586,107,23103.295265
-0.714318,300,23146.338727
1.945602,27,23450.036256
1.749908,109,23466.686285
-0.500532,300,23510.337002
1.714516,139,23558.500891
1.893261,54,23577.593693
1.907924,50,23591.635576
-0.828783,300,23628.18313
1.861345,51,23658.552811
1.951313,30,23673.143004
1.986054,17,23680.839803
-0.831194,300,23713.368177
1.909554,74,23760.491004
-0.781925,300,23796.713738
1.945461,37,23835.229216
-0.817546,300,23870.918595
-0.521493,300,23928.35638
1.796461,100,23969.867185
-0.80294,300,24014.976501
1.900482,72,24058.524302
1.895092,52,24069.670123
-1.074432,300,24110.251503
1.946629,47,24143.658023
1.840885,108,24161.560944
1.864095,52,24177.584098
1.980961,15,24188.656468
-1.175895,104,24201.982336
1.832214,103,24225.257801
1.848733,80,24245.282982
-0.474043,300,24285.352515
1.933936,34,24317.926925
-1.059083,300,24352.394097
1.944978,32,24383.795233
1.706399,95,24399.374873
1.937823,37,24418.60576
1.551974,114,24438.004705
1.659251,158,24468.313295
-1.138432,300,24515.42354
1.909254,48,24546.914116
1.880258,50,24559.683515
1.479842,146,24580.766596
1.890094,53,24606.405061
1.853075,57,24620.476828
1.857281,66,24635.010353
1.879286,60,24652.739754
-1.213266,300,24688.475281
1.97843,21,24713.144389
1.826037,64,24723.710434
1.842654,104,24743.382849
1.855735,92,24764.416929
1.856977,63,24781.781636
1.916979,39,24795.206206
1.692054,89,24809.477809
1.967658,28,24824.44461
1.758097,95,24839.161385
1.846113,56,24859.475859
1.627985,110,24878.537347
-0.412205,300,24921.631
-1.122596,300,24977.257272
1.892754,42,25004.053505
1.931107,45,25015.639783
1.939884,36,25026.224514
1.931942,41,25036.408337
1.876653,67,25051.33819
1.987878,12,25063.250845
1.888985,88,25075.339983
-1.366291,300,25115.384965
-0.791154,300,25169.568116
-1.287876,157,25213.865969
1.928431,48,25237.862207
1.85829,60,25251.192529
1.966289,27,25265.104344
1.878801,88,25279.214638
-0.612294,300,25315.755633
1.869721,62,25344.86792
1.943563,29,25357.80378
1.860605,60,25368.592863
1.826705,69,25386.493797
1.876313,92,25406.761409
1.883261,44,25420.44584
1.952623,27,25431.902159
1.806701,76,25445.609913
1.819617,101,25466.120849
1.801782,72,25487.052874
1.848114,57,25503.065276
1.946915,36,25517.094147
-1.277592,138,25536.925786
-1.284741,300,25581.911956
-0.384756,300,25808.155252
1.974585,19,25841.090719
-1.701422,300,25872.723646
1.643949,203,25923.276815
1.868265,54,25950.012678
1.856066,55,25967.186603
1.892535,54,25981.223455
-0.956022,300,26021.28582
1.938583,67,26060.351551
1.793055,87,26078.817719
1.621469,110,26100.923421
-1.062588,45,26120.490251
1.745573,96,26137.882681
1.868224,49,26156.860881
1.553115,153,26179.817482
1.887403,46,26201.278756
1.967292,38,26212.402292
1.922871,58,26225.194827
1.762987,102,26242.606688
-0.438635,300,26285.254107
1.885849,47,26318.322598
-1.190849,300,26355.176889
-0.714788,300,26407.531317
1.881603,51,26443.977039
0.855996,241,26474.238138
-1.16209,67,26507.920137
1.890722,68,26524.249609
1.909499,38,26539.541898
1.883548,81,26555.009021
1.949927,53,26571.907162
1.929183,46,26584.026365
1.623411,130,26603.727016
1.964931,35,26623.828829
1.808097,86,26636.282706
-0.477336,300,26676.515986
1.868077,60,26703.482879
-0.548671,300,26740.231112
1.963508,22,26767.846712
1.807745,73,26779.895394
1.435083,158,26803.418869
1.934368,34,26825.917992
-1.21064,300,26858.878271
1.897546,46,26895.519133
1.942153,30,26909.927535
1.923991,59,26921.82645
1.593597,145,26942.78387
1.945584,38,26963.403443
-1.134493,300,26997.460607
-0.994796,300,27053.046328
1.98388,14,27080.827216
1.922703,36,27087.630457
1.986717,13,27095.587293
1.832307,88,27107.341769
1.912943,45,27125.607217
1.75947,155,27149.092452
1.845873,78,27174.410199
-1.10185,300,27214.820363
1.853368,84,27250.530839
1.843518,84,27268.830508
1.908204,46,27281.623952
1.712968,100,27298.286357
1.920914,60,27320.303641
1.947621,46,27333.686654
-0.765048,300,27371.30661
-1.169538,300,27422.856371
1.885851,64,27457.93071
1.912233,41,27472.403433
1.941873,39,27486.436144
-1.143508,57,27497.761033
1.824865,87,27516.230276
1.937245,45,27533.223313
1.752333,84,27548.86629
1.938585,49,27566.257732
1.931894,52,27579.386666
1.959547,27,27589.340816
1.688618,104,27605.38371
1.910421,40,27623.7378
1.973463,19,27633.729493
1.937366,32,27641.602532
-1.19481,300,27674.452534
1.792622,103,27710.615672
1.980352,18,27726.43465
1.891317,44,27734.291381
1.74675,86,27750.57671
-1.45049,138,27774.962431
1.917127,39,27801.841558
1.927527,50,27813.705439
1.859577,85,27830.581622
1.918079,41,27847.852471
-0.764561,300,27882.09251
1.916297,38,27917.814116
1.933028,34,27928.07501
-1.382862,134,28142.062775
1.940191,34,28163.443072
1.449932,230,28190.101542
1.792606,82,28223.431926
1.841752,75,28244.730836
-1.301802,134,28270.424656
1.579226,194,28302.121046
1.931841,35,28322.620081
-1.118779,47,28334.863654
1.625107,131,28356.807006
1.877947,50,28381.291858
1.8939,52,28394.72714
1.922515,42,28408.119041
1.953169,27,28420.131815
1.705986,125,28437.606501
-1.123009,53,28460.071458
1.925283,48,28473.546335
1.923642,45,28484.46934
1.781237,83,28500.004462
1.90375,46,28517.237035
1.891959,57,28531.054438
1.813027,91,28548.656906
1.915059,40,28565.226861
1.867643,48,28577.006897
1.712183,119,28597.321893
-0.425096,300,28640.580638
-0.647892,300,28690.124961
1.91794,38,28719.478579
1.960962,35,28730.562845
1.793873,80,28744.535484
1.924088,39,28760.454861
1.571006,138,28784.934973
1.940471,31,28805.336836
-0.438285,300,28839.880661
-0.525114,300,28895.283348
-1.416128,144,28937.47189
-0.590251,300,28985.699559
-0.623507,300,29040.820807
1.782006,94,29076.341142
1.920058,53,29097.451617
1.807254,113,29115.96203
1.945475,29,29132.889085
1.8434,66,29145.18702
1.319282,191,29171.606129
1.956638,26,29198.52298
1.903108,53,29209.538554
1.705761,100,29227.256473
-0.460713,300,29270.363286
-0.567009,300,29325.746968
1.89338,46,29360.55766
-0.599357,300,29396.187546
1.976393,17,29427.372012
1.908565,41,29434.527757
1.889456,66,29451.626492
1.876776,77,29466.772114
1.583328,139,29496.533127
1.978685,19,29516.064526
1.85641,64,29526.47047
1.913786,41,29539.477666
-1.026198,300,29574.080454
1.927386,37,29609.980787
1.843676,100,29628.204691
-1.660023,211,29661.607958
1.881173,47,29688.469943
1.975024,19,29700.078058
1.895821,68,29711.446522
1.890337,48,29724.687258
-0.723065,300,29759.224631
1.927575,38,29791.731398
1.864754,57,29804.780929
-0.714369,300,29841.256198
-0.620352,300,29896.169707
1.792595,83,29926.408138
1.70256,101,29947.838043
1.952592,26,29967.613122
1.971812,35,29977.896149
1.778983,95,29994.482885
1.701603,91,30015.379573
1.934851,35,30031.976983
1.869862,81,30046.774635
1.981625,17,30067.762443
1.923488,59,30077.38216
1.885519,47,30093.144129
1.747952,87,30110.504073
1.934771,46,30130.903142
1.79818,96,30148.087243
1.884363,51,30165.721139
1.873652,54,30182.452195
1.900446,66,30198.279894
1.864839,65,30215.821455
1.681239,111,30238.519409
-1.148134,54,30259.298918
1.928839,45,30274.615231
1.965224,23,30286.815882
1.953594,29,30295.480626
1.715508,83,30311.425118
1.843629,80,30329.926417
1.850144,79,30349.262161
1.911329,41,30363.079752
1.878039,51,30376.857829
-0.482104,300,30577.004174
1.959006,25,30602.649917
-1.334687,148,30622.325746
1.919041,43,30649.164666
1.951861,28,30660.760515
1.97998,18,30668.787076
1.917077,60,30678.106514
1.772458,99,30695.954405
1.884821,53,30712.849588
1.942872,30,30727.281555
1.796199,68,30739.639028
-0.672731,300,30777.153756
1.874053,53,30809.872157
1.869723,64,30826.983506
1.911227,38,30843.833182
1.957806,29,30854.751408
1.794812,96,30869.947655
1.944171,29,30890.363126
1.850352,59,30902.199324
1.933054,34,30913.853606
-1.563596,116,30933.707455
1.894859,46,30954.061762
1.940166,31,30964.654356
1.898599,54,30976.181274
1.651334,140,31002.021701
1.872371,52,31024.124059
1.954972,39,31039.506099
1.983257,17,31048.274247
1.974048,19,31056.080269
1.86749,68,31066.3992
1.882257,49,31087.438397
1.655023,94,31104.484449
1.720106,133,31131.936918
1.922598,40,31155.338222
1.913054,52,31167.944824
1.930628,45,31182.643112
1.869695,63,31197.045771
1.891386,79,31216.14538
1.732951,155,31240.704443
-0.419414,300,31281.951011
1.963042,24,31313.9835
1.435707,242,31340.356345
1.87427,54,31369.733902
1.878914,66,31384.557256
1.770155,93,31403.026286
1.885864,47,31420.963346
1.838504,78,31436.367465
-0.625364,300,31479.468942
-1.408599,175,31527.591677
1.911819,48,31551.398471
-0.575369,300,31587.778527
1.886814,90,31625.336562
1.772651,90,31648.542812
1.870166,52,31665.659271
1.580661,165,31692.049282
-1.815444,196,31729.995847
1.909789,39,31751.424989
-0.488145,300,31787.940525
1.796812,69,31824.41572
1.878621,56,31842.131827
1.908189,41,31857.971097
1.906801,45,31869.874329
1.747927,115,31890.26807
1.903516,46,31914.678401
1.881904,48,31926.204504
1.931156,45,31940.743374
1.91707,39,31954.333682
1.927112,38,31966.487896
1.696268,129,31985.994174
1.839833,104,32013.548796
1.984436,15,32028.939643
1.871847,55,32037.8115
1.804098,89,32056.521522
-0.539968,300,32099.673043
1.725064,81,32140.406502
1.771598,113,32165.790186
1.889713,47,32187.718346
1.887936,49,32202.368404
-0.408172,300,32239.933788
1.929789,39,32267.645733
-0.493594,300,32301.91954
1.865596,55,32340.697596
1.92386,39,32355.098852
1.857123,72,32369.182853
1.830445,85,32391.723952
1.944262,38,32412.246736
1.941943,34,32423.201768
1.936775,55,32436.00261
1.92523,37,32451.776257
1.888306,45,32461.7507
1.896917,56,32476.798592
1.897824,43,32491.098849
-0.802038,300,32527.057427
1.818684,64,32573.561119
1.918245,44,32592.380507
1.945206,47,32605.714201
1.914765,38,32620.787269
1.909946,41,32632.504458
1.87782,48,32644.612132
1.88783,44,32657.198047
1.893667,81,32672.93733
1.960753,27,32687.605107
1.973897,19,32694.561535
1.663168,281,32725.819668
1.910253,59,32758.521221
1.92508,37,32771.826013
-0.377969,300,32806.494153
1.784289,91,32844.928301
1.96246,24,32863.172095
1.901997,41,32873.267296
1.990183,11,32883.862303
1.812773,80,32895.799196
-1.219462,115,32917.762043
1.894922,43,32936.735727
1.926859,57,33051.054728
1.945707,43,33061.927561
1.927279,36,33072.999374
1.915761,53,33085.216178
1.86453,97,33103.316884
1.832662,75,33122.283536
1.883864,62,33139.351046
1.7883,115,33161.642585
1.943467,31,33181.798643
1.932348,33,33193.053422
1.937732,41,33203.343574
1.88104,73,33217.88062
1.834752,76,33238.805812
1.89047,48,33253.468417
1.909376,43,33266.079404
1.828034,61,33280.187416
1.931252,49,33294.491665
1.969493,21,33304.197782
1.832844,72,33315.909559
1.646528,215,33349.093842
1.961596,24,33376.917564
1.840778,82,33390.389311
1.8768,53,33408.42914
-0.427861,300,33443.508195
1.89079,44,33478.548389
1.890474,50,33491.366223
1.940147,30,33504.310915
1.969733,27,33514.478245
1.841507,69,33526.27717
1.817222,94,33545.219079
1.831247,61,33564.552871
1.771361,94,33583.564409
-1.386257,114,33606.657182
1.98129,16,33629.294279
1.798979,63,33639.34792
1.896141,43,33653.773327
1.877978,55,33668.115742
1.958071,30,33680.809356
1.378603,266,33709.989357
1.883094,69,33746.438852
-1.135897,63,33763.220986
1.841636,71,33779.895587
1.910091,70,33802.373492
1.807783,68,33816.661372
1.868874,115,33838.398741
1.971584,31,33858.913856
1.863793,56,33870.383157
1.844608,63,33887.013427
1.914506,38,33899.806377
1.960641,23,33908.371683
1.900702,67,33920.26706
1.958321,38,33934.258451
1.873243,57,33945.680312
1.775712,106,33966.178493
-0.341291,300,34011.018309
1.870747,52,34049.409918
1.793828,74,34066.097436
1.887596,53,34082.96194
-1.147592,59,34098.329579
1.90117,41,34112.227689
1.868302,75,34128.111578
1.940989,34,34142.258343
1.977631,21,34151.271803
1.94856,43,34159.267744
1.844869,67,34174.758099
-1.097382,41,34189.700196
1.9499,50,34204.172889
1.865159,67,34220.31726
1.979574,23,34235.361838
1.971432,33,34243.161248
-1.209136,300,34277.093821
1.71107,87,34310.849627
1.878152,58,34329.328985
1.719347,88,34348.73825
1.762836,135,34375.35122
1.642835,189,34412.510738
1.906837,75,34442.824533
1.935134,52,34458.473001
1.883142,51,34473.497039
-0.621962,300,34508.86463
1.801549,67,34547.68671
1.973279,32,34561.525381
1.710029,85,34574.674161
1.839368,83,34596.844337
1.849443,59,34613.081668
1.95181,40,34628.879087
1.942098,32,34639.4412
-0.677825,300,34672.308867
1.801289,68,34704.148153
1.96739,22,34718.490982
1.656983,112,34734.892459
1.840403,78,34757.502118
1.916781,39,34774.159142
1.744174,100,34794.336951
1.797995,97,34819.830642
1.882214,64,34838.934123
1.873478,76,34859.184499
1.543968,121,34884.528526
1.831559,81,34907.49474
1.896994,47,34924.11997
1.895737,46,34938.294423
1.834191,92,34955.766598
1.888122,46,34976.538062
1.916416,38,34989.036572
1.848853,110,35009.792913
-1.139899,59,35034.325113
1.90058,58,35051.065861
1.795465,62,35068.521711
1.936235,36,35084.77212
1.978352,21,35093.71435
1.930627,36,35102.559077
1.690359,97,35119.29688
1.69124,98,35146.201764
1.927606,40,35166.95614
1.924314,44,35178.733207
1.882776,68,35194.903479
1.959924,32,35209.704931
1.825966,97,35224.651691
1.871054,93,35248.03199
1.784273,69,35267.02586
1.9149,48,35283.899541
-1.118739,70,35298.203107
1.529527,183,35327.239587
1.947093,30,35354.160712
1.732584,126,35375.302954
1.935343,34,35390.503387
1.950682,40,35401.112302
1.913816,51,35413.362765
1.941715,32,35428.836379
1.908499,47,35439.239386
1.851811,61,35452.883706
1.874355,88,35470.690673
1.976083,24,35485.034305
1.936092,33,35493.310008
1.949921,42,35503.83195
1.953388,30,35515.70459
-1.71974,293,35643.336977
1.880301,48,35682.682514
1.948902,31,35693.779443
1.890576,45,35704.226294
1.847471,57,35718.432215
1.926442,37,35730.843389
1.797312,87,35745.260043
1.903765,43,35758.955167
-0.758015,300,35795.269272
1.801406,107,35836.611293
1.835614,76,35858.490808
-1.374227,239,35893.579787
1.912496,42,35920.474948
1.875561,48,35931.828048
1.774338,84,35951.907218
1.812671,98,35974.233974
1.617562,172,36007.750918
1.813086,126,36040.772676
1.973552,20,36060.729871
1.888635,45,36069.695935
1.941324,31,36081.701577
1.87729,98,36096.215484
1.936425,49,36117.725477
1.906367,58,36133.29349
1.802343,65,36150.953748
1.807508,113,36170.682797
1.787288,76,36192.815547
1.883765,52,36208.543213
1.973566,20,36218.69743
1.9021,61,36230.565237
1.920919,38,36244.757617
1.866024,53,36258.383687
1.96546,22,36270.76377
1.879914,59,36281.156701
1.907821,44,36293.650454
1.918748,35,36304.517839
1.888831,75,36317.84522
1.904764,43,36334.406651
1.956559,46,36346.3934
1.954176,40,36356.329015
1.872063,68,36370.775772
1.8263,97,36392.778533
1.937189,57,36413.180465
1.715325,88,36427.588464
-1.140365,118,36452.296618
1.709427,88,36475.138938
1.850357,52,36496.491451
1.706611,104,36514.336355
1.968176,34,36533.422745
1.737837,125,36550.865942
1.945361,62,36574.297472
1.990776,10,36586.359214
1.9258,37,36593.425884
1.965167,30,36602.989839
1.702455,209,36627.553648
1.869415,81,36655.688317
1.848163,57,36675.550256
1.952283,27,36687.517991
1.939737,32,36696.944452
1.945203,32,36707.066804
1.881183,59,36720.02077
1.935906,32,36733.08688
1.941988,31,36743.033125
1.819353,65,36755.582889
1.740381,141,36779.698531
1.720558,122,36809.073382
1.804467,112,36837.248216
1.920642,42,36856.657803
1.90232,49,36868.084536
1.895108,54,36884.582172
-0.371156,300,36919.220355
1.85684,83,36950.65645
1.909211,43,36965.403949
1.932853,39,36979.834753
1.91315,67,36994.156112
1.87415,50,37005.699076
1.713367,115,37024.659431
1.828186,60,37048.878329
1.944301,42,37065.340892
1.82302,67,37082.113476
1.864412,49,37099.591614
1.545182,114,37119.013698
1.771673,81,37142.734059
1.873587,75,37163.709406
1.861387,57,37183.97994
1.989723,11,37194.462156
1.815659,117,37209.055502
1.902889,51,37225.58363
1.842546,89,37243.141373
1.94895,28,37262.578944
1.927415,46,37273.781908
1.854618,89,37288.802145
1.951745,29,37303.733238
1.923905,35,37314.717986
1.715869,86,37329.225213
1.749587,113,37354.5684
1.851043,58,37376.8925
1.87224,49,37392.390752
1.870506,83,37409.071259
1.822379,74,37427.443034
1.875946,55,37442.332374
1.862056,69,37463.061344
1.753846,77,37482.420514
1.603795,108,37505.540945
1.734237,105,37532.38895
1.753612,86,37555.391144
1.925465,73,37574.377805
-1.812881,262,37611.936052
1.829173,57,37643.945136
1.903766,42,37658.935725
1.640736,109,37676.301767
1.848983,67,37695.739048
1.963812,22,37711.78529
1.876087,72,37724.348769
1.833219,100,37742.870521
1.885464,45,37763.948676
1.967735,39,37776.749833
1.938186,34,37787.099013
1.842222,55,37798.254162
1.755689,110,37817.610927
1.850553,60,37838.885498
1.763777,110,37861.458834
1.84295,131,37891.47614
1.907185,49,37913.944253
1.871107,48,37926.700344
1.845956,78,37944.022857
1.964601,24,37957.816512
1.957035,25,37965.201552
1.710979,94,37980.458283
1.950996,32,37999.163165
1.963918,29,38009.335384
1.781944,78,38023.164874
1.947637,30,38040.591733
1.905764,47,38051.253269
1.913854,62,38066.661511
-0.383874,300,38247.306942
1.889077,71,38282.393702
1.942863,30,38299.37801
1.892845,51,38312.783596
1.784156,90,38330.07004
1.869182,65,38346.999822
1.755274,99,38366.814183
1.633606,114,38393.411859
1.926197,35,38414.981642
1.92203,37,38426.536231
1.899604,69,38440.354063
1.784938,87,38456.683299
1.974328,21,38473.142697
1.982032,20,38479.76452
1.985402,14,38487.040102
1.96851,23,38493.47697
1.903078,62,38503.831383
1.969143,24,38516.788117
1.982947,17,38522.915418
1.932067,45,38531.913907
1.966922,25,38542.852664
-1.062988,43,38556.244132
1.838249,57,38570.474914
1.936228,34,38586.932862
1.869329,52,38598.545682
1.934904,35,38611.92806
1.860235,75,38624.989064
1.866923,55,38644.154247
1.931746,50,38658.539875
1.876894,48,38671.811715
1.898119,51,38686.10049
1.919299,36,38697.697903
1.960157,32,38709.032295
1.874207,55,38719.896807
1.71026,198,38747.967742
1.956882,27,38775.16652
1.855644,88,38788.366659
1.870792,51,38808.300028
1.835224,95,38828.711218
1.94201,40,38847.314925
1.73926,92,38863.690191
1.850513,57,38882.282063
1.860169,55,38898.761912
1.702199,98,38916.190702
1.876262,50,38936.307619
1.879791,52,38949.406365
1.961256,24,38963.598869
1.797366,93,38978.190974
1.899073,45,38997.068858
1.894369,47,39009.028721
1.864248,76,39025.501307
1.771186,121,39050.282273
1.875918,75,39066.366961
1.867664,96,39087.596114
1.873564,87,39107.029771
1.889106,60,39123.902692
1.762768,76,39142.489691
1.736359,150,39169.277297
1.905805,47,39192.844521
1.991254,11,39201.950797
1.876503,63,39211.718561
1.97213,33,39228.577051
1.754103,139,39246.908157
1.713819,100,39278.107273
1.864282,55,39296.460897
1.612215,125,39316.799453
1.977984,18,39339.192595
1.886039,96,39351.711076
1.993935,9,39368.331649
1.929455,38,39374.754966
1.749849,90,39389.707711
-1.511022,198,39422.860117
1.975999,20,39441.666001
1.838733,62,39451.821567
1.832338,93,39470.4619
1.894741,44,39493.122026
1.896465,87,39510.144245
1.871472,79,39531.281162
1.795052,95,39550.079239
1.847507,79,39572.462145
1.786715,72,39591.825993
1.834773,56,39608.611555
1.958398,46,39621.402294
1.782878,77,39636.737836
1.871939,96,39658.896802
1.874099,48,39679.204983
1.846398,72,39694.94617
1.938295,32,39708.976776
1.973102,23,39718.462245
1.927182,40,39728.816894
1.940723,36,39739.320315
1.942108,31,39751.435523
1.722738,98,39766.822868
1.756615,87,39789.514675
1.773206,102,39810.999628
1.930041,46,39836.017495
1.916103,48,39849.082743
1.767622,87,39866.526745
1.932211,33,39882.735835
1.609319,148,39905.383358
1.853384,55,39928.211137
1.880491,71,39943.944169
1.98214,23,39958.678963
1.906691,44,39967.189955
1.975282,19,39978.507161
1.779587,88,39991.435885
1.825658,85,40014.743631
1.847602,57,40035.332188
1.630867,139,40057.127802
1.960772,39,40078.960332
1.846912,83,40092.750321
1.769865,72,40116.822061
1.871492,85,40138.018066
1.725962,94,40159.309051
1.944466,32,40175.801057
1.859082,52,40187.624518
1.929922,35,40199.8706
1.746451,92,40215.505473
1.804433,94,40236.420174
1.872781,61,40255.967989
1.923619,37,40271.472285
1.984226,18,40280.865646
1.862411,67,40290.899605
1.79538,69,40308.132669
1.870407,79,40328.208579
1.959578,25,40345.349221
1.894244,47,40354.397313
1.870476,54,40366.908461
1.878134,47,40384.130265
1.990136,13,40394.601328
1.94621,31,40403.777106
1.955011,38,40414.500639
1.897475,45,40425.934591
1.965023,23,40436.447683
1.868039,58,40447.661353
-0.643364,300,40485.174795
1.926481,45,40517.600133
1.816224,88,40537.594746
1.840225,113,40560.005036
1.852384,72,40588.09062
1.689233,117,40609.083416
1.862868,60,40629.168472
1.876141,55,40645.757499
1.630635,122,40664.623184
1.937195,37,40689.055184
1.894648,44,40700.693513
1.910919,69,40715.804822
1.954045,48,40731.366702
1.688315,103,40749.387142
1.914314,39,40767.761638
1.750609,83,40782.209749
1.837268,95,40802.173274
1.933327,49,40820.195807
1.860101,94,40987.144545
1.777513,69,41003.993339
1.939689,59,41022.29034
1.967486,22,41035.899485
1.952018,35,41044.816896
1.920722,41,41054.455831
1.858573,70,41066.199846
1.799163,73,41083.174808
1.886682,55,41098.639474
1.781175,84,41115.495431
1.933703,52,41133.423892
1.786905,75,41152.100235
1.882419,95,41172.724967
1.85518,62,41191.928575
1.839149,82,41210.874612
1.839308,79,41230.362941
1.70818,113,41252.818503
1.767979,114,41277.530542
1.818821,90,41302.574728
1.849747,76,41323.713007
1.607515,123,41343.688035
1.987374,12,41367.198149
1.912496,39,41374.563154
1.931223,54,41388.388191
1.856539,55,41403.428714
1.978008,23,41413.722585
1.832483,69,41425.061547
1.976547,25,41437.677
1.925223,44,41448.132695
1.853541,72,41461.942146
1.877126,72,41479.832274
1.924416,52,41494.229452
1.790948,77,41510.653693
1.761927,82,41530.075398
1.725765,98,41551.993561
1.797617,64,41572.488203
1.877578,53,41588.109266
1.890137,43,41601.201508
1.770643,81,41618.412518
1.931849,36,41633.187345
1.973783,22,41643.001066
1.780511,79,41654.753752
1.828349,69,41672.187696
1.845275,66,41688.646828
1.92466,67,41705.331205
1.958603,27,41722.709142
1.901125,41,41733.510643
1.968519,23,41743.44385
1.802664,102,41758.031434
1.786852,68,41779.927797
1.612253,123,41803.91039
1.842528,62,41825.241921
1.921983,42,41839.33006
1.845965,56,41852.100244
1.938682,39,41865.544031
1.673578,103,41882.342214
1.850414,56,41904.681756
1.930826,40,41918.940386
1.922171,35,41929.20666
1.976961,21,41938.588921
1.710357,85,41952.1817
1.91415,58,41969.3158
1.880877,54,41983.885987
1.974195,19,41995.805661
1.888321,45,42004.548676
1.753257,91,42020.91872
1.79449,80,42041.962984
1.960409,25,42059.06253
1.856706,92,42073.025974
1.882064,47,42089.694127
1.84982,121,42111.60337
1.860091,85,42137.678108
1.921727,61,42155.445332
1.847049,80,42174.925254
1.915228,60,42195.219436
1.79591,84,42213.852976
1.883378,53,42232.106257
1.891096,47,42249.373555
1.815695,112,42269.469373
1.650923,105,42298.62327
1.888551,44,42320.973447
1.991243,11,42330.499782
1.868921,91,42341.671948
1.949096,45,42359.613251
1.905538,44,42373.495188
1.830171,69,42387.232567
1.728307,114,42412.149744
1.81038,81,42437.174612
1.79912,79,42459.16555
1.665686,112,42480.5728
1.975359,19,42496.419482
1.934315,59,42506.899091
1.822782,95,42527.546624
1.912539,39,42548.736023
1.925898,37,42560.122713
1.963266,30,42572.231153
1.910496,43,42580.997452
1.905535,40,42592.202461
1.926515,35,42604.091611
1.923806,39,42615.508386
1.775822,91,42631.88285
1.892272,71,42652.000349
1.867545,53,42668.471599
1.907592,52,42682.954406
1.810952,83,42700.332869
1.921158,39,42716.455275
1.891273,54,42728.552198
1.875184,74,42743.635779
-1.335122,103,42764.797974
1.932241,34,42782.196108
1.772792,103,42798.443697
1.9823,15,42812.557164
1.836363,61,42821.978086
1.700409,100,42842.062287
1.932485,56,42862.082921
1.720166,96,42880.90411
1.975267,19,42896.130973
1.95277,26,42903.58218
1.814383,67,42915.951707
1.634359,112,42936.570309
1.797593,81,42960.774284
1.775211,109,42985.696088
1.948185,28,43003.719713
1.897343,53,43016.090032
1.879033,50,43030.020345
1.978023,28,43041.922587
1.90168,50,43051.158712
1.871586,52,43064.026402
1.84225,83,43081.078645
1.95311,35,43095.197066
1.94128,31,43104.238183
1.680522,101,43120.99029
1.868871,73,43143.982928
1.89142,44,43157.41569
1.845313,85,43172.382258
1.916496,78,43191.459642
1.917683,38,43208.217094
1.739714,78,43225.322335
1.929145,39,43242.10235
1.792441,121,43260.770491
1.857493,72,43282.811111
1.879077,76,43300.374321
1.891736,43,43316.586182
1.896581,60,43330.082067
1.895356,56,43348.783207
1.891711,45,43362.692781
1.936067,54,43377.495375
1.863814,70,43391.92197
1.860674,79,43409.94203
1.956242,25,43423.682909
1.767014,72,43436.357166
1.977331,19,43456.624912
1.896642,43,43466.299017
1.66229,108,43485.945593
1.876543,73,43511.218225
1.830351,84,43530.863503
1.92363,54,43548.660973
1.914904,39,43560.302048
1.829774,92,43576.167095
1.770638,106,43734.709812
1.94222,36,43754.12472
1.848394,77,43768.181221
1.965869,23,43782.961682
1.889117,60,43794.412443
1.985802,14,43806.699039
1.890038,46,43815.348949
1.869564,67,43831.388138
1.797438,67,43850.568683
1.747355,112,43870.910033
1.977845,17,43892.39318
1.914123,39,43901.325116
1.782371,108,43918.225488
1.866183,56,43940.248103
1.716795,102,43958.561234
1.942022,30,43975.25669
1.656473,105,43992.392401
1.902163,69,44014.377286
1.769995,74,44030.845427
1.958653,26,44045.100128
1.858726,68,44057.457958
1.880789,101,44079.172484
1.797378,118,44105.458224
1.845703,90,44134.569982
1.910964,47,44151.06418
1.801507,81,44167.163347
1.777702,90,44189.731612
1.927182,60,44210.630413
1.840387,56,44223.014443
1.901714,57,44239.269589
1.920789,40,44251.559901
1.868552,53,44264.228274
1.93957,31,44276.970407
1.868737,58,44288.413187
1.819556,129,44310.256865
1.867118,50,44338.395325
1.938858,31,44349.708746
1.849743,58,44362.543222
1.982595,19,44374.155423
1.745687,96,44386.829259
1.761363,110,44413.542181
1.859182,80,44437.086288
1.85004,124,44459.559548
1.881998,53,44477.567591
1.845447,65,44492.816061
1.827056,82,44511.678345
-1.200073,88,44530.888921
-1.269341,82,44552.197929
1.901901,49,44568.686672
1.867709,52,44581.475611
1.779625,137,44601.462772
1.96459,26,44624.100202
1.910548,41,44633.252529
1.787961,93,44648.004109
1.874636,71,44667.869328
1.926215,46,44681.794696
1.813528,96,44698.203978
1.907638,49,44716.180504
1.912375,77,44731.4911
1.940273,42,44749.1358
1.98893,13,44759.673198
1.852586,58,44770.517736
1.979152,28,44783.124686
1.878946,64,44795.722187
1.92259,42,44811.142174
1.797508,70,44826.11994
1.744377,105,44847.048724
1.972198,24,44862.92589
1.772713,81,44875.720747
1.896876,44,44892.21079
1.969514,22,44903.656708
-1.128356,51,44914.017358
1.904514,45,44926.513843
1.930821,40,44938.763101
1.945494,34,44949.979149
1.980758,24,44961.989751
1.850227,73,44973.297956
1.951263,42,44992.668612
1.898809,65,45004.62983
-1.348299,118,45025.504468
1.777934,128,45051.52845
1.722955,120,45080.857958
1.941116,30,45102.568094
1.946256,30,45111.42099
1.987787,14,45121.20535
1.888804,52,45129.294065
1.719651,128,45149.993541
1.930153,48,45171.007228
1.952417,27,45184.51514
-0.385391,300,45216.835886
1.890146,79,45250.605389
1.825131,60,45268.806311
1.954236,27,45281.683214
1.796529,111,45297.785578
1.915478,46,45317.974873
1.987236,13,45328.046711
1.973863,21,45333.794627
1.934756,57,45345.451717
1.931764,33,45355.669124
1.962174,25,45363.978335
1.986208,17,45370.727874
1.915759,38,45378.146208
1.867831,68,45393.102078
1.638572,97,45412.857784
1.898649,65,45435.825543
1.962357,25,45446.491591
1.846223,57,45457.451099
1.944963,30,45470.067559
1.956626,25,45478.820949
1.850422,56,45490.49369
1.871684,62,45505.411325
1.717184,100,45524.501849
1.842814,59,45545.707854
1.947977,28,45559.530479
1.950805,37,45571.312992
1.931574,39,45581.830972
1.874632,50,45594.111778
1.752498,104,45612.798585
1.910656,41,45631.163942
1.963623,24,45641.344402
1.803316,79,45654.37647
1.958834,40,45669.737408
1.82954,64,45682.398877
1.938764,45,45698.77902
1.91949,44,45714.058106
1.929429,42,45725.707464
1.755298,88,45740.350892
1.711974,84,45764.215497
1.978905,16,45778.367895
1.753235,96,45790.961605
1.904702,44,45809.968182
-0.920816,300,45844.543464
1.892323,43,45873.133245
1.831278,89,45888.582182
1.871243,55,45903.878455
1.944205,37,45917.135082
1.918616,43,45930.975354
1.869991,50,45943.568261
1.901174,41,45957.891351
1.897743,51,45970.68408
1.903333,46,45984.89663
1.869964,54,45998.598203
1.852746,53,46013.849243
1.916544,39,46028.197792
1.846268,66,46041.412097
1.98767,17,46054.554632
1.844236,155,46072.873582
1.892299,81,46099.163001
1.828825,57,46117.869943
1.883823,47,46134.768704
1.982858,18,46145.340522
1.881225,49,46154.19754
1.915141,43,46168.050575
1.945188,38,46180.945595
1.853497,94,46196.335498
1.925276,37,46216.573746
1.908164,44,46229.344712
-0.851051,300,46264.776045
1.909727,40,46427.297521
1.949976,28,46438.006671
1.88061,50,46448.070647
1.755186,103,46466.707577
1.846249,72,46486.801116
1.97074,26,46500.00908
1.779714,76,46515.579624
1.90279,42,46531.975703
1.779116,79,46547.121901
1.704734,183,46578.227467
1.820627,85,46605.92449
1.783359,92,46628.466242
1.887429,47,46649.748097
1.926508,35,46661.423939
1.905697,55,46673.643164
1.832037,64,46691.587677
1.976602,20,46705.057354
1.860982,90,46719.809518
1.830399,104,46743.682353
1.884495,50,46767.598731
1.869778,74,46784.149937
1.748213,128,46807.060863
1.640854,99,46833.542057
1.783361,90,46857.158337
1.910601,40,46874.385321
1.884958,54,46887.945384
1.933359,33,46902.620261
1.901264,61,46916.220293
1.648461,256,46948.042833
-1.32285,110,46978.078801
1.916341,42,46996.623879
1.973452,25,47008.26933
-1.164548,187,47029.303824
1.881995,52,47057.655175
1.830875,88,47078.019455
1.632398,129,47104.17274
1.927602,36,47126.710346
1.865735,48,47139.169761
1.929542,35,47151.69613
1.948216,30,47161.752237
1.748551,98,47179.79794
1.91797,66,47201.361146
1.638647,135,47224.869211
1.692113,127,47252.150552
1.838721,72,47277.367385
1.924329,59,47295.399276
1.881791,47,47307.803296
-1.083488,66,47322.600133
1.71768,89,47340.069688
1.982222,27,47359.063923
1.869788,66,47369.575097
1.904804,46,47382.645483
1.970465,21,47393.264838
-1.22608,76,47407.388977
1.839599,73,47425.696381
1.86988,76,47445.095026
1.952176,52,47460.893913
1.89005,61,47473.235793
1.882726,48,47489.274311
1.888239,47,47502.609767
1.895821,88,47521.190698
1.716704,112,47545.750164
1.906087,41,47567.620208
-1.046355,42,47580.144121
1.935809,33,47589.634606
1.830977,89,47607.259143
1.840476,57,47624.463443
1.950913,28,47637.607902
-0.412342,300,47670.54887
1.889194,59,47702.893215
1.91791,52,47718.876811
1.87976,49,47733.178628
1.830974,63,47746.751009
1.959019,38,47760.530628
1.782806,110,47777.081983
1.933439,35,47801.64715
1.862886,87,47816.989083
1.758587,79,47835.549216
1.745739,97,47858.160213
1.830199,67,47881.170008
1.965568,23,47897.992404
1.860502,55,47909.862183
1.698941,107,47929.021005
1.923848,88,47954.015491
1.892582,49,47973.550247
1.904405,47,47987.430083
1.938917,31,48001.502292
1.887024,46,48011.950334
1.92707,48,48027.128269
1.867656,52,48039.140651
1.895452,44,48051.527662
1.851223,65,48066.048418
1.965924,22,48079.871106
1.887607,45,48089.497804
1.729789,95,48107.956702
1.517442,201,48139.116527
1.935089,46,48161.643846
1.892474,70,48174.879189
1.704812,114,48195.076168
1.662642,96,48218.993809
1.714325,78,48243.886029
1.941548,33,48261.418729
1.742131,74,48275.039905
1.814037,76,48295.304238
1.97824,24,48309.843296
1.98107,16,48316.520357
1.864196,54,48325.882182
1.917395,37,48337.470395
1.938319,38,48348.897085
1.918996,41,48358.874465
1.740743,99,48374.338146
1.938094,39,48391.231032
1.604763,135,48411.086823
1.867994,57,48439.317646
1.85668,61,48454.305536
1.903392,79,48470.744984
1.899281,47,48485.832654
1.907344,50,48502.711434
1.898247,45,48515.005384
1.948083,38,48526.153485
1.972995,24,48535.15435
1.98705,15,48542.419382
1.884033,61,48551.132076
1.934137,52,48565.986743
1.963788,34,48580.030726
1.891787,48,48591.30311
1.593791,144,48613.50903
1.952334,26,48635.793552
1.944803,32,48647.552611
1.788585,85,48661.372353
1.783764,92,48682.525937
1.822487,62,48702.058363
1.850472,65,48722.53701
1.755428,78,48743.054703
1.966155,29,48761.327441
1.890834,76,48775.657445
1.846338,73,48796.252376
1.877428,64,48812.63275
1.667985,123,48832.072572
1.826117,104,48857.933297
1.895656,43,48880.134895
1.923513,54,48896.176713
1.821952,87,48912.679166
1.904824,47,48932.145042
1.969814,21,48941.619084
1.895093,45,48951.594066
1.995943,6,48961.039888
1.92904,58,48969.322547
1.827659,68,48982.419636
1.920397,36,49105.144219
1.892014,53,49119.301875
1.923801,38,49131.830244
1.876783,59,49143.668684
1.953707,27,49155.854259
1.851151,76,49170.292073
1.926775,50,49189.135261
1.912387,55,49202.345654
1.901367,69,49217.49299
1.850063,121,49238.354027
1.938191,35,49259.857586
1.885754,54,49271.822542
1.762782,74,49287.174904
1.974405,18,49303.048022
1.877192,59,49312.992532
1.760844,87,49331.614987
1.906936,41,49348.956195
1.8901,46,49360.928614
1.878022,60,49377.306486
1.946516,28,49388.310098
1.901535,73,49401.303845
1.901731,42,49417.616836
1.749711,100,49436.190162
1.753074,76,49457.746975
1.799755,65,49478.047216
1.965177,24,49489.732617
1.908369,40,49499.608818
1.857048,78,49513.605997
1.803812,93,49533.221303
1.926137,41,49551.793157
1.856569,62,49566.102913
1.866487,73,49585.30333
1.909798,46,49602.930928
1.859366,53,49615.863604
1.838997,53,49630.892855
1.872206,48,49647.57615
1.895309,45,49662.758398
1.91691,60,49678.255665
1.634556,121,49698.104554
-1.128095,76,49720.572374
1.876452,45,49735.971446
1.854903,70,49752.723621
-1.204412,83,49778.506687
1.907538,42,49794.672889
1.890412,56,49808.552617
1.905197,57,49823.601012
1.736079,84,49842.440315
1.842903,62,49862.117023
1.849242,87,49880.076919
1.907786,40,49896.220479
1.939973,32,49908.285084
1.841952,63,49921.352504
1.806947,63,49938.63722
1.938322,32,49954.649916
1.895382,68,49967.732099
-1.084915,51,49983.648005
1.715213,130,50004.499202
1.914741,37,50025.928979
1.960187,39,50039.142817
1.834819,61,50051.343641
1.895734,50,50065.294342
1.928529,51,50078.280243
1.836433,74,50093.299774
1.945665,29,50107.755523
1.877158,62,50119.543594
1.960366,27,50131.795104
1.86809,51,50142.5876
1.780367,100,50163.918793
1.872792,105,50190.836612
1.867204,90,50211.893595
1.756296,121,50238.636754
1.959716,34,50261.234066
1.879021,48,50272.599885
1.826787,79,50289.876008
1.758282,99,50311.576644
1.957283,27,50327.949711
1.962798,28,50338.220369
1.766894,103,50353.246893
1.856326,52,50375.039361
1.971782,20,50389.381081
1.880195,63,50400.527116
1.93873,33,50412.718755
1.922683,51,50425.371709
1.926547,48,50439.653239
1.834071,80,50456.186062
1.842435,84,50481.763294
1.781613,74,50500.166909
1.928391,35,50516.902688
1.944085,30,50525.982438
1.699513,122,50543.918328
1.825142,80,50568.542642
1.926294,40,50587.091063
1.915457,42,50599.041358
1.864016,77,50614.786457
1.881919,59,50632.840712
1.834639,94,50649.671124
1.961494,33,50665.063544
1.907237,57,50677.014022
1.983215,25,50692.353329
1.97778,17,50698.736882
1.876149,50,50707.193362
1.95098,26,50718.019955
1.837898,87,50732.903705
1.888976,65,50753.117
1.929736,40,50766.970634
1.90336,49,50779.75265
1.989801,13,50790.714737
1.9544,29,50797.461417
1.980776,16,50804.77133
1.830082,127,50821.647616
1.894848,45,50845.390489
1.925144,58,50859.162769
1.840192,60,50877.318084
1.872779,95,50901.722417
1.89745,44,50919.26265
1.898487,46,50932.374542
1.931277,35,50945.667704
1.848907,74,50959.104283
1.819193,62,50977.309549
1.89644,73,50994.028753
1.944581,38,51007.124442
1.863386,60,51022.152625
1.898481,45,51037.215072
1.884291,47,51050.807263
1.914368,40,51065.800748
-1.185257,72,51079.440845
1.847846,85,51098.842106
1.278854,191,51129.625346
1.67635,108,51162.67769
1.963332,23,51182.529271
1.816946,72,51194.196476
1.843414,84,51213.093434
1.903733,59,51231.556303
1.80675,82,51250.63533
1.950687,43,51267.345989
1.736117,95,51282.706535
1.801315,79,51303.525554
1.885059,48,51321.364251
1.762616,80,51338.100738
1.955122,51,51354.23839
1.926759,60,51368.063949
1.896571,46,51381.832399
1.833,61,51396.025079
1.968298,25,51409.442509
1.902519,85,51423.417806
1.931033,51,51438.895561
1.730512,99,51456.711052
1.851788,102,51481.412302
1.831458,77,51505.97077
1.947786,29,51522.086177
1.919574,66,51534.013887
1.713103,153,51555.771948
1.790366,110,51582.84427
1.82028,85,51606.10492
1.700168,117,51629.570178
1.981709,15,51649.013659
1.898354,45,51658.14146
1.782585,104,51676.321455
1.91441,39,51694.591832
1.752663,94,51710.255473
1.870097,47,51728.064445
1.69735,93,51866.288379
1.885654,77,51887.621483
1.907816,40,51900.805102
1.98055,15,51911.294042
1.919047,37,51918.255907
1.718437,96,51934.05103
1.952816,36,51950.192835
1.895583,44,51961.101643
1.790012,80,51978.990408
1.750348,84,51998.682061
1.81133,66,52015.826939
1.798241,92,52036.327274
1.890477,96,52058.791893
1.96323,24,52077.458259
1.939731,66,52088.244476
1.968726,21,52102.709028
1.856134,86,52116.176469
1.952447,44,52132.231001
1.906692,56,52144.00378
1.936812,32,52158.256988
1.931049,57,52171.018814
1.788826,85,52188.677709
1.903251,43,52204.991163
1.774642,73,52221.09445
1.992331,11,52238.609408
1.721466,93,52250.544112
1.845281,73,52273.102352
1.683117,101,52294.154563
1.9219,37,52315.53295
1.903375,76,52329.810657
1.987836,14,52344.73565
1.932199,34,52351.745861
1.766996,177,52376.189085
1.882422,62,52404.50544
1.8994,43,52417.659453
1.708759,121,52438.256838
1.887916,46,52460.404628
1.862159,55,52474.351801
1.937931,33,52488.901391
1.94966,29,52500.68881
1.805811,66,52513.617208
1.962698,32,52527.331658
1.851824,57,52540.616653
1.833025,58,52556.4816
1.995287,7,52567.620636
1.757412,85,52578.052542
1.881605,56,52593.491386
1.935655,33,52608.770397
1.975022,19,52617.923486
-1.069917,64,52629.057403
1.756748,105,52647.862359
1.925516,36,52671.620949
1.953565,28,52682.523505
1.891304,41,52693.163794
1.793083,79,52710.006449
1.882329,53,52725.375277
1.980041,16,52735.29102
1.839499,90,52747.198388
1.888162,65,52763.917722
1.976828,23,52778.153338
1.901005,57,52789.218288
1.913786,37,52802.767859
1.861362,70,52817.115836
1.699857,90,52834.794726
1.909856,57,52856.700342
-1.163982,141,52880.686209
1.867891,59,52897.737909
1.902112,59,52913.781835
1.915175,76,52931.406299
1.571033,159,52955.678846
1.926869,75,52984.111988
1.898742,65,52997.898423
1.812989,71,53019.706511
1.889033,42,53033.844255
1.986117,21,53043.883697
1.911041,39,53053.879507
1.784798,79,53069.464767
1.841579,62,53092.146184
1.87882,60,53111.464298
1.785637,71,53127.6273
1.909589,38,53144.662303
1.87871,51,53156.187642
1.91445,68,53172.153645
1.882635,47,53183.901738
1.546588,147,53207.361057
1.980434,17,53230.41783
1.861538,73,53242.175307
1.842067,61,53259.409519
1.963371,24,53274.698336
1.902287,42,53284.083181
1.906457,48,53297.882316
1.972017,19,53308.438987
1.915589,70,53319.335738
-1.173337,62,53332.969725
1.874197,74,53349.805976
1.794041,115,53372.235889
1.792545,69,53397.14631
1.961071,28,53410.437965
1.754812,100,53427.398982
1.87718,67,53446.519728
1.91178,94,53466.978972
1.994345,8,53483.792053
1.911473,44,53491.786241
1.834105,60,53508.471124
1.842938,97,53526.403291
1.757752,161,53555.557
1.856228,61,53575.93423
1.88851,43,53589.808954
1.815221,78,53606.196554
1.886811,47,53625.558443
1.942083,30,53639.351342
-1.390933,130,53656.261708
1.939171,42,53677.427992
1.82241,76,53691.621392
1.914547,39,53708.611556
1.903019,44,53721.641783
1.899192,61,53737.011143
1.719006,90,53755.582644
1.810187,82,53778.543656
1.884538,47,53797.117693
1.819822,87,53815.43733
1.867188,83,53836.412209
1.879698,92,53856.460151
1.874959,66,53878.970316
1.893639,50,53896.28095
1.889047,83,53913.295115
1.893176,45,53926.683459
1.922976,41,53937.939533
1.830651,67,53952.571901
1.87848,49,53967.52436
1.912849,40,53984.955089
1.745915,106,54003.487909
1.831064,63,54024.400516
1.761485,71,54042.777676
1.823092,80,54061.919281
1.861562,85,54083.887263
1.963476,26,54098.04277
1.829743,59,54110.402642
1.905179,41,54124.297365
1.816411,79,54138.507345
1.889289,43,54157.731652
1.722898,105,54175.962723
1.970737,20,54196.171083
1.95353,27,54203.67676
1.814994,60,54215.008488
1.924617,90,54234.040018
1.785931,67,54252.259911
1.989718,17,54266.03731
1.937367,41,54274.986275
1.875279,49,54286.92135
1.928721,36,54298.870697
1.945879,52,54310.949291
1.928309,65,54325.852598
1.961688,31,54340.216377
-1.122494,56,54350.543359
1.874184,58,54367.482841
1.813494,73,54384.232385
1.877772,47,54398.283121
1.917434,42,54412.902987
-1.111349,53,54426.224229
1.815823,97,54445.353659
1.86091,86,54466.638134
1.870184,54,54484.535935
1.796998,75,54501.426876
1.70478,123,54658.32526
1.794764,102,54688.500494
1.875511,72,54711.013317
1.921616,63,54727.437093
1.840529,101,54744.435617
1.91667,36,54759.55055
1.947387,36,54770.632982
1.904666,53,54782.914034
1.866244,96,54800.016044
1.919909,37,54820.905575
1.935058,49,54834.696759
-1.146808,40,54844.941678
1.861261,64,54858.024411
1.886825,60,54873.265
1.902418,55,54889.371828
1.939672,68,54906.618763
1.933288,35,54919.670879
1.90561,61,54931.55378
1.879388,71,54949.013427
1.797405,85,54970.634712
-1.116032,81,54993.428034
1.69236,120,55014.335575
1.992318,12,55038.238995
1.585013,137,55053.661481
1.870335,73,55079.311969
1.898992,43,55095.95853
1.700306,91,55113.143185
1.957524,45,55131.578488
1.92486,42,55142.379131
1.966537,37,55154.079474
1.8604,71,55166.842728
1.827708,84,55188.377871
1.970182,21,55206.674475
1.917275,70,55217.532856
1.972945,19,55230.167826
1.884587,45,55240.052348
1.871051,54,55254.283998
1.841451,81,55272.628549
1.754208,95,55295.213336
1.882355,61,55317.274215
1.822717,60,55331.791054
1.812371,80,55351.667036
1.792948,84,55372.2408
1.92369,87,55392.715279
1.96825,24,55403.087137
1.816687,73,55417.184719
1.86673,55,55433.70785
1.951372,29,55450.869184
1.968449,24,55460.483724
1.943079,34,55469.621718
1.776661,89,55485.085249
1.928207,46,55502.722565
1.822154,84,55520.780341
1.700431,105,55543.563773
1.787976,74,55566.725285
1.949541,27,55585.845722
1.882174,101,55601.409242
1.895291,42,55617.025003
1.937379,39,55629.079348
1.802388,72,55642.930933
-1.083059,40,55658.309385
1.92325,39,55670.587961
1.91837,63,55686.620176
1.873169,70,55701.347286
1.835607,60,55721.049851
1.715162,87,55738.427715
1.867711,57,55759.153553
1.852496,54,55773.767381
1.826328,59,55789.942257
1.701116,97,55810.750568
1.954655,39,55830.937979
1.844595,70,55842.217855
1.740628,93,55862.663955
1.934479,48,55885.90676
1.813728,104,55903.463729
1.591018,127,55930.917248
1.824433,63,55954.902493
1.87762,48,55971.312109
1.824195,70,55990.127208
1.755314,108,56010.860776
1.951627,55,56031.442966
1.841993,65,56046.545823
1.937947,44,56062.779823
1.824425,68,56077.790941
1.897248,48,56093.275093
1.870429,50,56106.887477
1.886,47,56120.00978
1.771157,90,56136.533653
1.834435,80,56158.050126
1.96191,42,56173.163278
1.767979,77,56185.871155
1.929556,37,56201.798117
1.924935,38,56214.46563
1.927536,34,56225.135499
1.909665,40,56235.921879
1.877906,71,56250.618905
1.727913,88,56268.108858
1.854327,54,56287.043925
1.898735,52,56302.284782
1.815699,67,56317.435221
1.863064,54,56332.765902
1.884416,47,56346.746713
1.881195,57,56359.395686
1.891852,74,56376.539913
1.887699,48,56392.580123
1.994075,9,56402.24868
1.884738,58,56410.508895
1.709913,103,56429.027067
1.846895,72,56451.371009
1.867092,65,56471.562865
1.84506,71,56488.367584
1.78948,76,56509.964391
1.969186,36,56524.489457
1.944929,35,56533.929468
-1.322175,105,56549.29982
1.805582,70,56570.194999
1.873702,54,56588.851878
1.672016,112,56608.978706
1.916006,44,56632.514239
1.92936,33,56644.650905
1.97664,20,56653.73399
1.979009,21,56660.972619
1.787142,80,56672.884118
1.528713,147,56698.539257
1.871087,48,56721.392721
1.901414,45,56735.459664
1.950376,31,56750.715729
1.964527,23,56759.292756
1.850211,63,56769.386887
1.913073,37,56782.224241
1.921893,37,56794.685039
1.925783,37,56805.344041
1.92984,36,56817.265966
1.676586,127,56836.107249
1.778209,71,56859.901038
1.871985,52,56877.958128
1.896553,52,56892.347606
1.98042,17,56906.48957
1.926121,39,56915.817183
1.902647,40,56928.119792
1.851901,49,56940.834511
1.94723,45,56957.3696
1.830458,89,56972.035686
1.924272,67,56991.589842
1.828256,67,57009.259092
1.937833,34,57025.289308
1.723384,118,57042.797182
1.939725,31,57061.406336
1.864197,90,57078.078579
1.850067,69,57100.08088
1.861397,54,57117.08614
1.920349,37,57130.869821
1.883277,64,57144.186301
1.875259,48,57160.901792
1.913893,40,57173.159206
1.73824,94,57188.835147
1.895895,44,57207.386121
1.743468,98,57226.599542
1.863103,52,57246.541561
1.837548,76,57265.206564
1.73748,110,57286.278851
1.762623,85,57449.994554
1.963789,31,57466.341964
-1.138884,59,57477.15631
1.700423,113,57498.174121
1.947289,29,57518.767457
1.947718,56,57530.759108
1.835138,57,57544.835017
-1.085176,71,57560.030013
1.871985,51,57571.539706
1.895391,45,57590.509487
1.927645,36,57602.740872
1.926161,36,57613.830643
1.792477,70,57627.19666
1.941971,31,57642.373728
1.929098,33,57652.282028
1.938566,35,57663.74739
1.769284,104,57680.495821
1.962608,32,57696.619629
1.936232,38,57706.336061
1.956729,39,57716.024308
1.886125,46,57727.165251
1.953979,35,57740.375596
1.94158,30,57750.817977
1.939354,33,57760.370081
1.786716,66,57773.969043
1.958628,36,57787.490733
-1.108154,50,57797.614868
-1.151773,66,57813.896605
1.965355,23,57823.872087
1.843053,139,57841.855354
1.804138,79,57867.690578
1.886277,46,57883.9458
1.941153,40,57896.300675
1.936882,33,57906.686259
1.958516,30,57916.208359
1.936833,34,57924.917695
1.953671,46,57938.980501
1.874997,45,57950.735261
1.923022,34,57963.320735
1.848458,56,57976.13413
-1.070935,40,57990.336474
1.896668,49,58003.079553
1.964483,24,58016.266668
1.883095,65,58027.081481
1.87976,52,58044.721666
1.816567,77,58061.821164
1.832163,65,58080.688337
1.778088,84,58100.423014
1.843587,58,58116.980836
1.925655,34,58129.333668
1.946285,30,58138.854083
1.741999,87,58154.884302
1.940613,39,58170.877892
1.671731,103,58188.088773
1.907216,38,58207.14086
1.961021,25,58220.611291
-0.852906,300,58254.912437
1.908047,46,58295.239734
1.919043,44,58307.379887
-1.403319,170,58329.935239
-1.152913,77,58357.201903
1.949841,26,58371.702743
1.938035,35,58382.148651
1.922511,40,58392.654163
1.953456,26,58402.454934
1.955452,38,58412.2681
1.858228,55,58422.280401
1.926792,56,58437.142501
1.759294,102,58456.922144
1.859365,76,58478.362186
1.903439,42,58493.396666
1.691943,96,58512.304891
1.830537,68,58532.280013
1.91163,43,58550.733168
1.792878,75,58565.848441
1.85716,93,58586.656589
1.812112,87,58609.78388
1.916835,39,58628.920575
1.838808,116,58647.512667
1.89083,46,58667.830368
1.788325,88,58686.200635
1.963804,25,58700.705447
1.919498,37,58710.482838
1.799915,86,58726.409276
1.934034,39,58743.281794
1.828599,71,58759.07501
1.885428,82,58776.40709
1.907749,40,58795.205704
1.858023,59,58808.765739
1.873882,64,58825.224567
1.918937,39,58839.485693
1.870929,66,58852.648023
1.901696,82,58872.414724
1.933194,39,58891.963237
1.813622,66,58905.852259
1.793217,73,58922.319462
1.90848,40,58938.097656
1.818212,88,58954.320125
1.918389,39,58970.760931
1.906262,41,58982.353747
1.842478,62,58995.501237
1.952628,42,59008.322176
1.947348,52,59024.311921
1.921121,58,59037.085257
1.936864,31,59051.115707
-1.121976,52,59062.380176
1.913263,40,59076.984462
1.927694,37,59087.639086
1.958447,34,59099.304766
1.811382,69,59112.075694
1.930773,62,59131.343978
1.656944,110,59150.630888
1.889705,63,59175.194794
1.867805,59,59190.108728
1.915898,40,59203.85432
1.770904,100,59223.317117
1.895482,47,59238.914312
1.906105,40,59250.679641
1.894188,48,59262.232399
1.851647,62,59276.759292
1.95329,39,59291.45985
1.793934,116,59308.101885
1.830311,87,59330.674276
1.929308,49,59347.508205
1.878278,81,59363.7297
1.864397,52,59384.212738
1.759883,95,59402.717302
1.944333,48,59421.035761
1.976373,18,59431.896092
1.878857,48,59441.36252
1.979731,20,59451.409825
1.75016,92,59466.456131
1.877245,92,59488.853448
1.722632,111,59513.982615
1.933091,31,59534.182979
1.875452,76,59547.24216
1.811575,72,59565.007058
1.640691,100,59586.345616
1.926125,37,59605.00238
1.924971,55,59617.800818
1.898762,49,59631.081086
1.768362,89,59649.472665
1.769198,90,59671.308804
1.83322,81,59695.516566
1.956297,26,59709.747211
1.631456,123,59728.646419
1.794955,92,59754.579135
-1.197137,106,59781.297374
1.952147,30,59800.989656
1.892726,74,59813.743885
1.872968,70,59831.354266
1.907596,60,59847.286295
1.971463,24,59856.354097
1.746741,86,59868.853174
1.685458,122,59897.604378
1.764633,98,59921.512264
1.930189,35,59942.38378
1.787896,83,59957.598656
1.662699,121,59982.56632
1.837883,74,60005.608424
1.88368,73,60025.517387
1.967913,23,60040.8885
1.831455,98,60056.369267
1.673939,135,60204.811121
1.798653,78,60231.960543
1.973334,27,60248.629786
1.996022,6,60254.712163
1.962938,25,60259.462037
1.785608,73,60271.70738
1.936387,47,60288.364671
1.540576,146,60310.613439
1.908839,55,60332.89638
1.882165,56,60349.803734
1.857115,53,60365.716663
1.845316,75,60383.0546
1.89371,45,60400.357698
1.974188,27,60412.557005
1.467173,168,60434.383902
1.981929,23,60456.019572
1.898136,55,60465.973487
1.881573,84,60483.16957
1.898852,72,60498.347008
1.875642,49,60515.175811
1.965107,39,60529.692825
1.676276,109,60545.954465
1.834479,60,60569.278424
1.87859,54,60582.930332
1.841511,69,60601.208159
1.702634,94,60624.380805
1.893092,105,60650.548077
1.97147,22,60664.564929
1.866788,60,60674.702725
1.953465,28,60687.599463
1.751172,89,60701.291742
1.98129,18,60718.772887
1.899607,46,60727.700694
1.8098,63,60740.183761
1.941005,32,60754.274258
1.91685,46,60764.542466
1.952598,27,60776.184972
1.682365,92,60790.257006
1.942479,29,60807.846506
1.867509,51,60819.498142
1.928473,40,60832.986035
1.910053,76,60848.115829
1.93607,32,60860.888973
1.900216,49,60873.678293
-1.300293,81,60889.362316
1.803553,69,60914.150037
1.805689,74,60934.452781
1.878789,65,60955.305582
1.885618,64,60972.940947
1.87631,97,60991.65186
1.827087,92,61014.070721
1.815701,76,61033.990766
1.88539,42,61055.521082
1.853071,51,61067.533364
1.880189,45,61082.152447
1.845585,63,61096.356602
1.489871,180,61123.777241
1.673252,94,61157.668066
1.713211,92,61180.780401
1.980065,22,61200.397998
1.94731,31,61207.80565
1.892958,49,61219.791292
1.90666,51,61233.982475
1.914434,41,61248.855352
1.883575,53,61267.294746
1.90632,55,61282.037769
1.746745,86,61300.155593
1.890656,48,61316.201476
1.936098,34,61328.019114
1.945646,48,61338.567837
1.949825,27,61348.968276
1.939233,37,61358.133092
1.950506,26,61368.093654
1.92558,34,61377.028034
1.919481,46,61388.627098
1.89483,58,61402.377623
1.82641,74,61418.571919
1.703937,130,61443.117144
1.91671,52,61466.753928
1.897929,80,61482.698559
1.701072,101,61505.760143
1.86796,93,61526.535842
1.952428,35,61542.649454
1.745414,84,61557.88079
1.893064,46,61574.037596
1.90462,42,61586.662115
1.900906,81,61602.918611
1.7275,81,61621.883703
1.893063,51,61638.901914
1.905996,59,61652.867109
1.740117,107,61675.479236
1.916017,40,61695.786513
1.808009,86,61712.096288
1.839299,74,61735.802333
1.70404,128,61761.665273
1.962618,24,61780.189338
1.992963,9,61786.858573
1.918998,36,61792.80054
1.987432,14,61800.654721
1.907011,75,61811.99685
1.660756,120,61834.091409
1.931728,36,61856.060246
1.934226,31,61865.728763
1.929945,35,61875.929281
1.981371,23,61884.93627
1.802745,63,61896.201523
1.794304,77,61917.208252
1.669313,122,61940.973318
1.924548,44,61963.148955
1.904562,47,61977.819269
1.867262,90,61992.901431
1.921146,38,62011.477184
1.907343,66,62025.105639
1.918977,37,62038.53516
1.850007,61,62051.446121
1.783628,106,62071.294903
1.933273,33,62090.264531
1.910884,39,62100.00631
1.87102,45,62111.865883
1.893243,49,62124.901325
1.835033,83,62141.806151
1.949324,31,62156.280723
1.921166,37,62166.143798
1.874363,50,62178.297244
1.899742,54,62192.09735
1.888027,44,62206.238469
1.897768,68,62221.095082
1.883742,48,62238.618708
1.842503,69,62253.388166
1.758779,93,62275.518545
1.908847,51,62294.7592
1.767065,122,62315.670017
1.915825,39,62339.325043
1.808568,81,62354.388188
1.77838,93,62378.234288
1.925236,36,62395.533666
1.919942,38,62406.515002
1.875826,61,62419.256942
1.833996,74,62437.717658
1.943048,54,62452.853083
1.90029,42,62466.915782
1.895312,52,62481.529135
1.567021,139,62504.698532
1.982776,18,62524.719995
1.971373,31,62532.907291
1.893591,41,62543.896991
1.760643,106,62562.148713
1.953406,30,62583.104197
1.890504,44,62593.813451
1.761044,99,62610.421412
1.915449,47,62627.383133
1.91742,46,62638.217755
1.955736,26,62648.487199
1.852376,72,62660.057318
1.789489,66,62677.248676
1.842737,65,62695.643356
1.864913,52,62713.951476
1.90356,52,62728.831905
1.661602,86,62748.866536
1.937383,33,62765.038326
1.834821,84,62781.391667
1.905574,41,62797.424611
1.882353,55,62809.893551
1.92025,38,62822.135878
1.879286,50,62833.839657
1.92457,46,62848.005074
1.924064,33,62979.26285
1.777607,85,62994.923502
1.849731,69,63014.170308
1.914622,46,63031.921244
1.806362,98,63048.853343
1.938867,32,63067.104346
1.9247,48,63078.081771
1.964037,24,63088.069789
1.528771,176,63108.649232
1.761771,86,63137.595124
1.970604,22,63154.061343
1.867675,46,63164.195348
1.944522,31,63176.171079
-1.624229,181,63199.844984
1.519731,199,63242.692651
1.766717,90,63274.887461
1.960611,26,63294.069413
1.906657,71,63307.253688
1.926237,35,63325.324084
1.844323,89,63340.433138
1.953823,35,63358.200022
1.662861,113,63375.608235
1.9843,15,63389.656098
1.755534,79,63401.810947
1.836678,74,63424.074752
1.868299,94,63450.39949
1.954238,34,63461.812131
1.837337,69,63475.499611
1.829595,62,63491.9205
1.915221,39,63507.473483
1.749756,153,63527.686327
1.849103,62,63546.468107
1.915988,44,63561.712133
1.915284,36,63573.050865
1.829545,72,63587.424633
1.626889,134,63611.773438
1.737562,93,63641.099012
1.925482,36,63657.948702
1.769515,86,63673.591518
1.752278,94,63697.211603
1.560213,135,63722.062711
1.873634,51,63748.429968
1.827103,77,63765.371123
1.848924,66,63784.645663
1.976427,19,63799.062289
1.989021,13,63804.811643
1.867364,72,63815.438709
1.800578,80,63835.096493
1.699335,93,63855.524369
1.967874,26,63873.779357
1.960878,41,63882.579242
1.909214,44,63894.246369
1.985186,14,63905.015585
1.704297,87,63916.594094
1.806336,76,63937.545495
1.914372,52,63954.157565
1.828898,93,63973.318592
1.611425,154,64000.230825
1.815643,72,64030.5216
1.81984,102,64051.895694
1.891236,42,64067.485111
1.940029,53,64081.36043
1.956991,46,64096.590635
1.833787,70,64112.254792
1.875982,57,64129.822995
1.734151,105,64151.49315
1.600531,181,64183.766671
1.933023,31,64216.05817
1.940234,33,64225.861677
1.805033,85,64240.834462
1.888358,42,64258.569676
1.947444,30,64269.118436
1.784099,71,64282.044204
1.816039,71,64299.781248
1.899429,44,64316.52963
1.740186,133,64338.61461
1.743757,83,64362.856197
1.789147,63,64380.694882
1.982522,16,64391.285161
1.893437,44,64399.251364
1.777664,85,64419.00606
1.921525,45,64437.690976
-1.080037,46,64449.686439
1.913259,47,64463.457392
1.948999,30,64475.504938
1.785118,76,64488.086883
1.805078,76,64509.615403
-1.217041,89,64530.150243
1.830696,56,64545.330646
1.872449,80,64562.382425
1.885434,47,64577.999625
1.785107,84,64595.742757
1.941024,37,64612.27484
1.68999,90,64628.574371
1.882266,46,64646.978858
1.94738,31,64658.091121
1.876484,56,64670.346798
1.649148,154,64693.457731
1.750154,95,64722.363006
1.905073,40,64741.484783
1.936822,32,64753.043653
1.974676,30,64762.137114
1.894221,58,64773.667928
1.744829,112,64798.397428
1.765566,76,64817.745722
1.915056,53,64837.962094
1.862553,45,64853.340169
1.727243,81,64869.558953
1.941491,32,64887.490355
1.796943,75,64902.786626
1.838823,88,64924.529351
1.89719,44,64941.98643
1.955085,38,64956.221294
1.925206,35,64965.277424
1.884501,47,64977.365507
1.868826,49,64991.295476
1.980809,21,65001.639688
1.635544,100,65015.438471
1.890505,63,65038.681566
1.79231,66,65056.36343
1.811736,67,65075.872118
1.941268,32,65091.595962
1.944104,33,65102.977046
1.956052,25,65112.304117
1.823703,68,65126.000022
1.937064,33,65142.208607
1.97182,21,65151.687902
1.874268,51,65162.376119
1.955516,40,65177.867262
1.851151,60,65190.937626
1.974845,32,65202.878851
-1.181702,98,65217.244886
1.951864,32,65231.917039
1.853707,93,65247.231679
1.825911,71,65263.915036
1.830646,82,65283.389831
1.943313,47,65303.933013
1.901777,48,65320.617234
1.504108,185,65344.878289
1.687025,106,65375.187394
1.993011,11,65393.3746
1.773527,73,65402.576067
1.899489,42,65417.851274
1.950383,28,65429.302401
1.771854,88,65444.368155
1.837555,93,65465.319765
1.903134,48,65482.964381
1.972445,31,65494.907368
1.959927,24,65504.231328
1.60178,151,65524.432823
1.836459,75,65550.75298
1.949521,58,65568.839923
1.907021,44,65692.125727
-1.220695,91,65709.536134
1.737089,102,65735.480537
1.688951,87,65756.754339
1.975996,23,65773.608556
1.924835,51,65783.234864
1.663572,100,65802.218486
1.912098,40,65822.930238
1.867447,63,65838.74193
1.636446,133,65861.503975
1.749238,90,65890.501749
1.958078,32,65907.306072
1.887695,65,65919.668091
1.938167,33,65932.346757
1.747744,74,65946.293256
1.924043,49,65962.655895
1.816985,78,65977.731717
1.746938,99,65999.133981
1.964022,25,66016.796094
1.901173,64,66027.197272
1.892699,42,66043.63384
1.939884,32,66053.706917
1.839631,49,66064.795871
1.951854,34,66078.602516
1.703539,191,66102.755692
1.639307,106,66132.603742
1.961515,39,66152.038658
1.89353,46,66163.218056
1.918005,45,66175.549161
1.835547,61,66190.374437
1.886342,80,66206.284806
1.693351,87,66227.6769
1.779039,79,66248.304891
1.872779,45,66268.14874
1.887094,44,66283.19406
1.768026,89,66300.263571
1.903757,46,66318.574091
1.950752,27,66331.135966
-1.077216,39,66342.236052
1.888034,59,66354.772974
1.747875,101,66373.117186
1.92339,37,66394.98085
1.8436,61,66409.626635
1.879422,59,66424.687467
1.966266,24,66437.930768
1.802433,65,66449.506001
1.879379,54,66465.266651
1.664863,129,66488.348527
1.90209,76,66512.983631
1.977787,26,66526.229458
1.969914,21,66533.443057
1.900849,43,66543.739852
1.814674,71,66557.346217
1.900474,45,66572.942071
1.947028,38,66586.466265
1.916228,59,66602.75634
1.871986,50,66615.560694
1.897631,42,66628.987785
1.92577,39,66640.256579
1.919892,40,66651.6863
1.731929,82,66666.166604
1.934222,34,66685.131888
1.888514,46,66696.207405
1.780803,87,66713.331231
1.908536,42,66729.370873
1.692514,90,66744.807719
1.630063,167,66775.559062
1.932298,44,66801.891344
1.930947,35,66813.130077
1.664514,125,66831.164602
1.803393,70,66853.320196
1.978879,25,66867.138907
1.956776,29,66874.187375
1.720009,88,66889.661892
1.945766,36,66905.945197
1.923752,50,66921.092532
1.77801,101,66940.752772
1.971788,21,66958.947734
1.850812,54,66970.955413
1.869506,73,66987.416407
1.0589,226,67023.662056
1.890161,81,67051.362885
1.810264,59,67072.247207
1.926018,34,67085.13423
1.744591,81,67100.703707
1.931101,37,67117.348778
1.877235,51,67130.66924
1.827034,80,67148.337569
1.79593,107,67169.369343
1.905063,42,67187.3098
1.696563,88,67203.454712
1.825354,114,67234.305969
1.823478,63,67256.029588
1.963332,25,67270.671414
1.886335,42,67281.803717
1.952769,42,67295.505148
1.898244,46,67307.621148
1.588173,205,67334.520066
1.810266,82,67362.541927
1.913603,39,67381.751339
1.911751,43,67394.065522
1.819577,69,67407.021899
1.917728,64,67425.067613
1.79859,63,67440.426996
1.912679,41,67455.55193
1.853931,50,67467.574058
1.822949,57,67481.80118
1.71451,136,67506.225183
1.868745,58,67528.768804
1.891755,52,67543.579964
1.800005,89,67559.755437
1.942329,39,67576.027705
1.700623,114,67593.536784
1.901363,58,67615.83956
1.89078,64,67633.402543
1.762028,72,67649.563937
1.934517,45,67668.993948
1.884976,69,67682.930094
1.872955,45,67699.050866
1.738823,108,67716.510185
1.579586,130,67743.965559
1.989975,11,67761.732112
1.880442,49,67769.75605
1.829796,76,67786.293832
1.788064,78,67805.015988
1.963033,35,67825.119892
1.950363,61,67836.680834
1.982438,15,67848.885609
1.851422,89,67861.288545
1.812944,62,67881.773479
1.811455,58,67899.695996
1.734983,77,67917.110267
1.83538,103,67944.475856
1.903957,43,67965.014009
1.864654,59,67979.002326
1.923802,38,67993.571858
1.78879,106,68009.755465
1.907317,40,68028.364452
1.933799,40,68042.708018
1.973969,19,68051.361069
1.583557,111,68066.225305
1.926857,39,68086.922435
1.958531,30,68097.603175
1.892666,40,68106.620471
1.904495,42,68117.292706
1.856767,57,68130.183095
1.860842,61,68147.100176
1.828321,71,68164.620506
1.887935,44,68181.470298
1.81466,71,68199.898179
1.876361,48,68213.470709
1.878161,67,68230.287955
1.922361,38,68241.693221
1.960638,28,68252.4602
1.936785,32,68261.930522
1.983942,17,68270.333791
1.874044,46,68278.990463
-1.479385,144,68302.720835
1.79904,73,68487.474953
1.915097,35,68503.229838
1.890848,45,68515.125437
1.779745,91,68532.159535
1.900336,43,68550.438852
1.867325,66,68565.425827
1.907695,44,68581.076164
1.776305,135,68602.204273
1.94746,43,68624.132509
1.859596,66,68637.262394
1.893731,45,68654.643102
1.946226,30,68665.25818
1.905027,55,68676.638301
1.968251,24,68686.367629
1.908204,41,68697.065728
-1.32315,146,68718.770447
1.982656,17,68734.394613
1.960546,26,68740.969897
1.877428,45,68750.739557
2,1,68758.741138
1.921425,35,68763.658957
1.923486,57,68775.4244
1.970678,29,68785.093008
1.940241,40,68795.471881
1.933958,44,68807.518955
1.8553,73,68823.079919
1.728673,79,68844.978099
1.841248,54,68862.799601
1.920397,48,68876.896272
1.884277,64,68890.296068
1.902894,42,68903.148327
1.825763,85,68921.07883
1.663389,122,68945.414119
1.854264,53,68965.623587
1.888402,60,68979.307673
1.983811,21,68993.082276
1.960816,41,69001.403025
1.837472,103,69018.551919
1.973573,21,69033.956521
1.792757,102,69048.73191
1.827544,65,69069.43318
1.896372,44,69081.935416
1.877425,76,69097.798208
1.894571,44,69114.244177
1.943471,31,69126.575386
1.892599,50,69138.472598
1.832004,70,69155.301247
1.857316,69,69175.903273
1.907354,40,69192.936431
1.611525,172,69218.274061
1.990099,11,69238.282936
1.758081,66,69247.537372
1.903865,42,69263.042818
1.950148,33,69273.821026
1.859443,56,69285.891178
1.911847,40,69303.532999
1.907393,49,69316.391387
1.591867,141,69336.29238
1.859308,48,69355.773397
-1.297708,118,69377.167703
1.870122,85,69403.52115
1.910624,44,69421.031792
1.957965,38,69434.521283
1.864981,50,69447.756251
1.914157,40,69462.731224
1.984378,18,69475.427919
1.82494,152,69493.819146
1.822634,70,69511.820406
1.90759,47,69526.71104
1.917659,47,69542.056928
-1.112205,51,69554.451503
1.847558,68,69570.815639
1.820397,90,69591.11488
1.705187,106,69615.035322
1.910265,41,69635.697776
1.819086,61,69651.018953
1.834958,98,69670.716189
1.858007,63,69688.164802
1.985637,14,69699.224436
1.985125,19,69704.926853
1.86739,51,69713.403075
1.81593,61,69731.501005
1.931438,60,69748.320455
1.900768,42,69764.104557
1.83974,72,69779.602983
1.729395,115,69801.274883
-0.37503,300,69843.531444
1.896255,40,69876.730529
-1.317691,109,69893.691742
1.891498,45,69914.660037
1.901459,42,69927.64559
1.927318,47,69940.490701
1.829174,69,69955.559375
1.917974,43,69973.843901
1.94784,37,69985.289165
1.850255,71,69998.304076
1.746487,90,70018.57526
1.8888,63,70037.054622
1.804895,139,70059.906383
1.949801,36,70080.69511
1.921283,37,70089.975166
-1.343047,119,70108.436077
1.969338,29,70130.766381
1.705444,92,70144.614493
1.717803,90,70167.785843
1.887263,56,70191.064226
1.572022,159,70213.479953
1.893973,51,70240.990819
-0.418483,300,70276.880947
1.964947,24,70315.303311
1.893346,44,70326.245225
1.891224,53,70339.887727
1.940018,31,70352.554726
1.840752,104,70367.750853
1.972724,27,70384.535462
1.89723,56,70394.728414
1.84387,84,70411.890027
1.912623,65,70434.962833
1.828858,71,70452.448068
1.930334,36,70468.035095
1.773322,90,70484.595757
1.838496,62,70503.210974
1.822949,62,70518.71143
1.972867,29,70532.702135
1.907495,72,70546.05629
1.886733,47,70561.984162
1.953363,34,70573.923054
1.72879,95,70591.157239
1.967478,32,70609.662289
1.719635,135,70628.286259
1.739,88,70654.191339
1.954532,25,70674.912067
1.824019,108,70691.019022
-1.078264,69,70709.730749
1.937259,33,70720.463011
1.949873,37,70730.593075
1.759277,98,70746.83891
1.761923,80,70771.425403
1.979191,20,70788.623947
1.911334,49,70796.590454
1.79887,87,70812.745523
1.645916,130,70840.045114
1.677804,117,70867.568543
1.950351,26,70882.275567
1.578948,117,70898.915682
1.878182,59,70921.32456
1.681949,94,70940.426973
1.918739,54,70959.03884
1.817494,76,70974.876065
1.852452,56,70992.354301
1.922061,39,71006.810291
1.844256,71,71019.4933
1.883689,45,71033.835389
1.724241,83,71166.580374
1.835892,129,71192.942834
1.965042,26,71212.3706
1.912172,42,71222.030626
1.885622,58,71236.028024
1.904857,88,71253.479583
1.886059,45,71272.154861
1.960993,27,71283.281228
1.888479,52,71293.674002
1.936509,46,71306.911082
1.885126,52,71324.93055
1.949669,27,71337.227785
-0.440521,300,71369.366954
1.894591,45,71397.754226
1.844565,69,71413.578298
1.881197,55,71431.256748
1.925326,42,71444.28904
1.941469,41,71456.893955
1.917362,38,71469.105353
1.848635,67,71481.406761
1.919907,40,71497.34243
1.937313,31,71511.757252
1.658866,207,71537.156751
1.865832,58,71562.721575
1.848237,53,71575.97391
1.999496,2,71586.275327
1.977386,22,71590.443393
1.723984,85,71602.454244
1.748406,214,71635.335596
1.867504,78,71667.574306
1.966401,23,71682.066951
1.781187,79,71695.02386
1.75205,99,71720.52153
1.938195,46,71740.02477
1.613375,261,71776.069355
1.923944,42,71806.603913
1.810618,76,71822.360832
1.792975,78,71842.247546
1.878565,80,71861.656057
1.712738,89,71879.891626
1.956629,27,71895.008835
1.925885,44,71905.908584
1.919742,38,71916.620696
1.846035,62,71930.220345
1.760052,82,71947.928384
1.974528,29,71964.042488
1.848159,77,71975.837689
1.685065,99,71995.312068
1.817419,114,72023.453614
1.736612,77,72041.432267
1.910642,42,72059.543483
1.729635,81,72077.048718
1.92694,37,72094.633951
1.997754,5,72102.344628
1.891314,53,72110.467235
1.851273,70,72123.938359
1.881661,58,72142.480008
1.941833,50,72157.321086
1.823204,59,72172.895655
1.958643,29,72186.851822
1.764949,85,72201.759541
1.881278,44,72219.924802
-1.329626,147,72241.000904
1.763136,83,72260.410853
1.857171,76,72282.669217
1.962057,30,72295.757685
1.943455,34,72305.275876
1.829391,63,72318.401844
-1.775446,222,72348.755933
1.960177,25,72375.255085
1.978917,18,72383.243865
1.937436,58,72393.07096
1.936921,35,72406.174757
1.873666,50,72419.293485
1.911624,38,72432.06814
1.914992,37,72444.350867
1.971291,25,72454.133926
1.928056,39,72462.529595
1.957675,28,72475.056145
1.908592,74,72489.426202
1.757389,89,72511.966461
1.849049,135,72540.560298
1.898269,73,72566.978172
1.80022,86,72585.877559
1.696002,117,72610.571083
1.794962,69,72634.395826
1.646746,128,72657.821897
1.9102,46,72683.155343
1.935614,53,72696.367256
1.868006,63,72711.995157
1.879784,85,72730.358594
1.94997,40,72741.366623
1.89664,43,72754.478629
1.556878,122,72774.891846
1.925149,35,72793.620674
1.897272,52,72805.708805
1.937575,48,72818.09047
1.935855,66,72830.248776
1.942258,67,72847.056123
1.91801,80,72864.563433
1.860063,52,72882.72576
1.972195,25,72894.776661
1.939353,33,72902.78756
1.950168,37,72912.973633
1.856531,60,72925.990988
1.880489,56,72942.821729
-1.047871,38,72958.100091
1.968527,24,72968.852605
1.733061,114,72984.057515
1.715417,111,73011.007494
1.788327,81,73037.230641
1.909491,40,73053.17544
1.809916,82,73069.056809
1.937725,34,73086.852098
-1.304158,69,73100.637348
1.909526,40,73117.671822
1.773592,68,73130.714578
1.897795,45,73145.992186
1.994723,7,73155.292284
1.774767,86,73166.054641
1.891921,43,73187.374559
1.85884,67,73202.604243
1.950032,37,73217.828415
1.889238,48,73228.27684
1.827071,80,73245.021947
1.857481,61,73265.134765
1.805338,69,73280.174286
1.832663,67,73298.360206
1.877243,47,73313.35435
1.95941,33,73325.546353
1.841291,95,73341.678972
1.891424,44,73361.713001
1.888667,46,73375.656938
1.807459,68,73392.045508
1.994458,10,73406.385311
1.93515,33,73412.190281
1.974085,20,73421.304224
1.981363,19,73428.054656
1.974346,19,73434.44212
1.900024,43,73444.041208
1.73117,89,73460.944815
1.906447,41,73479.518635
1.63616,96,73496.068698
1.928778,48,73514.036284
1.915133,41,73526.915828
1.919426,61,73540.108924
1.883549,78,73552.125514
1.78982,81,73569.72963
1.869322,94,73590.60044
1.902084,43,73610.686106
1.907097,40,73624.087236
1.748696,96,73642.385271
1.928882,44,73661.13192
1.901982,41,73674.390833
1.971249,22,73684.722322
1.97586,29,73692.927239
1.919953,65,73703.289731
1.984133,14,73713.787794
1.909141,41,73721.356718
1.893727,60,73871.999888
1.778769,90,73891.365491
1.970781,24,73913.425868
1.943871,42,73922.155185
1.78714,100,73940.044823
1.706502,85,73963.24124
1.98596,13,73976.97978
1.904392,40,73984.449479
1.96586,32,73996.264367
1.90504,68,74007.865714
1.970847,23,74017.105308
1.812774,74,74028.554578
1.947655,30,74045.708655
1.937412,44,74056.551737
1.92902,35,74068.611781
1.761835,91,74084.595102
1.859672,69,74108.852523
1.933069,37,74124.017308
1.751244,124,74142.724765
1.855644,54,74165.923039
1.775278,93,74184.015187
1.822372,57,74209.042947
1.897113,43,74222.447825
1.916253,39,74236.86464
1.845311,98,74254.348732
1.725291,113,74279.37487
1.984565,15,74293.540462
1.841662,95,74307.331447
1.944195,38,74323.107354
1.890967,48,74333.099941
1.880361,46,74346.325589
1.619458,118,74365.604276
1.778301,125,74396.39294
1.608756,121,74427.701348
1.588675,113,74454.239831
1.834474,101,74481.175553
1.663322,113,74504.114665
1.963018,32,74527.709025
1.946382,33,74537.366247
1.958613,37,74548.054731
1.88236,65,74562.728742
1.802128,83,74579.055875
1.888021,44,74594.344675
1.913827,50,74610.154149
1.950199,28,74623.984488
1.915377,55,74636.553122
1.939125,35,74649.747568
1.87051,50,74660.137246
1.922465,45,74677.204059
1.963986,29,74688.528396
1.84724,57,74700.551584
1.872954,47,74714.781136
1.878724,47,74728.191897
1.956035,28,74740.297459
1.467422,197,74763.326612
1.722175,80,74796.678292
-1.346241,125,74821.009796
-0.450493,300,74865.975601
1.868107,51,74896.683589
1.908743,55,74912.793732
1.807948,123,74934.666342
1.945364,32,74952.171192
1.717955,90,74966.232717
1.983642,16,74983.185136
1.727945,121,74998.497927
1.952477,28,75023.05771
1.892464,52,75033.569372
1.911323,39,75047.475752
1.920039,41,75062.304625
1.868098,52,75075.763323
1.903433,44,75087.267309
1.924291,36,75101.317237
1.856873,52,75112.470876
1.898025,58,75126.384295
-0.487938,300,75162.249816
1.94017,32,75196.316172
1.695182,92,75211.671666
1.879623,49,75232.398362
1.948926,29,75243.947684
1.973741,20,75252.228189
1.608414,133,75270.629421
1.906036,42,75294.90401
1.748532,126,75315.18576
1.754534,79,75340.170357
1.894853,46,75358.228706
1.707832,179,75383.998326
1.871073,67,75412.540676
1.744597,121,75432.216428
1.685307,155,75463.919822
1.791303,118,75492.610754
1.691178,183,75525.88382
1.702701,85,75552.089122
1.762291,71,75574.501439
1.938091,33,75588.645836
1.94374,54,75599.735907
1.87013,54,75613.716675
1.756735,112,75633.846431
1.876728,82,75659.905251
1.908396,78,75681.45478
1.935041,35,75696.799732
1.859277,58,75707.928751
1.981703,21,75721.612341
1.820905,89,75734.802841
1.749299,72,75753.972754
1.719054,112,75775.510228
1.958705,25,75791.373535
1.978321,17,75798.134437
1.957533,24,75805.21239
1.976059,19,75813.353177
1.919811,39,75821.855989
1.879178,58,75836.355821
1.81991,80,75852.843932
1.96017,29,75868.120083
1.907453,60,75878.887067
1.965003,22,75891.279511
1.897543,42,75899.941498
1.864355,48,75912.881403
1.935685,34,75925.241648
1.974737,24,75935.406924
1.931666,33,75944.822472
1.973135,20,75953.265093
1.943001,35,75962.534451
1.994424,10,75971.941322
1.803099,63,75981.705718
1.900888,39,75997.356102
1.867653,87,76012.197198
1.938192,36,76032.060037
1.971587,20,76041.259758
1.578544,139,76058.550139
1.907484,39,76078.805403
1.793418,69,76092.663965
1.91163,42,76109.022471
1.903857,57,76123.235597
1.870857,95,76141.965044
1.746768,71,76158.351969
1.913248,45,76176.492591
1.896799,50,76190.818748
1.955503,29,76202.188534
1.740126,90,76214.59696
1.898077,61,76235.341816
1.776712,68,76252.697829
1.92972,36,76266.613678
1.880566,81,76281.710625
1.823857,120,76305.614485
1.763005,80,76330.206928
1.920242,39,76347.865619
1.900251,45,76360.190031
1.79816,75,76376.454714
1.889674,46,76395.902218
1.889945,48,76409.905401
-1.724596,293,76566.295906
1.781788,77,76598.994905
1.91023,50,76615.113422
1.881357,62,76630.254642
1.909608,42,76643.809337
1.675652,124,76663.546833
1.83057,56,76684.983632
1.773537,66,76702.922696
1.917403,38,76719.711086
1.694668,162,76742.757173
1.960282,25,76764.733513
1.928556,43,76774.754963
1.877791,66,76792.926949
1.89916,53,76811.043024
1.901021,41,76822.747807
1.684724,118,76842.297565
1.804772,100,76867.834799
1.778825,81,76893.617026
1.898318,43,76913.631757
1.753947,135,76933.412482
1.933634,60,76957.452837
1.803202,68,76973.099363
1.53861,177,77001.319764
1.869226,75,77026.261995
1.84609,66,77044.044375
1.956153,38,77057.401867
1.892817,100,77076.355313
1.869062,81,77100.024877
1.883355,61,77118.735552
1.961248,24,77130.33082
1.871911,49,77139.76153
1.871353,52,77154.088282
1.902179,43,77170.066072
1.926606,36,77182.680461
1.732933,75,77199.286402
1.826206,59,77219.018393
1.863826,88,77236.831202
1.918994,36,77254.685715
1.746607,86,77269.926221
1.910859,47,77292.233185
1.655692,107,77312.259112
1.90695,45,77331.962825
1.900363,60,77349.958333
1.739473,123,77371.084545
1.753248,107,77396.404903
1.939536,32,77413.94788
1.772014,69,77429.499869
1.962199,28,77443.55472
1.970779,27,77452.316317
1.84604,57,77462.322337
1.827176,56,77479.797761
1.960919,52,77496.226842
1.654667,104,77516.421229
1.975103,21,77537.73245
1.732305,90,77549.825624
1.782038,84,77571.161245
1.771021,108,77595.27616
1.858878,57,77620.606789
1.96751,21,77633.02922
1.836201,99,77646.821319
1.72292,102,77672.311972
1.974693,23,77690.094927
1.857626,66,77700.70906
1.791588,76,77718.354169
1.875407,54,77734.449622
1.866741,60,77749.304391
1.946546,75,77766.302524
1.906169,39,77779.691217
1.882199,64,77794.245338
1.751801,91,77814.00563
1.787084,107,77839.757412
1.722679,94,77860.514715
1.907616,43,77877.830278
1.822537,75,77894.57029
1.710242,91,77918.20565
1.872539,52,77937.264391
1.953598,28,77948.754512
1.643529,101,77963.867697
1.822717,75,77986.775177
1.872863,77,78010.204885
1.941912,40,78024.656034
1.785425,121,78043.595171
1.806716,75,78068.560866
1.933862,57,78086.249705
1.917028,38,78096.700543
1.973032,26,78106.799231
1.944007,37,78115.191738
1.773258,97,78132.273158
1.892483,46,78149.11365
1.867398,58,78162.565876
1.697927,90,78180.286672
1.965264,44,78199.715694
1.952358,27,78211.534369
1.737089,114,78230.691593
1.899676,57,78256.686042
1.833373,84,78275.089069
1.978654,20,78289.112118
1.886094,47,78301.138598
1.678624,111,78319.311965
1.97109,27,78338.239006
1.922536,74,78349.368193
1.945298,40,78363.171024
1.918068,48,78375.046123
1.900903,50,78387.658083
-1.101201,62,78404.050504
1.826109,64,78417.137291
1.768916,104,78436.849065
1.964616,22,78454.848475
1.89343,60,78464.47469
-1.288405,97,78482.998618
1.837493,96,78506.316463
1.899327,53,78523.250468
1.92077,38,78535.9068
1.906932,40,78546.892991
1.903904,52,78562.504923
1.937799,38,78578.851665
-1.318442,91,78593.914008
1.96409,28,78613.053135
1.962202,25,78620.169849
1.839224,54,78630.127803
1.918614,38,78641.561415
1.767233,75,78655.805385
1.863223,65,78672.751631
1.746352,87,78691.94889
1.907811,39,78710.715743
1.91307,40,78721.80155
1.968644,20,78731.095872
1.781713,98,78744.389267
1.845784,66,78763.153103
1.935393,71,78779.88704
1.835289,85,78796.944774
1.86269,52,78815.717963
1.764506,72,78831.761843
1.917923,42,78849.487128
1.805793,66,78862.971693
1.951849,40,78879.695672
1.944719,34,78891.301503
1.760051,74,78903.686677
1.958909,34,78920.2368
1.678229,97,78936.524627
1.939398,32,78954.747498
1.839241,69,78968.403465
1.93733,36,78981.184215
1.989232,11,78988.054683
1.975828,19,78993.752182
1.885687,65,79004.799469
-1.154077,79,79026.039738
1.688817,100,79046.765255
1.941439,32,79063.624275
1.667431,95,79079.780956
1.845822,99,79103.979236
1.700972,155,79128.110249
1.839393,70,79154.895196
1.825486,69,79293.645934
1.909978,39,79310.720817
1.944538,37,79322.847268
1.860079,62,79334.029688
1.91682,42,79348.784664
1.84769,58,79363.413349
1.917678,75,79381.004616
1.958373,25,79394.325299
1.98289,15,79401.275041
1.744687,113,79415.225476
1.675098,98,79440.655888
1.998951,3,79459.355944
1.826298,64,79467.836103
1.913465,40,79482.965669
1.921792,62,79495.409414
1.914835,38,79505.87013
1.943091,42,79517.452957
1.95001,46,79530.930651
1.788235,85,79547.361641
1.895107,58,79563.521912
1.918329,36,79578.236872
1.850383,75,79593.688496
1.71787,97,79614.297052
1.823063,83,79633.745914
1.943144,36,79649.898214
1.888783,60,79662.552666
1.739627,100,79681.130627
1.892772,42,79702.517147
1.956143,26,79712.839493
1.737069,75,79728.038287
1.869526,48,79743.891461
1.961393,23,79754.097101
1.88858,44,79763.429471
1.577224,134,79783.519649
1.730908,101,79808.825595
1.879831,44,79827.327418
1.971078,21,79838.680098
1.907042,48,79847.581507
1.917325,49,79862.012752
1.841972,64,79877.731811
1.871468,55,79893.48034
1.980439,16,79904.945351
1.874716,56,79915.335343
1.664567,98,79934.261166
1.973868,22,79955.37551
1.926247,36,79964.621584
1.930809,53,79976.581178
1.729737,82,79991.840639
1.946921,31,80007.20795
1.863588,55,80018.226136
1.861769,67,80034.05211
1.930144,62,80051.719431
1.861288,56,80065.725278
1.952834,38,80077.654239
1.978244,21,80087.278178
1.741067,78,80099.034089
1.877012,50,80115.889298
1.954132,38,80131.196736
1.84997,50,80142.436306
1.982976,18,80152.844304
1.853288,85,80165.481718
1.96529,30,80178.4765
1.936122,45,80188.411901
-1.054326,42,80198.77209
1.967132,34,80208.629971
1.905211,44,80219.479417
1.764152,83,80234.639932
1.91581,39,80252.574093
1.850814,66,80265.84378
1.823412,79,80287.067629
1.747558,104,80307.319877
1.839105,81,80330.131711
1.934757,54,80347.401814
1.91732,51,80361.81434
1.815879,61,80376.059135
1.927229,39,80389.986209
1.972433,22,80400.731197
1.698269,129,80418.064988
1.870066,69,80445.889318
-1.224829,300,80483.478736
1.704592,86,80527.400357
1.57761,112,80549.979375
1.870951,89,80574.158595
1.934323,35,80595.031053
1.779293,67,80607.759992
1.89175,93,80626.994204
1.911485,44,80644.426414
1.824637,81,80661.089171
1.758646,90,80684.457203
1.970774,33,80701.278697
1.911857,39,80712.337872
1.846831,54,80726.062639
1.938783,30,80740.789322
1.846473,74,80754.030442
1.877861,47,80773.158071
1.9811,18,80788.285131
1.937035,31,80795.780083
1.837268,60,80807.029438
1.956659,28,80819.199873
1.930064,33,80828.457422
1.911116,39,80839.712119
1.995043,8,80848.712968
1.866181,81,80859.416927
1.899788,48,80877.612308
1.907379,46,80890.59776
1.977649,21,80901.984777
1.911697,41,80909.880827
1.87024,70,80925.841054
1.689985,94,80945.786179
1.919554,65,80969.928655
1.959161,27,80985.502443
1.958453,26,80994.862264
1.95924,27,81003.749148
1.895729,58,81014.999981
1.86746,64,81029.05605
1.727354,82,81047.137163
1.937279,35,81062.82809
1.89453,43,81075.146898
1.89015,51,81087.856428
1.839538,88,81104.680604
1.952013,27,81119.138979
1.721934,87,81132.948552
1.805182,78,81152.763668
1.884354,45,81170.966873
1.648571,99,81188.360453
1.881933,51,81209.791616
1.919783,37,81221.70607
1.957351,30,81232.387448
1.74611,98,81246.58065
-0.377415,300,81287.528147
1.853116,81,81316.988921
1.853039,52,81333.724688
1.927231,36,81345.080459
1.906655,46,81356.873538
1.951746,29,81368.27948
1.876723,65,81382.183186
1.830938,56,81397.632494
1.891801,60,81411.546485
1.895903,59,81427.882547
-1.118805,72,81443.065807
1.777363,86,81460.915307
1.73273,111,81484.387144
1.968395,26,81505.450699
1.478046,128,81523.119783
1.819196,70,81549.484194
1.894333,44,81562.950433
1.931981,47,81578.06765
1.774274,77,81595.335462
1.627862,159,81621.456711
1.751888,89,81650.493409
1.946696,36,81669.945062
1.896489,46,81681.017921
1.745145,84,81697.111638
1.863822,76,81717.410469
1.938631,41,81734.936717
1.914388,43,81747.95399
1.804402,76,81762.731928
1.626333,144,81786.067767
1.905587,47,81808.279757
1.632696,200,81833.848417
1.929482,46,81865.206755
1.892014,45,81875.466263
1.87283,57,82022.405988
1.574711,111,82041.567684
1.963518,26,82061.036239
1.825765,63,82073.716401
1.950787,29,82086.262074
1.932983,41,82097.921879
1.988151,13,82106.602347
1.927575,36,82113.554553
1.959304,31,82124.75017
1.782296,79,82137.843397
1.992065,10,82155.295896
1.869261,84,82166.239924
1.914165,38,82177.615527
1.769653,92,82196.397361
1.791033,71,82218.419102
1.806677,81,82240.617926
1.919182,37,82259.587071
1.628394,107,82277.768796
1.932352,48,82300.168244
1.942861,48,82314.890718
1.9144,54,82329.168981
1.960952,33,82342.684702
1.900859,41,82352.38473
1.925273,37,82365.58809
1.982303,19,82374.910949
1.876575,87,82387.46253
1.885928,43,82406.018153
1.873438,67,82423.417655
1.606025,118,82445.140523
1.869188,54,82467.003055
1.967369,23,82479.668956
1.723085,101,82495.124238
1.746482,108,82522.980548
1.865903,66,82543.316492
1.919206,39,82560.148597
1.944525,40,82573.539172
1.835978,64,82587.500418
1.858172,113,82608.326612
1.652828,109,82634.402015
1.904259,49,82654.645209
1.797427,72,82668.64068
1.899997,58,82686.259969
1.879654,48,82699.947662
1.849396,50,82714.031353
1.962863,39,82726.86003
1.930414,38,82739.386136
1.886496,48,82751.616284
1.865638,52,82766.000707
1.806031,65,82782.700803
1.920102,37,82799.88412
1.96818,31,82810.940817
1.783755,82,82825.534328
1.955407,33,82843.653278
1.978026,20,82854.972914
1.922057,37,82862.849547
1.900011,43,82873.36463
1.629912,119,82895.300068
1.944616,51,82915.134799
1.721968,142,82934.295716
1.886357,69,82959.730489
1.656188,108,82982.261042
1.913675,40,83004.699639
1.734592,101,83021.164046
1.928679,35,83039.465467
1.948941,28,83049.145157
1.861123,67,83061.139583
1.935146,31,83077.309541
1.610468,123,83097.207974
1.910337,45,83118.100158
1.945263,44,83130.700872
1.791455,76,83145.526563
1.898626,50,83160.460012
1.74131,114,83180.348954
1.949467,44,83201.140173
1.96158,24,83210.192201
1.995464,7,83217.296494
1.736897,89,83229.491662
1.752703,96,83252.435081
1.907788,40,83273.068252
1.444348,140,83294.045951
1.932674,36,83321.082031
1.893832,89,83337.478302
1.980359,21,83352.15503
1.857456,57,83361.971978
1.840229,81,83377.615117
1.651793,97,83397.052087
1.880588,48,83414.971635
1.890634,45,83429.732085
1.936478,39,83443.87359
1.892826,44,83454.553843
1.933695,48,83468.565142
1.671668,115,83487.04539
1.953928,27,83507.781492
1.900941,43,83517.543976
1.507345,149,83539.743181
1.9678,22,83558.200317
1.776479,94,83571.985994
1.861927,60,83595.819643
1.918645,40,83613.896058
1.882564,50,83626.487
-1.105358,49,83639.035542
1.714757,92,83657.050413
1.679169,100,83682.430073
1.964931,25,83699.366875
1.906116,43,83708.970356
1.791607,89,83725.222041
1.858636,73,83745.404934
1.823756,68,83764.352668
1.632364,105,83785.906357
1.929379,37,83805.628009
1.909053,46,83817.728579
1.76844,112,83837.930079
1.969898,22,83858.883224
1.914863,41,83867.063013
1.930951,34,83877.343877
1.839247,67,83891.873658
1.806418,81,83910.897117
1.943513,35,83926.852691
1.900167,42,83937.867205
1.911096,38,83948.607865
1.962523,30,83958.267732
1.896102,56,83968.703624
1.932094,38,83982.845809
1.7191,102,83997.785464
1.88572,44,84015.147784
1.784991,74,84032.270078
1.927995,51,84050.033361
1.718529,102,84066.227015
1.720899,107,84091.594787
1.909102,38,84109.041338
1.69495,99,84129.806651
1.889065,47,84150.073929
1.925688,59,84164.458374
1.86011,65,84180.780957
1.878582,48,84197.373162
1.964369,25,84209.279613
1.947404,34,84217.988764
1.922763,51,84228.226306
1.765424,94,84245.369079
1.707363,88,84269.106337
1.977991,19,84285.402785
1.879155,50,84294.636971
1.930927,36,84308.554041
1.793714,96,84324.385134
1.826485,84,84344.891987
1.972145,32,84363.124392
1.933526,37,84373.600274
1.885913,45,84383.949948
1.962781,26,84396.181197
1.85527,69,84407.957913
1.97714,22,84420.122931
1.780976,78,84432.393386
1.916625,37,84449.942884
1.880249,51,84462.829259
1.795897,85,84481.274466
1.954064,29,84497.259133
1.731142,92,84512.320402
1.883763,64,84534.460486
1.866153,55,84551.670894
1.931322,52,84565.575572
1.905007,47,84575.364824
-1.075878,44,84587.140503
1.960898,27,84596.450024
1.843206,65,84610.007596
1.88454,47,84626.405699
1.945862,37,84638.42586
1.788648,76,84655.008789
1.991652,10,84667.980349
1.648444,121,84683.397789
1.835356,69,84833.188027
