#{"t_start": 1660895733.1277232, "env_id": "DobotReachDense-v0"}
r,l,t
-4.728226,50,2.400481
-0.654893,4,2.404181
-14.390979,50,2.448065
-14.792317,50,2.492275
-8.529272,50,2.536112
-10.559177,50,2.582981
-7.297542,50,2.647074
-9.417808,50,2.692897
-10.332237,50,2.736458
-15.839948,50,2.780355
-11.848614,50,3.547626
-10.909991,50,3.591585
-13.156327,50,3.635787
-16.255844,50,3.679793
-17.888291,50,3.724547
-14.296948,50,3.768178
-0.559559,4,3.771832
-14.557749,50,3.815372
-14.509322,50,3.859315
-16.979556,50,3.903777
-13.288528,50,4.674005
-8.606059,50,4.717909
-9.989334,50,4.761731
-9.483634,50,4.805597
-10.133225,50,4.849314
-9.710432,50,4.894187
-14.166182,50,4.937742
-8.584919,50,4.981572
-18.49361,50,5.025457
-4.197176,50,5.069394
-10.783823,50,5.830322
-9.619778,50,5.873889
-16.968249,50,5.917401
-12.20241,50,5.96126
-15.104942,50,6.00479
-20.078031,50,6.048365
-10.557769,50,6.092213
-14.760879,50,6.136053
-12.885704,50,6.179922
-13.535849,50,6.223841
-16.483037,50,6.982931
-9.730686,50,7.026516
-0.184832,2,7.02845
-13.749502,50,7.072337
-13.215309,50,7.116207
-7.968226,50,7.16006
-13.506066,50,7.203591
-13.034678,50,7.247569
-8.672198,50,7.291427
-11.586728,50,7.335286
-14.299132,50,8.094793
-15.758325,50,8.138453
-17.529002,50,8.182056
-13.486522,50,8.226047
-9.350024,50,8.269879
-16.006786,50,8.313799
-12.435655,50,8.357363
-13.493753,50,8.400935
-15.533548,50,8.444899
-13.768894,50,8.488887
-10.043229,50,9.251855
-14.656575,50,9.29563
-10.265421,50,9.339221
-19.815242,50,9.382898
-12.850476,50,9.426468
-19.183564,50,9.470331
-14.199123,50,9.514465
-17.266579,50,9.5582
-17.127489,50,9.602051
-15.936047,50,9.646282
-14.666603,50,10.402033
-0.312011,3,10.404827
-12.669986,50,10.448576
-6.426059,50,10.491973
-13.696478,50,10.535718
-19.841686,50,10.579227
-11.455543,50,10.623047
-11.104427,50,10.666862
-18.135137,50,10.710264
-6.594784,50,10.753889
-12.449345,50,11.513244
-10.947698,50,11.556903
-18.590533,50,11.600389
-16.169641,50,11.644336
-10.236536,50,11.687992
-12.920594,50,11.731515
-6.829995,50,11.775299
-16.519775,50,11.81882
-10.276781,50,11.862698
-15.205406,50,11.906476
-17.448081,50,12.664205
-14.869476,50,12.708237
-4.518622,50,12.752193
-13.207127,50,12.795607
-8.317851,50,12.839462
-14.474429,50,12.88333
-9.007149,50,12.926831
-10.250443,50,12.970652
-13.444751,50,13.014573
-12.883617,50,13.058452
-13.247441,50,18.887917
-0.944561,5,18.892524
-16.756511,50,18.938261
-8.044863,50,18.983795
-0.450779,3,18.986611
-13.445212,50,19.03215
-10.088704,50,19.077751
-12.327473,50,19.123525
-12.469559,50,19.169833
-12.585138,50,19.215364
-8.704007,50,24.405393
-5.979519,50,24.449497
-7.780861,50,24.495358
-8.59949,50,24.541209
-9.340909,50,24.58667
-7.913209,50,24.632209
-6.486036,50,24.676202
-8.360364,50,24.720126
-9.84596,50,24.7642
-6.976421,50,24.809224
-0.931022,5,29.617148
-0.29207,3,29.619968
-6.162741,50,29.667573
-0.258573,3,29.670365
-0.810845,5,29.67495
-0.747144,5,29.679544
-2.972575,16,29.693683
-4.221824,50,29.739247
-0.635445,5,29.743805
-2.276161,16,29.758113
-3.760602,20,35.27148
-2.543384,14,35.28401
-1.703605,12,35.294798
-3.21936,16,35.309161
-0.950265,5,35.313731
-0.963814,9,35.321781
-2.569181,15,35.335167
-5.391061,50,35.380426
-1.236023,10,35.389404
-1.05146,5,35.393975
-1.081602,6,41.202311
-4.511653,50,41.247341
-1.703495,12,41.258204
-1.042852,10,41.267275
-0.187938,2,41.269191
-1.106907,10,41.278076
-0.497935,3,41.280895
-3.087266,50,41.326321
-0.902837,5,41.330898
-0.596398,4,41.334552
-5.599676,50,47.184576
-3.935774,50,47.229682
-1.560727,11,47.239519
-3.427075,16,47.253949
-1.607755,11,47.263893
-2.195251,14,47.276503
-2.234343,13,47.288338
-1.653903,11,47.298277
-3.728727,17,47.313795
-3.484936,17,47.329257
-2.861359,16,53.258957
-1.719281,13,53.270665
-2.11876,12,53.281752
-1.121021,9,53.289841
-5.744907,50,53.33429
-6.970273,50,53.380926
-0.302182,3,53.38377
-3.558884,18,53.399931
-2.137656,14,53.412638
-2.307622,12,53.423578
-1.078463,12,59.239573
-0.698963,7,59.24602
-6.229908,50,59.290293
-5.789411,50,59.335341
-4.947274,50,59.379551
-3.692171,18,59.395661
-0.690833,6,59.401071
-0.819306,8,59.408234
-4.366099,50,59.453724
-2.110906,14,59.466574
-2.244626,13,65.368827
-2.535213,17,65.384146
-5.42196,50,65.428253
-1.859788,13,65.439817
-1.510044,14,65.452469
-2.798472,15,65.465873
-0.907977,5,65.470435
-1.427513,10,65.479652
-0.742547,4,65.483344
-3.291352,17,65.498831
-0.642822,4,71.363603
-4.046836,50,71.40868
-1.418076,10,71.417568
-2.422218,15,71.431051
-6.015544,50,71.477487
-2.219768,15,71.491758
-2.247031,16,71.506718
-0.538391,4,71.510445
-1.517758,13,71.522382
-0.871289,5,71.52699
-3.603265,18,77.364482
-5.989675,50,77.408938
-2.651989,14,77.421397
-4.56516,50,77.465755
-5.25184,50,77.51183
-1.000259,6,77.517215
-1.388034,13,77.529066
-3.743486,50,77.574149
-0.972057,5,77.578754
-2.539902,16,77.593484
-1.446832,12,83.395834
-1.077177,6,83.40131
-1.981855,12,83.412297
-2.867229,15,83.426017
-0.472071,3,83.428865
-0.920348,5,83.433444
-2.998021,16,83.447921
-0.805068,4,83.451656
-1.04194,10,83.460749
-0.656024,4,83.46449
-1.087079,7,89.344742
-0.422394,4,89.348485
-0.388071,4,89.352175
-1.176339,12,89.363138
-1.194175,12,89.374161
-3.480787,50,89.420052
-1.219643,10,89.429337
-6.06732,50,89.473883
-3.058957,21,89.492558
-1.518483,12,89.50332
-0.647017,4,95.291663
-3.070078,16,95.306241
-3.071169,16,95.320837
-0.909805,5,95.325403
-1.543632,10,95.334516
-3.536831,50,95.380011
-1.875156,13,95.391732
-2.063398,12,95.402452
-1.142886,7,95.408733
-0.789406,5,95.413241
-1.630751,10,101.319023
-2.70372,16,101.333777
-0.956334,10,101.342779
-0.386195,3,101.345568
-3.036851,17,101.360808
-2.011328,14,101.373386
-0.545655,4,101.377045
-2.564268,16,101.391697
-2.990165,17,101.406965
-2.050405,15,101.420738
-0.419104,3,107.281518
-1.668843,12,107.292556
-1.298763,12,107.303382
-1.971414,13,107.315442
-0.364956,3,107.318264
-3.714437,19,107.335706
-3.332655,18,107.351829
-2.226908,14,107.364833
-2.647265,15,107.37831
-0.365522,4,107.381997
-0.83205,5,113.241466
-3.182202,15,113.255458
-2.04985,13,113.267056
-0.349516,3,113.269917
-0.675431,5,113.27449
-1.716726,11,113.284458
-0.907223,5,113.289006
-0.881841,5,113.293612
-1.980862,12,113.30432
-2.886651,14,113.316928
-1.400712,11,119.234628
-0.702128,5,119.239193
-2.353648,15,119.252721
-1.441806,11,119.262902
-1.057786,10,119.271841
-5.158054,50,119.317689
-2.906399,17,119.333228
-0.824353,5,119.337784
-5.338629,50,119.384332
-0.934393,10,119.39338
-3.257077,18,125.275914
-5.435181,50,125.320184
-1.341594,10,125.329241
-6.013434,50,125.375967
-0.537587,4,125.379641
-0.364645,3,125.382448
-1.142453,10,125.391559
-6.233422,50,125.43669
-2.718897,16,125.451064
-0.681808,5,125.45565
-2.907291,16,131.307399
-1.313168,12,131.318269
-2.694826,14,131.331263
-1.852347,14,131.344091
-1.750682,14,131.357024
-2.941707,18,131.373506
-1.492862,12,131.384623
-0.426372,3,131.387549
-2.145153,14,131.401151
-5.771933,50,131.448748
-0.910344,5,137.391924
-5.036295,50,137.439046
-2.972015,17,137.454291
-2.091679,13,137.466004
-2.65152,16,137.480572
-2.703138,16,137.4969
-1.598085,12,137.507781
-2.764996,17,137.523395
-6.010229,50,137.569357
-2.338399,15,137.583092
-3.099872,17,143.419313
-1.145223,11,143.429429
-1.220178,10,143.438526
-6.028722,50,143.482691
-5.514108,50,143.529053
-1.936443,14,143.54209
-0.262168,2,143.544023
-0.424381,4,143.547709
-0.904808,5,143.552269
-1.156241,9,143.560409
-4.022881,20,149.461214
-0.627656,4,149.464936
-1.385281,12,149.476022
-2.768838,16,149.490342
-1.374883,9,149.498544
-0.610795,4,149.502233
-3.643471,50,149.54667
-0.400353,3,149.549484
-2.497969,15,149.563071
-1.867664,12,149.573881
-1.172579,8,155.405572
-2.379374,15,155.419108
-1.414969,11,155.429016
-0.66593,4,155.432731
-0.773633,5,155.437285
-2.12395,15,155.450894
-2.234843,12,155.461907
-2.877314,15,155.47523
-1.900882,14,155.488157
-0.299635,3,155.490956
-5.471591,50,161.382047
-3.259893,20,161.400075
-6.178529,50,161.445215
-0.803731,5,161.44974
-2.829108,15,161.463687
-1.037764,9,161.471812
-1.994753,14,161.484677
-1.791972,14,161.497401
-1.520027,13,161.509116
-0.334973,3,161.511906
-0.934786,7,167.299358
-1.741734,12,167.310624
-0.454641,3,167.313459
-0.415566,3,167.316283
-3.520466,50,167.362273
-2.282262,15,167.375957
-6.035752,50,167.422676
-3.055873,50,167.467019
-2.916574,17,167.482086
-0.190987,2,167.484009
-2.405893,16,173.392773
-1.422467,11,173.402618
-0.977346,5,173.40722
-1.919162,12,173.417988
-3.774144,21,173.437188
-5.182084,50,173.482733
-0.460647,3,173.485563
-2.932931,17,173.500932
-1.250116,11,173.510935
-2.289348,15,173.524628
-0.846125,5,179.34576
-1.848457,14,179.35886
-2.653816,15,179.372533
-2.018668,13,179.384275
-1.16914,10,179.393347
-3.473137,22,179.413347
-0.582414,4,179.41705
-0.914854,5,179.421649
-5.249871,50,179.466386
-1.243621,11,179.476378
-1.128015,10,185.307628
-0.53121,4,185.311337
-2.156456,15,185.324728
-1.532823,12,185.335557
-0.952314,6,185.34091
-0.571471,4,185.344618
-0.995344,10,185.353595
-0.96688,8,185.360743
-2.138836,15,185.374436
-0.403432,3,185.377227
-5.339039,50,191.357147
-0.546448,4,191.360854
-2.765208,16,191.375594
-2.657168,17,191.391114
-2.484411,13,191.40281
-1.518129,12,191.41355
-1.719211,14,191.426206
-0.877123,6,191.431643
-6.164526,50,191.476962
-2.267631,15,191.490758
-0.293298,3,197.445803
-4.448237,50,197.49139
-1.09671,10,197.50036
-2.040144,12,197.511079
-1.126953,10,197.520087
-2.135833,15,197.533699
-2.012015,13,197.545587
-0.429586,3,197.548386
-0.932036,10,197.557387
-1.263623,7,197.56385
-1.059632,6,203.46078
-1.360365,10,203.469823
-2.068267,14,203.482462
-0.963099,5,203.486976
-3.266132,19,203.50426
-0.356575,3,203.50705
-0.787893,4,203.510738
-0.312039,3,203.513553
-1.180722,10,203.52244
-1.670619,12,203.533246
-1.695502,11,209.415212
-1.349875,10,209.424386
-1.717625,12,209.435196
-2.195128,13,209.446896
-1.104308,6,209.452395
-1.001624,6,209.457875
-2.401359,15,209.47129
-0.978013,10,209.480444
-2.960689,17,209.495885
-2.432308,15,209.509392
-2.162376,12,215.326732
-2.375887,15,215.340219
-2.057541,12,215.350941
-1.16634,11,215.360811
-0.848862,10,215.370021
-2.315569,14,215.382709
-0.48619,3,215.385525
-1.559459,12,215.396414
-1.102332,6,215.401899
-0.613537,4,215.405602
-0.535999,4,221.281737
-3.090114,17,221.297318
-0.632495,4,221.30103
-0.764005,8,221.30824
-1.111852,11,221.318398
-0.247432,3,221.321197
-2.201561,13,221.332907
-0.614175,4,221.336622
-1.846456,13,221.348486
-2.755069,15,221.361779
-0.658207,4,227.271447
-2.768495,15,227.285018
-2.123041,21,227.304292
-0.252018,3,227.307109
-2.418073,15,227.320505
-1.637301,10,227.329625
-1.03757,10,227.338617
-2.271531,14,227.351187
-1.819009,12,227.36193
-1.953037,14,227.374695
-3.587777,18,233.231458
-3.756525,19,233.249228
-1.78397,12,233.260199
-0.376379,3,233.263004
-1.92902,11,233.273487
-1.224983,10,233.282596
-0.987682,11,233.292656
-3.431067,19,233.309566
-2.655555,16,233.324314
-1.555328,10,233.333644
-1.451047,10,239.169153
-0.812961,8,239.176439
-1.973532,14,239.189347
-0.496091,4,239.193039
-0.957628,7,239.19942
-0.907932,9,239.207762
-1.06555,9,239.215946
-0.303522,3,239.218758
-2.97877,16,239.233216
-3.892515,50,239.278878
-1.02987,11,245.196896
-2.022711,11,245.206922
-0.939205,8,245.214254
-2.426919,16,245.228863
-3.52982,18,245.245316
-1.044935,9,245.253426
-2.338136,15,245.267201
-1.543465,12,245.278083
-0.919596,5,245.282654
-3.20896,17,245.297897
-0.900406,10,251.078887
-1.571446,13,251.090628
-1.91052,15,251.104475
-2.745254,16,251.11868
-1.649795,12,251.12934
-5.698417,50,251.174299
-1.455124,10,251.183192
-1.879237,13,251.19489
-1.910308,13,251.206755
-1.19832,12,251.21779
49.277369
-1.378798,11,49.349121
-1.03843,10,49.408772
-5.751546,50,49.700991
-2.786757,16,49.801048
-1.585428,10,49.8633
-1.713698,11,49.940339
-1.486354,10,50.013406
-1.031589,10,50.099724
-2.112853,15,50.194927
-0.516176,4,50.22093
-1.211917,10,50.284319
-1.121192,11,50.349138
-1.207567,10,50.406487
-0.31779,3,50.42745
-3.074675,16,50.543567
-4.322407,50,50.850797
-6.070084,50,51.165553
-1.518645,19,51.340026
-5.803036,50,51.693335
-1.082399,10,51.756777
-2.482258,16,51.856977
-3.513879,18,51.972636
-1.321828,11,52.041971
-2.67969,16,52.134251
-1.678774,14,52.214832
-0.926932,5,52.244282
-3.104602,16,52.337422
-0.635263,4,52.360363
-1.005591,10,52.417851
-1.484376,12,52.488918
-1.974955,15,52.574816
-2.625992,15,52.661715
-1.639512,12,52.730373
-4.135351,20,52.846863
-1.570101,11,52.90997
-1.913346,13,52.985079
-1.771802,12,53.249635
-1.27628,12,53.319641
-0.547077,4,53.342408
-0.687596,4,53.365258
-2.365335,15,53.451738
-0.758315,4,53.475813
-3.00322,17,53.574291
-1.024619,6,53.608219
-0.963781,9,53.659849
-3.476916,23,53.793197
-1.169361,11,53.856534
-2.521132,16,53.953293
-0.827825,5,53.998951
-1.253287,12,54.071258
-1.95344,14,54.152183
-0.788696,4,54.174821
-3.813237,20,54.289327
-0.701706,4,54.313696
-1.213641,11,54.378086
-1.745534,18,54.481419
-0.698387,6,54.515728
-0.87019,5,54.545989
-1.091036,11,54.609684
-5.638139,50,54.914079
-1.986743,14,54.99356
-2.875624,16,55.088146
-0.835204,5,55.116788
-2.302762,13,55.191306
-0.82555,5,55.219893
-0.63738,4,55.244122
-1.674695,13,55.319938
-3.384604,50,55.604125
-3.70404,50,55.889162
-4.112319,50,56.175959
-0.482058,4,56.198768
-2.664504,15,56.284692
-0.621475,4,56.307536
-1.130863,9,56.359914
-2.266772,14,56.439933
-1.633226,11,56.503379
-1.017293,11,56.566576
-0.642659,4,56.589791
-2.388039,17,56.688665
-1.175827,12,56.757521
-2.604011,31,56.934608
-3.057415,17,57.033144
-3.516423,22,57.158502
-0.88169,5,57.187035
-1.177828,7,57.226832
-3.116673,18,57.330737
-2.067487,15,57.416969
-2.81522,16,57.508806
-1.294164,12,57.577704
-1.216201,9,57.630905
-1.422209,11,57.694149
-1.797202,14,57.774242
-1.979313,14,57.853973
-4.939187,42,58.094076
-3.277778,26,58.242302
-1.128078,11,58.305225
-1.58479,11,58.368237
-3.656065,18,58.472365
-1.783763,11,58.535562
-3.521123,19,58.644297
-5.799171,46,58.9062
-2.672641,16,58.998634
-0.775662,5,59.027324
-3.634693,21,59.403238
-3.185435,18,59.506859
-0.688362,5,59.537163
-1.838691,13,59.611778
-2.338404,29,59.776621
-1.628089,14,59.856481
-1.676228,14,59.937953
-4.127637,31,60.114832
-0.649412,4,60.137462
-3.273741,19,60.245505
-1.303945,9,60.298626
-1.005216,10,60.356771
-4.68924,29,60.523013
-0.63204,5,60.551397
-0.820986,5,60.580679
-1.787741,15,60.667535
-1.188649,13,60.74208
-0.861479,5,60.770367
-2.085646,14,60.85112
-1.679528,12,60.919949
-0.758523,4,60.942637
-1.813029,13,61.01649
-1.57117,10,61.074698
-1.507321,12,61.144496
-3.701935,27,61.298496
-2.927367,18,61.401722
-1.276678,11,61.467361
-1.439115,12,61.536248
-3.091077,17,61.633284
-0.491022,4,61.655955
-0.227113,2,61.667698
-0.993182,5,61.697874
-0.771943,7,61.737466
-0.501654,4,61.760407
-1.622281,11,61.825115
-1.500823,11,61.888607
-1.568936,10,61.945847
-2.195108,16,62.037264
-1.681423,13,62.117981
-1.768437,11,62.181397
-0.412203,4,62.204161
-3.13401,17,62.301428
-3.875866,23,62.434315
-0.617014,4,62.457216
-1.657292,10,62.524934
-2.55983,17,62.632485
-4.220225,23,62.764409
-1.704275,12,62.832676
-1.037339,11,62.895731
-2.62751,29,63.060495
-5.847657,49,63.340415
-3.284213,18,63.474837
-4.068515,19,63.584543
-0.323406,3,63.601865
-2.222829,14,63.684731
-3.632493,18,63.78756
-1.73924,13,63.861485
-3.020005,17,63.979573
-1.363626,9,64.034329
-1.497975,10,64.093241
-0.647354,4,64.116165
-3.802705,22,64.24251
-0.843124,5,64.272269
-1.679097,11,64.335889
-2.54625,16,64.427847
-3.079027,16,64.519341
-1.706485,13,64.60092
-3.723529,50,64.904761
-1.10372,6,64.938965
-0.603001,5,64.972804
-0.877981,5,65.017146
-6.793426,50,65.465009
-0.917016,8,65.510758
-2.896049,15,65.596426
-0.484403,4,65.621075
-3.617316,19,65.730982
-2.796927,16,65.822376
-3.144733,18,65.950552
-1.172121,10,66.011083
-3.340818,17,66.109667
-2.764955,17,66.207291
-3.126696,19,66.316768
-2.481438,16,66.410869
-0.86886,9,66.462248
-0.915771,6,66.496857
-0.580332,4,66.519829
-1.059523,6,66.556612
-1.303619,11,66.620182
-2.179774,15,66.730597
-2.874087,15,66.818365
-4.797229,23,66.95147
-0.991184,6,66.985677
-1.242058,12,67.05449
-0.578271,5,67.083052
-0.580764,4,67.106511
-4.605728,50,67.390172
-1.621397,12,67.458778
-3.264147,21,67.577849
-0.652568,4,67.601234
-1.316308,11,67.664889
-0.683794,4,67.687606
-1.692211,12,67.756856
-1.323107,10,67.815405
-0.948295,5,67.843811
-1.543281,11,67.907331
-4.055544,30,68.077798
-0.652263,5,68.107008
-1.681666,11,68.170281
-6.951572,50,68.455613
-3.177025,18,68.559419
-2.631895,16,68.65222
-1.962903,17,68.749556
-2.440323,27,68.906229
-2.193592,13,68.995541
-1.799994,17,69.10236
-0.710806,4,69.125285
-0.826848,10,69.182102
-1.373656,11,69.244728
-3.113388,17,69.344183
-1.542359,10,69.400959
-2.523825,16,69.491869
-0.74636,4,69.514584
-2.097731,15,69.602647
-1.113911,10,69.659197
-0.546781,4,69.683164
-2.703471,15,69.768067
-0.513504,4,69.792228
-3.126281,16,69.884465
-0.679011,4,69.907327
-1.938817,15,69.993026
-5.485318,50,70.279332
-1.065082,6,70.313242
-1.260798,12,70.381404
-1.18405,12,70.44944
-0.528651,4,70.473397
-3.05122,17,70.571586
-1.71786,13,70.645327
-3.995609,18,70.746613
-2.089469,14,70.834796
-5.046116,32,71.031248
-0.711578,5,71.059588
-0.780668,9,71.111306
-1.491206,11,71.359628
-1.035657,11,71.426383
-0.290474,3,71.443452
-3.794115,19,71.552421
-1.750849,13,71.629977
-2.18921,12,71.699798
-3.526795,17,71.79808
-1.937579,14,71.878488
-3.315877,19,71.9888
-6.914017,50,72.27483
-1.322543,10,72.332814
-0.961218,5,72.361793
-2.605158,19,72.472699
-1.094842,10,72.529912
-3.396441,16,72.621322
-4.061154,23,72.753767
-1.77929,12,72.824655
-3.078894,17,72.922046
-0.40675,3,72.939102
-3.219989,19,73.047728
-3.151009,18,73.152818
-1.297968,12,73.221294
-2.083423,28,73.383323
-0.999947,6,73.417479
-3.255629,18,73.521228
-2.892705,18,73.624035
-0.320557,4,73.646708
-1.693944,13,73.721285
-1.048335,11,73.786009
-1.261879,12,73.856948
-0.903082,5,73.887364
-0.71905,5,73.916826
-0.838408,5,73.946912
-0.848649,10,74.004597
-1.410818,12,74.073747
-0.440298,3,74.091309
-0.844406,10,74.151411
-3.475447,21,74.275604
-0.995175,6,74.311208
-3.042741,17,74.428081
-0.902811,12,74.501149
-2.751197,17,74.597953
-1.918192,14,74.677945
-2.175965,15,74.763567
-1.131063,10,74.822942
-3.24249,16,74.914056
-1.44678,11,74.976761
-1.766619,12,75.045113
-0.409332,4,75.068552
-1.252473,11,75.132764
-2.632665,16,75.223752
-1.390735,10,75.281317
-1.048552,11,75.346658
-2.976188,16,75.437579
-1.348782,10,75.49482
-2.141649,15,75.580437
-0.598864,4,75.60412
-1.404716,12,75.673615
-0.855865,12,75.741891
-6.05646,50,76.025876
-1.050459,5,76.055575
-2.047545,12,76.125527
-0.701884,4,76.148765
-0.525134,4,76.171481
-0.780921,4,76.195446
-0.34682,3,76.21345
-2.360964,25,76.357641
-2.558373,15,76.446315
-1.234741,11,76.51174
-1.188525,10,76.569542
-1.322323,12,76.63826
-1.5234,13,76.712492
-1.117538,11,76.777194
-2.622966,15,76.863223
-1.914051,12,76.932845
-1.22174,11,76.995683
-6.380516,50,77.546517
-1.338994,11,77.609151
-1.277169,12,77.677969
-1.202932,12,77.746925
-0.738041,5,77.776325
-1.532115,19,77.885565
-6.216989,50,78.169103
-3.33393,17,78.26583
-2.156931,16,78.359959
-6.488044,50,78.64422
-1.819795,14,78.7242
-1.263554,11,78.786611
-1.742954,17,78.886282
-1.230566,10,78.944365
-1.23255,10,79.002413
-0.959499,9,79.053267
-1.831833,13,79.12996
-0.222925,2,79.141414
-1.621941,12,79.209468
-2.718348,19,79.318473
-3.271335,21,79.440514
-1.833438,13,79.515321
-1.344987,12,79.583755
-3.522421,19,79.692679
-0.685577,5,79.722337
-1.431824,18,79.826069
-0.516607,5,79.854684
-2.147465,15,79.940429
-3.104537,16,80.034133
-2.587552,16,80.126091
-2.362679,15,80.211611
-2.570642,17,80.308489
-2.934438,19,80.419462
-1.703913,12,80.487491
-2.920805,17,80.584866
-1.220473,11,80.648002
-0.765984,6,80.683855
-1.287833,12,80.753476
-3.323143,17,80.849729
-1.162054,8,80.895268
-0.902401,5,80.924574
-2.206609,18,81.027684
-2.106827,14,81.108348
-1.90551,12,81.176754
-1.246554,11,81.24228
-4.163671,21,81.362427
-1.508198,11,81.425308
-3.269634,18,81.555853
-2.416316,14,81.637562
-3.82903,17,81.734755
-0.759923,6,81.768875
-3.450343,17,81.865888
-0.818958,5,81.894988
-0.993423,8,81.941484
-0.759718,7,81.981436
-3.090416,15,82.067648
-0.970907,5,82.096865
-0.801263,4,82.120202
-3.165787,22,82.246329
-1.489112,10,82.303694
-5.139748,36,82.51071
-0.452124,4,82.534139
-4.233091,32,82.716614
-1.108397,10,82.773616
-1.002211,9,82.826376
-0.85103,5,82.855122
-1.365252,10,82.912341
-0.751659,5,82.941076
-3.024724,26,83.090747
-1.585024,12,83.15992
-0.483105,3,83.17717
-6.297104,50,83.576884
-1.455903,10,83.635527
-0.71393,4,83.658728
-1.380378,10,83.716144
-1.675237,13,83.790711
-1.957974,20,83.906484
-0.633217,6,83.941002
-3.658189,50,84.226056
-0.342053,4,84.249008
-1.338529,10,84.30717
-0.73822,10,84.364722
-2.863311,17,84.461922
-1.052742,6,84.496007
-3.24114,18,84.600501
-0.381614,3,84.617727
-4.261974,21,84.737757
-2.166324,18,84.841329
-5.377456,50,85.131031
-5.138321,25,85.276201
-1.787684,15,85.362282
-1.254302,11,85.426144
-1.976392,13,85.502014
-2.240346,12,85.570823
-3.113066,18,85.673616
-0.96183,5,85.702162
-2.106215,17,85.80096
-0.782436,5,85.829657
-0.948081,9,85.898138
-3.578091,17,85.997023
-1.502,10,86.056257
-0.630776,4,86.079245
-2.692381,14,86.16068
-1.315767,10,86.219276
-3.410929,17,86.318234
-1.887298,14,86.399218
-1.692057,11,86.462574
-2.116663,13,86.536779
-1.775068,14,86.619038
-2.594078,16,86.716705
-0.711441,4,86.751718
-0.58963,4,86.777294
-1.715029,13,86.854603
-2.742053,17,86.952995
-0.769706,5,86.981506
-0.949345,5,87.010141
-1.143316,11,87.075099
-0.276283,3,87.092254
-3.520107,26,87.241245
-1.061711,5,87.269852
-2.099106,12,87.339891
-1.281702,12,87.408803
-1.171942,11,87.472409
-1.435556,11,87.535466
-3.293979,20,87.651083
-2.62123,15,87.736424
-4.120222,20,87.851033
-0.358906,4,87.873771
-1.169171,10,87.932619
-2.880103,17,88.030016
-0.722764,8,88.075857
-3.619275,50,88.36223
-0.664954,4,88.385809
-2.250658,13,88.460355
-3.415304,21,88.580529
-3.198419,19,88.71652
-0.363152,3,88.734523
-3.311333,16,88.826344
-0.657118,4,88.849014
-2.430613,19,88.957076
-0.664336,8,89.004081
-0.362645,3,89.021276
-1.350727,14,89.101193
-0.9457,9,89.34658
-0.538187,4,89.369899
-0.437106,4,89.393598
-0.455913,4,89.41649
-0.425119,3,89.433586
-0.449445,3,89.451009
-1.021324,10,89.509219
-0.667375,4,89.53217
-1.197116,10,89.589636
-1.592261,11,89.653374
-1.030413,11,89.716275
-0.310105,3,89.733378
-3.024982,17,89.830548
-2.224198,14,89.911446
-3.690533,50,90.196357
-0.755292,7,90.236445
-4.708503,50,90.521955
-2.69225,14,90.603556
-0.668662,8,90.649524
-1.422397,12,90.718384
-0.950551,9,90.769626
-2.118584,12,90.840396
-1.472125,13,90.915009
-2.953133,16,91.006115
-1.894119,14,91.087036
-0.756107,7,91.129041
-4.194776,19,91.236979
-1.157553,8,91.282416
-1.245061,10,91.339797
-0.546868,4,91.36428
-5.652974,50,91.671151
-1.255801,15,91.756706
-0.206794,2,91.768119
-1.414538,11,91.833799
-0.675783,5,91.86241
-1.467079,12,91.931175
-1.376977,13,92.005387
-0.891861,10,92.063995
-4.084736,23,92.194705
-5.531844,50,92.480269
-0.877719,5,92.508561
-1.726633,14,92.590535
-1.071123,9,92.641438
-0.836138,5,92.670443
-1.726522,12,92.738507
-3.584936,19,92.848973
-1.010073,11,92.912643
-0.293651,3,92.929762
-2.287137,23,93.061243
-1.906371,13,93.137657
-2.229395,13,93.212001
-0.339623,3,93.229282
-0.496958,4,93.25192
-2.708819,14,93.335153
-0.708877,4,93.358249
-2.111458,14,93.438458
-4.971302,45,93.695053
-5.500509,50,93.980416
-0.907149,10,94.038165
-1.46182,10,94.0965
-0.275292,3,94.113575
-0.427525,4,94.137711
-3.615347,18,94.24121
-2.118034,16,94.332791
-0.405199,4,94.35758
-0.599204,4,94.383669
-5.605415,50,94.669279
-0.560845,4,94.691905
-0.675918,7,94.731617
-4.159224,23,94.86444
-0.76195,5,94.89278
-4.023748,20,95.006644
-1.777294,14,95.086702
-1.097306,11,95.294638
-2.860574,15,95.380121
-1.958438,11,95.444632
-2.349476,16,95.540718
-3.575039,18,95.644756
-2.466117,13,95.719034
-2.414581,15,95.804508
-1.805823,13,95.87943
-0.782815,8,95.925867
-3.576111,20,96.039751
-2.926818,16,96.130577
-0.319402,3,96.147812
-0.873065,10,96.205833
-1.413946,12,96.274694
-1.206817,13,96.378412
-0.781405,10,96.451692
-1.721311,13,96.528819
-0.948557,5,96.557401
-1.065031,5,96.586247
-0.809008,5,96.614728
-0.829895,5,96.644331
-1.672701,12,96.713494
-2.212283,15,96.799677
-1.156076,10,96.856872
-0.821013,10,96.915722
-3.277369,16,97.007983
-3.80138,29,97.173432
-1.364254,10,97.230599
-1.3525,10,97.30787
-2.181198,14,97.389968
-1.996036,13,97.464516
-1.690808,11,97.527096
-5.466967,50,97.813465
-0.609793,4,97.836398
-0.463621,4,97.859841
-1.66052,12,97.928282
-0.549544,4,97.951739
-1.241802,11,98.015685
-1.962052,13,98.089706
-3.593714,28,98.249408
-0.965824,11,98.31392
-0.571607,4,98.336911
-2.63093,15,98.4222
-1.814148,13,98.49669
-2.306716,15,98.604452
-0.86516,9,98.660764
-1.287385,9,98.712807
-0.832463,5,98.741523
-3.687835,50,99.030192
-2.023425,15,99.116299
-0.724895,5,99.144681
-3.089434,18,99.248214
-2.809219,14,99.329683
-0.661536,4,99.352772
-0.608879,4,99.375766
-0.877548,9,99.427132
-1.113034,11,99.492359
-1.90351,13,99.566342
-2.238323,15,99.652998
-2.62829,15,99.738545
-1.296399,8,99.78601
-6.141397,50,100.071042
-0.284108,3,100.088212
-0.817005,5,100.11674
-0.677389,4,100.140686
-2.036669,15,100.227629
-1.450946,11,100.290897
-0.96622,5,100.319309
-0.856312,6,100.355107
-1.776845,11,100.418244
-1.325117,10,100.47578
-1.009501,10,100.533238
-1.943782,13,100.63188
-0.399539,3,100.652534
-1.564846,11,100.715854
-2.213682,12,100.784994
-2.164199,15,100.872393
-0.29584,3,100.889592
-1.291364,12,100.958446
-3.265886,17,101.055132
-2.903151,17,101.281691
-0.731481,4,101.304609
-2.872632,17,101.401884
-3.908423,20,101.516972
-2.671259,16,101.636445
-2.959903,17,101.734607
-3.848108,19,101.843294
-0.844964,5,101.871912
-2.778489,16,101.964852
-1.890314,13,102.039028
-2.265543,14,102.119643
-0.831546,8,102.165128
-0.913345,5,102.195226
-0.338363,4,102.218914
-4.42397,50,102.502786
-0.95603,5,102.531094
-2.305805,16,102.625676
-2.630819,16,102.717572
-2.935706,17,102.815163
-0.966402,9,102.866529
-1.589238,13,102.942649
-4.306598,23,103.074288
-3.939218,20,103.1884
-0.502664,4,103.211179
-1.014447,6,103.246769
-0.9826,5,103.276437
-1.593235,11,103.339439
-2.09722,13,103.414059
-2.11657,13,103.489825
-2.674633,16,103.581061
-3.275762,19,103.689663
-3.345404,18,103.792533
-3.422007,19,103.90405
-1.624044,10,103.961162
-0.801999,4,103.983954
-0.578966,4,104.006629
-1.402076,15,104.094304
-0.921465,10,104.152233
-2.732502,15,104.237889
-2.168262,13,104.331713
-3.934022,21,104.456293
-0.975933,5,104.485136
-0.981549,5,104.513677
-2.407414,13,104.588906
-0.820104,5,104.618953
-0.464402,4,104.642249
-0.954062,5,104.670937
-1.218685,10,104.728833
-3.043899,18,104.834369
-3.918691,19,104.943213
-2.610872,16,105.03459
-2.670931,16,105.127001
-2.317844,13,105.203215
-0.318172,3,105.220402
-1.273415,8,105.266091
-1.899984,16,105.358648
-1.684155,14,105.462938
-0.674054,4,105.488466
-0.580157,4,105.512769
-0.594388,4,105.535699
-0.681747,7,105.576913
-1.523339,13,105.651788
-4.936484,41,105.887233
-1.154157,10,105.945119
-1.115222,11,106.009678
-2.256797,16,106.102207
-1.745373,16,106.194213
-2.058514,13,106.269203
-0.609299,4,106.293009
-0.667909,4,106.316089
-1.400421,11,106.379366
-0.931665,10,106.436936
-2.582084,16,106.530205
-0.891107,5,106.558759
-0.616129,4,106.58171
-1.507898,12,106.650402
-2.143578,15,106.737478
-2.360324,13,106.812382
-0.409356,4,106.835083
-3.119463,18,106.938671
-1.689901,13,107.014645
-0.417119,3,107.031853
-1.881487,13,107.225497
-2.221306,15,107.311955
-3.039119,17,107.430588
-1.405021,10,107.488296
-3.625718,19,107.597243
-0.642115,5,107.625636
-3.652053,19,107.736237
-1.016923,8,107.781654
-2.737617,14,107.862413
-1.580427,21,107.982285
-0.367914,3,107.999928
-3.208267,50,108.287123
-1.452896,11,108.350264
-1.470542,12,108.419156
-0.705155,4,108.443145
-0.788033,7,108.48347
-1.341695,12,108.552798
-2.084908,13,108.627491
-3.311818,18,108.732103
-0.719384,4,108.75498
-0.44033,4,108.777722
-0.731367,4,108.800464
-0.663819,5,108.830406
-2.098049,14,108.910672
-2.737169,16,109.007221
-1.085444,9,109.059458
-0.423229,4,109.082736
-3.253956,17,109.18118
-1.39926,11,109.244371
-2.469909,15,109.330261
-1.622186,13,109.406421
-0.684618,4,109.429696
-0.383193,3,109.446945
-0.726085,5,109.475269
-1.385199,11,109.539249
-1.296577,13,109.614295
-0.306138,3,109.6318
-3.794914,50,109.916865
-5.436019,50,110.204376
-1.299074,11,110.268274
-2.198205,13,110.342758
-0.437029,4,110.365772
-2.137163,13,110.441462
-1.285361,10,110.498829
-2.420498,16,110.59095
-0.916303,10,110.648506
-1.377841,12,110.718598
-0.447933,3,110.73608
-4.196985,50,111.022659
-3.583558,19,111.132073
-1.301927,12,111.202627
-1.436055,10,111.259948
-1.340826,8,111.305532
-3.190095,20,111.419883
-2.409717,13,111.495962
-0.714201,5,111.524289
-0.607967,4,111.547189
-2.52942,15,111.633252
-5.019229,50,111.939628
-1.944071,12,112.008781
-1.256402,10,112.084218
-2.024813,14,112.165077
-0.941412,10,112.223604
-1.248569,11,112.286966
-2.939953,16,112.396199
-2.6477,16,112.487717
-1.506395,12,112.558318
-3.146716,17,112.655657
-1.017747,9,112.707353
-0.854432,5,112.735995
-2.646312,17,112.834615
-2.928231,15,112.92045
-0.857692,9,112.97237
-2.796339,18,113.172671
-1.416434,11,113.236341
-2.328169,13,113.328627
-0.588367,8,113.375218
-1.998359,14,113.455595
-0.608078,5,113.485104
-2.831961,15,113.571468
-0.658286,4,113.594434
-4.430585,22,113.720981
-0.632694,4,113.745185
-1.937496,14,113.825593
-2.602202,17,113.923338
-0.532558,7,113.963444
-0.815449,5,113.992474
-1.330067,11,114.055937
-0.599589,4,114.078881
-2.815126,17,114.177275
-3.270369,50,114.466866
-1.096088,6,114.501173
-1.008714,10,114.55872
-3.326879,16,114.649993
-0.545489,4,114.673445
-3.122383,17,114.770831
-2.596267,16,114.862455
-0.645481,4,114.885239
-0.759557,4,114.908563
-4.077109,20,115.02339
-3.748446,18,115.126611
-2.523792,20,115.240832
-1.303473,10,115.299122
-0.384718,3,115.316428
-2.893982,15,115.40216
-2.265377,15,115.504979
-3.755198,20,115.62515
-1.648643,11,115.701538
-1.135316,8,115.747393
-2.72903,13,115.826795
-2.773665,16,115.919839
-0.640159,4,115.942534
-0.900278,6,115.977244
-1.333976,11,116.040281
-2.068698,14,116.121649
-2.949286,16,116.214044
-0.413999,4,116.236879
-0.340003,3,116.254766
-0.803303,5,116.284412
-0.878758,6,116.318926
-2.795885,16,116.41038
-1.663917,11,116.473221
-2.979414,18,116.57795
-0.540567,4,116.600657
-0.476996,4,116.623842
-1.043645,11,116.686762
-0.982122,6,116.722074
-1.234715,13,116.796769
-0.872737,5,116.825291
-0.834421,7,116.865635
-3.993551,20,116.98148
-0.757213,5,117.009933
-3.925251,21,117.129901
-3.161389,18,117.233254
-2.863654,16,117.325943
-0.741853,5,117.354682
-0.452789,4,117.377721
-0.923396,5,117.406688
-3.773067,20,117.522969
-0.327187,3,117.540144
-0.382333,4,117.563051
-3.626979,50,117.849464
-1.200599,10,117.907787
-0.785078,5,117.93658
-2.546376,16,118.02815
-3.010081,16,118.11975
-1.467948,14,118.221764
-3.143232,18,118.325473
-2.06896,13,118.400395
-0.819292,10,118.457804
-2.864186,17,118.556363
-2.953364,17,118.672874
-3.474185,19,118.801144
-2.510009,14,118.880604
-2.078818,21,119.017894
-1.911802,14,119.284496
-3.154229,17,119.381578
-0.370832,3,119.398655
-2.71434,16,119.514306
-0.986112,5,119.543353
-1.33196,12,119.611979
-1.20131,12,119.680643
-3.598963,19,119.791157
-1.121332,9,119.842556
-0.220171,2,119.854576
-3.151602,18,119.957147
-1.529429,10,120.017207
-1.017487,9,120.068866
-0.212942,2,120.080885
-0.182346,2,120.092378
-2.697213,15,120.18054
-1.47025,13,120.255085
-0.195412,2,120.266655
-1.423586,10,120.323544
-2.330559,14,120.433251
-0.543797,4,120.456321
-0.861261,5,120.484689
-2.240649,12,120.573528
-0.639759,4,120.598383
-1.005972,10,120.657007
-1.406791,10,120.714514
-1.522286,11,120.777311
-3.155438,18,120.881638
-2.932727,16,120.973206
-3.468371,50,121.258238
-2.868873,15,121.343955
-1.388743,11,121.408616
-0.335764,3,121.425867
-3.462556,18,121.528813
-2.269683,13,121.603858
-3.583233,50,121.88948
-0.816356,5,121.917871
-1.32547,10,121.974989
-1.195995,10,122.032421
-3.104011,18,122.153234
-2.571175,13,122.227641
-0.541467,6,122.261661
-0.452952,3,122.279242
-2.309591,12,122.349263
-2.098242,14,122.429925
-1.587464,12,122.498583
-1.127365,7,122.538384
-1.103712,11,122.602609
-3.802037,20,122.716866
-0.385476,3,122.733922
-2.53598,15,122.819537
-1.889226,12,122.888939
-0.683878,4,122.91168
-3.298023,22,123.038173
-2.884041,19,123.147043
-1.237885,9,123.199136
-2.388484,13,123.273861
-1.978708,14,123.353779
-1.746533,22,123.479112
-3.750198,21,123.600971
-3.101102,18,123.704688
-0.384973,3,123.721792
-2.055134,12,123.790698
-1.377548,12,123.860627
-0.849706,5,123.889173
-3.588308,19,123.999081
-3.172695,18,124.102323
-1.802327,14,124.18411
-0.837124,8,124.229754
-1.689525,11,124.292962
-1.74469,13,124.367927
-3.242267,18,124.472653
-1.362977,12,124.541309
-1.080843,11,124.60462
-3.339751,17,124.703462
-2.700185,16,124.798333
-0.213737,2,124.810004
-0.242102,2,124.822062
-0.982196,6,124.856311
-1.272579,8,124.9037
-3.199292,18,125.007015
-3.264131,17,125.317671
-3.085499,17,125.415186
-0.944613,8,125.462111
-2.408301,13,125.536251
-1.694263,19,125.644687
-3.169345,16,125.735717
-2.619514,17,125.834831
-1.093751,10,125.892081
-0.888892,5,125.920701
-0.662114,5,125.949386
-0.648977,4,125.973285
-1.929634,12,126.043459
-0.916593,9,126.095354
-0.615466,4,126.118613
-0.784883,10,126.178289
-0.6127,4,126.20118
-1.900997,15,126.286449
-2.618819,16,126.378228
-2.864859,16,126.471565
-1.690164,11,126.534733
-0.34479,3,126.551884
-0.678121,5,126.580634
-2.893061,16,126.674635
-1.380714,8,126.720348
-1.04686,6,126.754236
-5.459518,50,127.081865
-3.318464,17,127.180576
-2.8311,15,127.266785
-0.411753,3,127.283895
-0.769454,5,127.312222
-1.148854,11,127.375719
-1.209815,12,127.444351
-1.394458,12,127.512579
-0.909227,5,127.541422
-0.160817,2,127.553062
-1.603879,13,127.628205
-0.361315,3,127.645307
-3.210719,18,127.747566
-0.963879,6,127.782491
-1.417049,11,127.845628
-0.397828,3,127.862664
-3.211631,16,127.954082
-1.190484,11,128.018646
-0.817865,4,128.041563
-0.516081,4,128.064277
-0.279717,3,128.081624
-0.859747,10,128.140013
-1.933244,12,128.208431
-2.180993,15,128.294034
-2.846994,16,128.385477
-0.433938,5,128.415076
-5.695457,50,128.719455
-0.422554,3,128.73655
-3.433544,50,129.02199
-0.755312,4,129.04631
-2.718853,15,129.131913
-2.196515,13,129.206526
-3.310658,16,129.297785
-0.882267,5,129.327363
-1.068609,7,129.367472
-3.528953,38,129.583852
-2.217821,15,129.670021
-0.933966,7,129.711314
-2.961224,40,129.960452
-5.862922,50,130.244016
-1.054321,6,130.278226
-2.538583,17,130.377215
-5.489188,45,130.632068
-0.525331,4,130.654715
-0.851875,8,130.700235
-0.69899,4,130.723722
-0.190712,2,130.735528
-0.564125,4,130.758739
-2.470249,16,130.849961
-0.399073,4,130.873622
-0.927455,5,130.902331
-0.580429,4,130.925533
-0.608075,4,130.948283
-1.681017,20,131.063437
-4.043449,26,131.385983
-1.730264,14,131.465956
-0.745283,8,131.512129
-2.106348,14,131.591452
-3.119568,15,131.676929
-2.554922,16,131.768187
-1.952487,14,131.847877
-1.766843,12,131.91801
-0.451206,4,131.940835
-0.392877,4,131.963483
-0.595889,4,131.986422
-3.582257,18,132.09037
-3.620084,21,132.210016
-1.395638,13,132.30156
-0.873395,5,132.330166
-1.415696,10,132.400061
-2.171407,13,132.499
-2.519334,20,132.651268
-0.786564,4,132.674382
-2.513766,17,132.793147
-2.123882,15,132.879183
-0.741746,4,132.902644
-0.46334,3,132.919803
-3.577996,50,133.204608
-1.714647,13,133.278968
-1.450687,12,133.348213
-2.016698,14,133.428394
-2.625642,16,133.52098
-2.216993,13,133.6166
-3.344461,37,133.846039
-2.686444,23,133.99809
-0.935724,5,134.027647
-1.972582,14,134.107875
-2.350949,14,134.187951
-2.614917,16,134.279659
-1.842189,12,134.35016
-0.600989,4,134.372866
-0.758859,5,134.401542
-3.410246,19,134.511011
-0.341118,4,134.534442
-2.972227,17,134.632436
-0.872593,10,134.690123
-2.916138,15,134.776102
-2.200533,14,134.857584
-2.464154,14,134.937923
-1.012315,6,134.972729
-2.172787,12,135.041816
-0.992615,6,135.077704
-3.810496,50,135.36407
-1.099277,6,135.398245
-2.089269,23,135.5294
-0.663004,4,135.552476
-3.42427,18,135.672425
-1.617004,17,135.770101
-2.89414,17,135.867419
-1.055239,6,135.902045
-1.825277,11,135.964974
-2.123826,15,136.051482
-3.19376,17,136.148849
-0.626049,4,136.172136
-3.701355,27,136.326867
-4.086216,50,136.612344
-4.297984,23,136.737384
-0.962529,7,136.77896
-1.929536,14,136.858989
-0.367216,3,136.876057
-4.265175,50,137.162361
-1.119469,11,137.439296
-2.078125,17,137.537771
-0.706736,5,137.566115
-3.104919,16,137.657625
-2.366755,12,137.728351
-4.846639,50,138.011499
-0.817644,5,138.039968
-3.747724,24,138.177972
-0.727847,4,138.201121
-0.385815,3,138.219088
-2.940392,17,138.33728
-1.431346,12,138.406179
-1.68873,11,138.471503
-0.641781,4,138.49444
-1.533413,12,138.563669
-4.63461,42,138.803261
-3.498641,20,138.918845
-3.714808,22,139.044867
-4.72015,32,139.227845
-2.361392,16,139.320544
-0.987357,8,139.367884
-3.372148,18,139.470679
-2.922511,16,139.561912
-1.657592,11,139.624979
-1.012186,9,139.678347
-3.749812,26,139.827189
-1.026142,6,139.861332
-1.616416,14,139.942538
-2.599987,16,140.034573
-1.459155,12,140.103108
-0.561916,4,140.125833
-0.389108,3,140.142828
-2.061546,14,140.224568
-1.092495,10,140.281897
-0.52464,4,140.304595
-2.291295,15,140.41002
-0.725406,4,140.433848
-0.719391,5,140.463391
-3.200741,17,140.56122
-5.27518,50,140.844692
-1.184205,12,140.914775
-1.42744,11,140.977809
-1.040447,11,141.040879
-1.090311,9,141.091906
-1.083212,13,141.168349
-2.123095,12,141.237011
-0.699569,4,141.259681
-2.531354,16,141.351609
-1.335666,9,141.404154
-1.095089,7,141.444681
-2.622709,16,141.536297
-1.068826,6,141.570478
-1.586363,13,141.64793
-0.549114,4,141.670712
-4.120919,38,141.886375
-1.115536,8,141.927716
-0.967835,5,141.954105
-0.843503,5,141.983401
-2.007423,13,142.058232
-1.440667,10,142.115964
-1.788796,13,142.191786
-0.73758,5,142.220368
-4.732982,22,142.346584
-3.132097,15,142.432353
-2.37786,13,142.508344
-2.426772,16,142.600844
-1.285221,17,142.698048
-2.54201,24,142.854596
-0.71439,5,142.884544
-0.460303,4,142.90784
-0.425687,3,142.924895
-2.781287,17,143.02248
-2.09361,15,143.110203
-0.509936,4,143.13309
-3.723798,19,143.416594
-1.874061,13,143.49082
-0.678358,4,143.514402
-0.438096,4,143.538342
-3.526893,19,143.647019
-1.053768,5,143.675551
-2.219832,13,143.751427
-1.192276,9,143.804113
-0.272152,3,143.821408
-5.204941,33,144.008945
-4.186532,20,144.124376
-0.214485,2,144.135776
-1.13557,9,144.187262
-3.139932,15,144.273348
-2.931586,17,144.372036
-2.954407,17,144.469664
-1.706201,12,144.538373
-2.444895,15,144.624074
-0.808103,5,144.653386
-5.332126,50,144.936675
-3.805014,50,145.222281
-0.884586,5,145.251435
-3.155582,17,145.349392
-0.910809,5,145.378007
-1.541624,11,145.441028
-1.991348,13,145.536675
-1.247438,11,145.610895
-3.793987,50,145.920347
-3.187482,16,145.998121
-0.483964,3,146.012724
-1.534602,11,146.093993
-1.002957,10,146.150979
-0.377125,3,146.168166
-2.892031,15,146.253842
-2.484451,16,146.347734
-0.685976,4,146.370743
-3.378278,19,146.479504
-1.854266,12,146.548365
-3.90262,20,146.66644
-2.6706,17,146.765519
-2.545395,16,146.858835
-0.332406,3,146.876213
-1.616545,10,146.937321
-0.675928,9,146.988188
-2.579673,14,147.068414
-1.006623,5,147.096793
-0.993167,5,147.127458
-0.718936,8,147.173541
-3.132585,15,147.259208
-1.39642,11,147.322219
-0.51505,4,147.346322
-2.029208,15,147.435489
-0.45541,3,147.452724
-3.148616,28,147.611959
-0.408092,3,147.629558
-3.17629,15,147.717365
-1.972089,14,147.797424
-1.328839,12,147.865772
-1.212566,9,147.91953
-0.203076,2,147.93122
-0.637814,7,147.971345
-1.66952,11,148.035313
-3.242219,17,148.13643
-2.556588,17,148.233979
-2.979279,17,148.330788
-1.113941,11,148.39351
-0.573614,4,148.417167
-2.100023,14,148.498767
-2.457452,16,148.590429
-2.92909,15,148.701015
-1.471271,11,148.765446
-0.900632,6,148.799768
-1.130209,11,148.862907
-2.946928,17,148.96032
-0.576574,4,148.98383
-3.04922,15,149.083647
-1.195901,12,149.160039
-2.942354,17,149.406459
-0.330724,3,149.425993
-0.559524,4,149.44912
-0.83474,5,149.477864
-0.906511,8,149.524385
-1.427215,11,149.589405
-0.326075,3,149.606663
-2.238085,16,149.698559
-1.017522,5,149.727074
-2.995536,15,149.815058
-0.744343,5,149.843415
-2.744395,17,149.940916
-0.589921,4,149.963648
-0.416189,4,149.987385
-3.205242,18,150.091638
-1.830493,20,150.206095
-1.227342,11,150.269279
-1.257266,10,150.329431
-1.236899,9,150.381433
-1.867115,13,150.457345
-2.656112,15,150.542716
-2.02493,13,150.619169
-0.847691,5,150.647545
-1.258853,10,150.704958
-0.729183,5,150.733726
-0.659396,4,150.75709
-5.27073,46,151.021088
-1.345087,13,151.095621
-0.726351,4,151.118367
-1.332688,11,151.183617
-2.821595,16,151.275487
-4.042869,32,151.459261
-0.280477,3,151.476529
-0.643833,4,151.500401
-0.916288,10,151.558762
-2.478783,14,151.640117
-3.684102,19,151.749048
-2.412174,16,151.842773
-0.46229,3,151.85985
-0.688036,4,151.882525
-4.126914,20,151.997199
-5.714466,50,152.28518
-3.277602,17,152.382881
-1.111237,12,152.452579
-1.445441,10,152.5102
-0.80693,8,152.557208
-0.548893,4,152.580127
-1.398698,11,152.64329
-2.076391,13,152.717868
-3.254004,17,152.817034
-1.593972,12,152.886328
-5.481535,41,153.119838
-2.330737,15,153.207295
-3.199456,19,153.317816
-0.707555,4,153.340768
-0.76558,8,153.386339
-0.55822,4,153.409353
-6.041267,50,153.695011
-1.501911,11,153.758416
-0.368999,3,153.775569
-3.728891,19,153.88469
-1.371553,9,153.957845
-0.611898,4,153.981113
-1.83641,14,154.061635
-1.272102,12,154.130696
-2.488151,13,154.207738
-0.174284,2,154.219388
-3.225798,17,154.316749
-3.1373,18,154.419336
-2.851329,16,154.512949
-2.6714,16,154.604623
-2.152123,12,154.673063
-1.96849,12,154.741398
-3.589771,50,155.029506
-2.980369,16,155.121209
-5.399673,50,155.534923
-0.996402,5,155.563658
-3.879034,19,155.675106
-2.155337,13,155.749838
-1.203118,9,155.801359
-3.230633,18,155.904657
-2.774881,17,156.004027
-3.095515,33,156.19347
-6.361286,50,156.497978
-0.276038,3,156.515313
-2.302795,15,156.60322
-1.411284,15,156.689172
-0.401651,3,156.706546
-2.067391,18,156.809692
-0.528526,4,156.83358
-0.481352,4,156.857126
-1.043089,8,156.902655
-0.403589,3,156.919858
-0.883962,5,156.951079
-2.219735,14,157.032032
-0.596884,4,157.054933
-0.423488,3,157.072337
-2.298172,16,157.182072
-0.573095,4,157.209542
-1.16292,10,157.267668
-0.395864,4,157.290564
-0.335366,3,157.30888
-5.979991,50,157.598758
-2.197892,31,157.776514
-2.044439,11,157.839476
-1.334339,11,157.90406
-0.246115,3,157.92118
-0.478914,3,157.939052
-1.625701,11,158.002111
-1.080506,12,158.072821
-1.125795,12,158.14174
-0.535077,4,158.164531
-2.245421,16,158.256269
-1.497066,12,158.32614
-1.458924,11,158.389726
-1.344172,12,158.458504
-1.185984,11,158.521315
-0.85427,5,158.550731
-5.321155,50,158.834632
-4.748342,47,159.115074
-3.30371,18,159.21817
-5.931167,50,159.502787
-2.126738,14,159.582859
-1.906015,14,159.662976
-4.119708,21,159.783821
-0.673199,8,159.830489
-0.657628,4,159.853398
-1.168496,9,159.904856
-1.09781,7,159.945244
-1.778821,14,160.027081
-2.445119,15,160.112917
-2.234419,13,160.18773
-2.951167,19,160.296575
-2.176166,15,160.384363
-0.476426,4,160.407151
-2.127628,15,160.493191
-2.067955,13,160.567775
-3.489083,27,160.722231
-0.288468,4,160.745164
-1.915704,13,160.819227
-1.022593,11,160.882167
-2.278502,15,160.990467
-0.443343,3,161.007977
-1.25111,9,161.05913
-0.588924,4,161.082654
-0.767761,8,161.129925
-3.382391,18,161.426389
-0.645893,4,161.449414
-0.940492,5,161.478086
-3.528701,22,161.605287
-1.339268,12,161.674116
-2.081557,14,161.753787
-2.271775,15,161.839798
-0.882973,10,161.89817
-1.831759,26,162.047477
-0.969077,6,162.081753
-2.364369,15,162.168041
-0.808731,5,162.197277
-0.911017,5,162.226299
-1.891554,14,162.306255
-1.66272,13,162.380657
-0.758113,5,162.41038
-3.473738,19,162.519162
-4.594396,36,162.724337
-2.435053,16,162.830603
-2.056506,12,162.905086
-0.457761,4,162.928012
-2.049781,14,163.008049
-1.603936,14,163.088039
-3.140632,18,163.191884
-3.170354,17,163.288925
-3.249807,18,163.392442
-3.656319,20,163.506608
-0.592702,4,163.530251
-0.638799,4,163.55404
-0.532049,4,163.57683
-0.908572,11,163.640054
-3.328232,18,163.744821
-2.89258,17,163.842725
-3.077135,16,163.934154
-4.492363,36,164.140303
-2.341083,17,164.238956
-4.426656,50,164.523332
-1.662755,13,164.598086
-2.899886,17,164.69567
-0.911562,5,164.72496
-2.437515,16,164.817323
-1.046226,6,164.851427
-2.908439,17,164.948093
-2.430569,16,165.040284
-3.011228,14,165.120414
-1.965495,12,165.18899
-2.724638,15,165.27472
-2.110653,15,165.362708
-0.657354,9,165.413943
-1.996961,13,165.488739
-2.281161,13,165.563355
-0.288991,3,165.581036
-0.692393,4,165.604856
-2.985752,18,165.707867
-0.408055,3,165.725138
-2.334119,16,165.817806
-3.009874,20,165.932122
-2.957575,17,166.029614
-2.946358,19,166.138229
-2.101743,25,166.281839
-1.728435,12,166.350569
-0.421167,3,166.368007
-3.996226,50,166.653327
-1.868728,15,166.740404
-1.296698,13,166.814957
-0.952069,5,166.843513
-0.795162,8,166.888811
-0.237277,3,166.90731
-3.481216,18,167.011515
-0.306095,3,167.028806
-1.774074,13,167.309987
-1.125219,11,167.375213
-3.229693,18,167.498202
-0.603918,4,167.521482
-1.494221,11,167.584615
-1.413563,11,167.649522
-0.973125,7,167.689417
-1.523313,14,167.769773
-2.095537,14,167.850408
-2.926559,16,167.943014
-2.682881,27,168.103983
-3.824262,50,168.389697
-5.493276,50,168.720052
-0.300735,3,168.745381
-1.03592,7,168.814544
-1.275798,10,168.878116
-0.809895,4,168.901366
-1.443591,9,168.954339
-4.231131,50,169.239427
-0.628492,4,169.262228
-0.945793,10,169.319274
-3.297221,17,169.418199
-3.254642,25,169.561394
-0.173591,2,169.572947
-2.411862,18,169.675924
-1.003991,6,169.711446
-2.023825,12,169.780515
-1.07385,9,169.831953
-0.410065,4,169.855107
-1.322039,10,169.914068
-0.896056,10,169.971637
-2.672775,13,170.046053
-0.73742,4,170.068808
-0.594159,4,170.092536
-1.236014,11,170.156887
-2.228092,13,170.231212
-0.341482,3,170.248363
-2.865785,16,170.340667
-3.23949,19,170.449074
-2.306212,15,170.534831
-1.785762,14,170.615113
-2.891117,17,170.71406
-2.558105,15,170.801206
-2.280803,17,170.899196
-2.69381,20,171.013445
-4.437322,21,171.135056
-0.445137,3,171.152373
-2.466977,15,171.237782
-3.348102,19,171.367562
-1.610883,13,171.443457
-1.727681,13,171.517717
-0.419296,3,171.534856
-1.61655,12,171.603345
-2.53478,14,171.684502
-2.869002,16,171.775709
-1.183053,10,171.833153
-5.330263,50,172.11685
-1.905363,13,172.191994
-3.640601,33,172.380969
-0.746592,4,172.403681
-1.03929,10,172.461025
-2.68819,15,172.548542
-2.759126,16,172.639694
-2.153378,13,172.713953
-0.508532,4,172.736944
-0.710851,8,172.783651
-0.909139,5,172.812344
-3.162914,17,172.909702
-5.712024,50,173.357124
-1.953652,15,173.444231
-2.516517,16,173.535476
-0.784404,4,173.558249
-4.487472,50,173.860911
-0.727051,5,173.890782
-2.610696,18,173.994226
-2.924775,15,174.080101
-2.926198,21,174.19922
-1.900734,11,174.264702
-1.367953,9,174.315514
-5.976455,50,174.59998
-1.002849,10,174.657366
-6.327103,50,174.944085
-0.612348,4,174.966738
-0.677507,4,174.989441
-2.369474,15,175.075428
-2.736692,16,175.168471
-0.621269,4,175.19145
-1.910823,14,175.272612
-2.647442,21,175.392002
-0.363849,3,175.409896
-2.16559,12,175.480117
-0.289575,3,175.497201
-4.551183,50,175.795897
-0.230649,3,175.818455
-1.646943,21,175.942513
-3.318019,17,176.040638
-0.818895,5,176.068974
-1.813358,11,176.1336
-3.709629,21,176.253558
-2.45816,17,176.350621
-3.880081,50,176.637295
-1.86519,12,176.723348
-2.716384,15,176.809309
-0.611096,7,176.849605
-1.841372,14,176.9295
-0.357481,3,176.947095
-1.878033,11,177.01084
-1.428641,12,177.08036
-1.07604,9,177.131683
-3.339673,42,177.37253
-1.025569,10,177.430511
-1.061084,13,177.504796
-1.3766,9,177.555863
-0.878009,5,177.585951
-1.300721,11,177.649041
-2.451045,14,177.730412
-4.06165,20,177.844098
-1.103291,10,177.902899
-0.97568,8,177.948512
-3.305763,19,178.056888
-3.541377,25,178.199711
-2.906774,15,178.2874
-3.516871,20,178.401856
-0.425896,4,178.425182
-0.337872,3,178.442497
-0.808219,9,178.495019
-0.518185,4,178.518353
-0.420461,3,178.535549
-0.97156,6,178.569814
-0.744372,6,178.605157
-2.919799,15,178.69123
-3.418879,19,178.799224
-2.807397,14,178.879851
-1.499823,10,178.938674
-2.354522,15,179.024728
-0.61797,4,179.047621
-2.148197,13,179.121597
-1.556972,13,179.350294
-1.531456,11,179.413674
-3.299277,18,179.517294
-5.289969,30,179.688465
-3.335903,24,179.827135
-0.892211,5,179.855762
-0.295871,3,179.872955
-1.893645,12,179.941144
-0.993092,9,179.994393
-1.28259,11,180.057198
-1.546758,12,180.126631
-3.26578,18,180.229469
-0.572455,7,180.270926
-1.478683,10,180.327898
-4.317957,32,180.503185
-0.27641,3,180.520381
-2.394768,14,180.6028
-0.941859,9,180.65453
-3.656882,20,180.769901
-3.644017,20,180.88418
-2.273856,12,180.955091
-0.729217,4,180.977968
-1.376204,11,181.041114
-3.596342,19,181.14956
-1.227829,11,181.215159
-4.783547,50,181.507275
-0.691926,4,181.530194
-3.685432,20,181.644187
-0.750118,4,181.667365
-1.730738,14,181.748345
-3.27338,17,181.861011
-1.280049,12,181.930093
-0.961388,9,181.982823
-1.601302,13,182.057131
-0.406473,3,182.074185
-0.875499,5,182.102795
-2.187493,15,182.19159
-3.103619,31,182.368096
-2.168339,14,182.448785
-0.945312,11,182.512331
-4.553196,23,182.644812
-0.777684,5,182.673436
-0.36902,3,182.690502
-2.457513,15,182.796909
-1.989685,12,182.866596
-0.307727,3,182.883678
-2.593359,15,182.969363
-0.828878,6,183.003401
-0.448361,4,183.026723
-1.907772,14,183.108445
-0.726309,9,183.160392
-1.156094,11,183.223124
-0.508933,4,183.246849
-3.312606,18,183.350573
-1.11763,10,183.407861
-2.299967,15,183.49359
-3.272925,17,183.592042
-3.250191,16,183.683293
-0.769747,5,183.712156
-2.090373,14,183.791957
-1.726912,12,183.862235
-2.429705,14,183.941707
-2.809156,15,184.026994
-2.753297,15,184.112301
-0.407854,3,184.129753
-0.819568,5,184.159061
-5.428088,50,184.44316
-2.042848,14,184.523562
-0.825246,4,184.547031
-2.860957,15,184.634074
-3.705093,19,184.748831
-1.782125,12,184.832984
-0.610722,5,184.862965
-3.514073,50,185.260554
-3.011011,16,185.352231
-0.960845,5,185.381041
-2.330672,14,185.462485
-5.690092,50,185.746474
-0.89943,9,185.797452
-1.301498,12,185.865941
-3.508813,18,185.970136
-1.95094,12,186.038115
-1.334639,10,186.094885
-2.131203,18,186.196961
-2.28023,13,186.272529
-5.611366,50,186.558174
-4.160716,22,186.700599
-5.419905,50,187.003773
-3.087492,17,187.102674
-3.409702,18,187.204674
-3.73531,21,187.325409
-1.917096,14,187.40587
-0.604904,4,187.429531
-1.734342,11,187.520218
-0.6083,4,187.552288
-2.688395,16,187.645563
-1.344283,11,187.711882
-0.584767,7,187.751607
-1.587787,10,187.808516
-2.966468,18,187.911659
-2.661509,15,187.998748
-0.368109,3,188.015846
-1.964178,13,188.090424
-3.264815,19,188.198956
-1.144346,10,188.257199
-1.864385,13,188.338958
-2.766796,16,188.437351
-0.385199,3,188.453855
-5.276743,42,188.69464
-2.828242,17,188.791982
-2.419744,13,188.866224
-5.608136,50,189.198743
-1.306801,12,189.275809
-2.972086,17,189.38802
-0.282347,3,189.405137
-1.343847,12,189.473841
-0.668639,7,189.514986
-1.687216,14,189.595985
-2.400183,13,189.670345
-3.65549,23,189.802309
-0.452597,3,189.820722
-0.437205,3,189.838928
-2.130268,15,189.925312
-1.370854,11,189.988389
-0.804246,5,190.018916
-0.744322,4,190.042318
-2.297883,14,190.123338
-2.63839,18,190.226137
-2.245725,15,190.314003
-1.253788,11,190.37838
-0.773787,5,190.410736
-1.595029,13,190.484865
-1.263335,11,190.549608
-1.745115,11,190.612278
-0.721686,7,190.652692
-1.384677,11,190.71574
-1.558694,12,190.786807
-3.922246,21,190.906667
-4.923092,39,191.323408
-1.612108,11,191.387954
-1.730369,13,191.48781
-1.083375,11,191.554889
-0.753333,7,191.594703
-0.716543,4,191.617524
-2.745302,16,191.709813
-2.322418,16,191.801007
-1.560486,13,191.874897
-1.661014,10,191.932557
-3.341055,18,192.037137
-1.302082,12,192.105256
-2.915795,16,192.196492
-4.318439,30,192.381503
-3.490804,19,192.491588
-3.848501,20,192.64253
-3.737503,20,192.785759
-0.664668,4,192.808824
-3.478579,18,192.913282
-0.856895,9,192.964451
-2.234922,15,193.050666
-2.884601,15,193.137124
-1.373278,12,193.207274
-1.813281,12,193.276058
-1.845549,12,193.34489
-0.812522,8,193.390331
-0.274067,3,193.408453
-0.630816,4,193.431769
-0.716231,4,193.454858
-2.38709,21,193.575406
-3.219601,17,193.674491
-0.919275,5,193.71899
-4.127906,50,194.009666
-2.770285,16,194.101498
-3.051908,16,194.194391
-1.121508,7,194.234386
-1.903314,21,194.35621
-0.981272,10,194.41398
-1.680884,11,194.479571
-1.371569,9,194.531323
-3.117064,16,194.623144
-2.66804,14,194.703214
-1.300019,12,194.769807
-0.887005,7,194.809609
-0.254117,3,194.826671
-1.518798,10,194.883759
-1.177459,11,194.948666
-0.390362,3,194.965853
-5.633108,30,195.13699
-1.629426,10,195.193753
-1.635915,12,195.264881
-0.552991,4,195.287614
-0.247546,3,195.304719
-3.004738,17,195.401386
-4.06843,19,195.512611
-2.214706,12,195.58185
-3.716447,19,195.690372
-2.124742,15,195.775669
-1.075979,10,195.835514
-0.409085,3,195.852818
-2.373126,15,195.938127
-5.944732,50,196.226285
-2.771437,15,196.31366
-0.746556,8,196.359293
-2.293484,15,196.46108
-3.546899,18,196.582653
-1.887718,11,196.648599
-2.089546,12,196.71841
-1.925128,15,196.804747
-1.750793,14,196.885971
-2.884126,15,196.98945
-2.645301,16,197.081031
-2.704766,16,197.172435
-1.144671,9,197.223273
-2.061327,14,197.441905
-3.761799,20,197.556237
-3.171178,18,197.659424
-0.30225,3,197.676495
-0.845386,5,197.705925
-0.957088,10,197.778681
-3.201076,50,198.085671
-0.564594,4,198.108719
-0.687555,6,198.144224
-3.079136,17,198.24158
-2.159834,12,198.31053
-0.756603,5,198.338714
-2.332128,12,198.408633
-0.819333,5,198.436955
-5.426516,50,198.720535
-2.111478,15,198.806278
-1.580474,10,198.883007
-1.581822,10,198.941911
-0.407034,3,198.959049
-2.155564,21,199.079436
-1.011772,6,199.114238
-3.297054,18,199.217335
-1.064668,9,199.268044
-0.465864,4,199.29138
-1.007156,5,199.320023
-2.980399,17,199.417255
-1.065705,9,199.468688
-4.357447,28,199.62899
-2.367299,14,199.70974
-2.7451,14,199.789662
-2.735687,15,199.89154
-2.937709,17,199.993724
-4.278719,21,200.115002
-0.595261,4,200.137814
-2.888226,17,200.255167
-2.904276,17,200.351648
-0.474915,3,200.369262
-0.988436,8,200.415726
-1.675374,14,200.515611
-3.365315,18,200.618757
-0.879325,5,200.648061
-1.138581,6,200.682837
-4.240653,29,200.865921
-0.976859,7,200.905444
-2.873753,17,201.004499
-3.141833,19,201.113141
-0.999465,10,201.170732
-0.628382,4,201.193437
-0.811432,5,201.22332
-1.030604,6,201.257769
-1.005111,10,201.315349
-0.452276,3,201.332543
-0.648263,4,201.356708
-3.170368,18,201.460391
-1.63946,12,201.529004
-1.546257,15,201.61472
-3.313027,18,201.721708
-2.827893,16,201.813262
-0.605384,4,201.835841
-0.717871,5,201.864314
-0.322226,3,201.881732
-3.252545,18,201.986542
-0.745575,5,202.015004
-1.468539,12,202.083659
-2.432799,15,202.17038
-1.50623,13,202.245117
-0.825437,5,202.273651
-2.331512,14,202.353644
-0.784619,8,202.4019
-0.681422,4,202.424577
-3.071012,17,202.521458
-2.821473,15,202.606223
-2.150996,15,202.693455
-1.731071,13,202.767243
-3.553138,18,202.869932
-1.042689,6,202.903892
-2.441589,15,202.990676
-1.227428,11,203.053511
-1.41337,12,203.122031
-0.920385,11,203.184844
-2.90162,17,203.377346
-3.298031,18,203.481232
-0.705986,6,203.515957
-0.965099,10,203.574224
-1.516576,13,203.65037
-2.174431,12,203.719113
-4.379554,23,203.849619
-2.176738,15,203.955765
-1.398596,9,204.009076
-0.889058,5,204.038283
-0.789343,10,204.095509
-2.108711,14,204.17578
-1.595013,11,204.239973
-0.765595,6,204.274258
-3.071393,17,204.371258
-0.50818,3,204.388386
-2.917727,17,204.487427
-1.18775,9,204.538699
-2.034259,14,204.618804
-1.299706,10,204.676
-1.560202,10,204.735192
-0.872964,6,204.769634
-0.994271,9,204.820698
-0.722756,4,204.84368
-3.886735,19,204.958847
-2.949144,16,205.0496
-0.838263,6,205.09316
-3.0705,18,205.203907
-2.699328,17,205.303107
-1.375463,11,205.367426
-3.775842,20,205.506543
-2.184804,14,205.589761
-3.919667,50,205.876047
-1.704333,11,205.954854
-0.80284,8,206.004786
-1.655249,10,206.062182
-2.684705,18,206.167704
-1.656317,13,206.242529
-0.937287,10,206.301057
-4.174063,29,206.466359
-1.348732,12,206.537817
-1.027904,11,206.601115
-3.168303,18,206.704782
-0.970886,6,206.738805
-0.494484,4,206.762525
-1.209615,14,206.843705
-3.497707,18,206.94668
-2.266183,14,207.027205
-1.376575,11,207.09206
-3.140659,17,207.190077
-0.575328,5,207.218418
-0.973639,9,207.269642
-0.776959,6,207.305978
-3.033123,17,207.403026
-1.463211,11,207.465925
-0.642703,4,207.488796
-0.530935,4,207.512446
-2.255478,13,207.588055
-2.485234,15,207.673905
-2.665929,16,207.765959
-0.376157,3,207.783401
-2.114393,13,207.859158
-2.898565,16,207.950215
-0.475758,3,207.967393
-2.15596,12,208.038469
-1.784745,11,208.101632
-0.791858,7,208.141514
-0.518769,4,208.164515
-3.605217,19,208.274861
-1.153329,11,208.337839
-0.797363,6,208.372182
-1.815445,21,208.494119
-2.551878,16,208.58768
-1.136473,11,208.650854
-2.763051,15,208.736728
-2.22004,13,208.811496
-2.065465,14,208.893825
-3.712148,19,209.00299
-2.506016,15,209.088421
-1.776595,13,209.162556
-0.769311,5,209.191971
-0.702481,4,209.335318
-1.393607,10,209.394266
-3.124235,16,209.485514
-3.25479,17,209.584146
-1.135648,11,209.647546
-0.873121,11,209.711087
-2.755997,17,209.807808
-0.658514,4,209.831327
-1.328477,11,209.895553
-3.073904,50,210.1817
-1.022173,10,210.239836
-5.90612,49,210.540502
-0.631977,7,210.580528
-0.248416,3,210.597801
-2.531593,14,210.678478
-0.700371,6,210.713795
-2.498229,15,210.800241
-1.590332,13,210.874857
-0.68583,4,210.897766
-2.944547,16,210.991335
-3.772445,19,211.100359
-1.196883,11,211.163592
-0.948606,10,211.221541
-1.630721,10,211.280468
-1.018088,6,211.31479
-1.758172,14,211.395628
-0.787776,6,211.429841
-2.187719,15,211.516627
-1.93843,12,211.585829
-1.739572,14,211.666137
-0.702778,6,211.700406
-1.800116,12,211.770433
-2.737948,13,211.84568
-3.611805,19,211.953923
-1.18336,7,211.99411
-3.899988,20,212.110174
-1.954685,13,212.184892
-1.874027,13,212.259316
-0.672213,4,212.282213
-1.036355,10,212.340702
-1.611143,13,212.415616
-0.945612,5,212.443843
-0.739036,4,212.466665
-2.816412,15,212.554126
-1.822993,14,212.634813
-1.300332,9,212.686188
-1.22105,8,212.731917
-0.455191,3,212.749438
-0.537384,4,212.772722
-0.801873,5,212.801101
-0.439483,3,212.818441
-0.411515,3,212.836133
-0.417881,4,212.859514
-4.30925,29,213.024939
-0.574628,4,213.04764
-0.396862,3,213.06525
-0.565019,4,213.088531
-0.29638,3,213.105829
-0.797116,5,213.134577
-1.14155,10,213.194584
-2.401921,16,213.286648
-0.984296,7,213.326598
-1.135864,10,213.384392
-1.85816,11,213.449157
-2.960081,17,213.546728
-0.348078,3,213.564023
-2.968764,17,213.661547
-0.484356,3,213.679133
-2.727762,15,213.765905
-2.832174,18,213.869983
-0.485424,3,213.88715
-0.725549,4,213.910781
-0.320166,3,213.929238
-1.214514,11,213.993007
-2.715229,25,214.136416
-4.220327,50,214.426418
-0.997424,5,214.454893
-2.24603,15,214.541458
-1.479757,11,214.604445
-1.721464,11,214.669252
-1.446962,9,214.720719
-2.980528,16,214.812177
-0.753839,5,214.840923
-1.192324,10,214.900424
-3.270472,17,214.998054
-0.489409,3,215.015302
-0.617304,4,215.038302
-0.299915,3,215.055887
-4.219613,21,215.285271
-1.152937,12,215.354556
-1.804921,12,215.423745
-1.240694,10,215.483071
-3.413356,50,215.769501
-0.845085,6,215.80367
-0.568175,5,215.832291
-0.624271,4,215.855645
-0.714082,4,215.879927
-0.975832,5,215.908705
-1.811628,11,215.97165
-0.753355,6,216.007126
-0.657935,6,216.04172
-3.157684,16,216.133221
-0.966844,6,216.167297
-0.529653,5,216.213022
-1.887991,14,216.298805
-1.746437,14,216.379387
-0.83305,10,216.436719
-0.64723,4,216.460413
-0.883477,5,216.489928
-1.534465,10,216.547226
-5.685749,50,216.835474
-0.665853,4,216.858818
-1.200354,11,216.922631
-0.36961,3,216.939708
-1.03959,11,217.004012
-2.280433,12,217.074765
-2.233247,17,217.172156
-1.884096,13,217.24683
-5.551559,50,217.532146
-1.810741,13,217.608227
-0.568419,4,217.631048
-5.323971,49,217.909276
-1.898207,27,218.064394
-0.340533,3,218.08185
-3.726475,19,218.192242
-2.954343,17,218.290024
-4.911208,29,218.455386
-1.817489,13,218.532125
-0.619114,4,218.554793
-4.354754,22,218.698482
-3.929259,50,218.986986
-3.750977,21,219.107888
-0.43376,3,219.124958
-2.4426,14,219.205093
-5.33007,39,219.427365
-1.132308,10,219.486177
-0.666226,4,219.509178
-1.356295,10,219.566383
-3.715174,19,219.675439
-5.536358,50,220.015346
-1.501923,12,220.085685
-2.958203,17,220.183264
-2.85018,17,220.281984
-1.959478,14,220.364253
-0.732292,5,220.392761
-0.708331,4,220.415661
-2.133318,13,220.4904
-0.342294,3,220.508563
-1.027356,10,220.566654
-2.487342,16,220.658906
-1.076078,11,220.722127
-1.359043,11,220.787267
-2.818941,17,220.885428
-0.65133,4,220.908358
-1.063772,7,220.948426
-2.32239,17,221.047701
-3.93572,20,221.263159
-0.825716,9,221.314559
-3.046719,16,221.40722
-2.813518,17,221.526119
-2.360798,15,221.614465
-2.54176,13,221.688878
-0.554452,4,221.711859
-1.708078,13,221.788156
-2.061111,12,221.857015
-1.291665,10,221.914469
-1.534731,13,221.988946
-3.732505,19,222.0992
-1.265324,10,222.156487
-0.842721,9,222.208243
-0.732514,4,222.231409
-4.064362,21,222.353221
-5.803694,50,222.640094
-1.398269,12,222.719975
-0.308367,3,222.744222
-2.247265,17,222.845937
-0.42955,3,222.863311
-1.677603,12,222.932388
-2.343297,13,223.00686
-1.46972,10,223.066001
-0.701948,8,223.111622
-3.666181,19,223.220541
-1.547815,11,223.283544
-2.933989,17,223.382463
-0.974094,8,223.428116
-2.406593,14,223.508335
-0.947024,10,223.565944
-1.801692,11,223.630992
-2.298521,15,223.716437
-3.467691,19,223.82549
-1.813798,11,223.88861
-1.756284,12,223.9586
-2.880483,15,224.044211
-1.019792,6,224.078679
-1.337816,11,224.142008
-4.174735,19,224.252287
-0.973588,10,224.309939
-1.044144,9,224.361184
-1.177689,9,224.414151
-2.367253,14,224.497146
-3.426748,18,224.600929
-0.605095,4,224.624017
-1.668044,14,224.704533
-0.834848,5,224.735544
-2.687195,19,224.844968
-0.744471,4,224.867895
-2.307375,14,224.948496
-0.319455,3,224.966588
-0.548239,4,224.991658
-0.907034,6,225.026445
-0.688848,8,225.072392
-0.555552,7,225.114221
-1.5881,10,225.171806
-1.039396,10,225.229786
-0.201862,2,225.24132
-1.547103,13,225.319656
-1.033144,9,225.371525
-0.493733,4,225.394718
-1.822305,14,225.475142
-3.225993,18,225.580736
-0.987949,10,225.639295
-1.961203,12,225.708545
-0.781356,4,225.731375
-3.898389,19,225.842005
-0.859897,5,225.870336
-1.039853,8,225.934253
-0.721651,4,225.96059
-0.652186,4,225.985047
-0.331147,3,226.003171
-1.670252,26,226.152718
-2.697973,15,226.240211
-0.332812,3,226.258422
-0.520587,4,226.28216
-2.361315,14,226.362476
-4.751244,43,226.649503
-0.606606,4,226.674112
-3.947056,19,226.783889
-3.920095,50,227.194931
-1.517333,10,227.254601
-0.735189,5,227.286189
-2.543039,13,227.361389
-0.584446,4,227.384371
-4.698264,50,227.688392
-5.727016,50,227.97511
-0.69794,4,227.99799
-2.14585,14,228.08013
-0.406143,3,228.097834
-3.469627,27,228.254664
-1.96821,14,228.335254
-0.922385,5,228.363857
-2.579809,14,228.443895
-0.746093,5,228.474175
-0.254548,3,228.491605
-0.326247,3,228.508887
-0.813102,7,228.548685
-1.851335,13,228.627492
-2.166753,14,228.708014
-0.890634,5,228.736496
-4.840002,32,228.92001
-2.880513,17,229.019994
-0.974713,8,229.065618
-3.428871,19,229.174737
-0.411331,3,229.191925
-2.872462,15,229.279698
-5.564871,50,229.566609
-1.476379,10,229.623986
-6.157785,50,229.910226
-1.345727,12,229.981222
-2.680548,16,230.072741
-2.34784,16,230.164248
-0.585521,4,230.186969
-1.222064,11,230.253025
-2.214612,15,230.338871
-3.309776,50,230.626866
-3.40285,20,230.741819
-3.159689,17,230.841362
-2.250346,14,230.92135
-3.354563,18,231.023974
-0.207539,3,231.041091
-0.576477,5,231.071311
-3.042311,15,231.158901
-2.292421,16,231.25075
-2.436094,15,231.336983
-2.785235,17,231.438646
-1.066332,6,231.47291
-3.174185,29,231.638793
-1.866045,13,231.713282
-1.023265,5,231.742804
-2.017732,14,231.824341
-2.775657,16,231.916228
-1.423522,18,232.019519
-3.015526,17,232.119244
-0.756796,5,232.147882
-0.615171,4,232.170719
-0.223082,3,232.187911
-0.522487,4,232.211946
-1.030605,12,232.28264
-4.107798,20,232.398286
-1.785799,11,232.462034
-0.331468,3,232.479594
-2.031608,12,232.549919
-5.116395,40,232.779261
-2.723926,16,232.870788
-3.402313,18,232.977208
-3.485999,19,233.248805
-2.139275,15,233.33518
-0.720652,4,233.358099
-1.793749,11,233.424782
-1.052867,5,233.453485
-1.463032,11,233.516773
-1.467747,11,233.581829
-0.827292,5,233.611886
-0.576072,5,233.641141
-1.679854,13,233.715774
-2.98711,16,233.807913
-3.885136,27,233.964291
-0.563688,4,233.987176
-3.572481,19,234.09695
-0.410178,3,234.114166
-1.384603,12,234.186288
-0.410372,3,234.203389
-1.866804,12,234.272374
-0.691865,4,234.295965
-1.345345,10,234.35475
-0.655262,4,234.377556
-0.510601,4,234.400292
-5.703944,50,234.68489
-0.64931,8,234.732163
-1.517902,11,234.796775
-1.106652,9,234.848251
-0.615365,5,234.877015
-2.762986,14,234.959146
-0.761085,5,234.987636
-3.836729,19,235.096703
-3.392401,18,235.199344
-3.022537,16,235.294292
-3.316791,17,235.393088
-2.91719,16,235.484692
-4.582146,50,235.771358
-5.676464,50,236.08069
-2.118981,12,236.149902
-2.984767,16,236.241636
-0.45852,3,236.258963
-1.448668,12,236.329881
-0.398275,3,236.34699
-2.209869,15,236.433149
-3.303042,18,236.537558
-3.303416,17,236.637465
-0.916284,5,236.666183
-1.585818,12,236.735363
-2.670143,16,236.826788
-1.117208,11,236.892076
-1.765948,12,236.960601
-3.161277,17,237.058513
-0.70424,5,237.086959
-0.955183,5,237.11825
-1.078827,12,237.189533
-1.944831,14,237.270176
-0.634798,4,237.293239
-1.507443,15,237.381284
-4.516228,20,237.495502
-1.215367,10,237.552713
-3.113057,17,237.650197
-0.625675,4,237.674388
-2.707718,15,237.763147
-1.226875,10,237.820532
-1.008425,10,237.878092
-3.42729,50,238.166106
-2.893608,14,238.246039
-1.584846,13,238.321098
-2.297099,13,238.397012
-2.421457,14,238.478437
-2.21182,16,238.57032
-0.62699,5,238.598889
-1.845132,11,238.661695
-0.901581,5,238.691977
-3.912997,19,238.801225
-0.856518,10,238.858601
-2.087715,13,238.933284
-3.552332,50,239.358386
-1.541271,11,239.423565
-0.866018,8,239.471768
-0.784323,5,239.500361
-0.964629,12,239.591278
-0.587216,4,239.620014
-2.283858,15,239.706774
-2.148891,12,239.775039
-3.364325,20,239.89067
-2.66214,16,239.982705
-3.521897,20,240.097061
-1.25932,12,240.18628
-1.336746,9,240.24599
-1.957217,14,240.366132
-0.416825,3,240.384111
-0.867954,9,240.436254
-0.308399,4,240.460196
-0.62188,7,240.502449
-0.757998,4,240.525534
-3.115754,17,240.622856
-0.320051,3,240.641206
-1.665652,10,240.700149
-2.920286,17,240.799297
-0.537848,4,240.82233
-0.885771,8,240.870193
-0.827222,5,240.898707
-0.428315,3,240.915887
-0.261712,3,240.93293
-0.964881,8,240.980981
-0.560745,4,241.003904
-3.7031,19,241.112588
-3.073065,17,241.210343
-4.612027,31,241.414369
-2.133857,14,241.494994
-1.376207,12,241.563865
-3.321774,18,241.667161
-4.891655,41,241.901974
-2.84093,15,241.988033
-0.601324,4,242.010924
-3.581654,19,242.12057
-4.021544,21,242.243185
-2.659904,16,242.334725
-5.324535,31,242.517007
-0.678977,4,242.539762
-2.916752,17,242.639931
-2.540017,19,242.748054
-1.201221,11,242.811404
-0.88921,5,242.84004
-3.159574,17,242.939252
-1.533315,13,243.013342
-2.397443,16,243.104839
-1.871464,14,243.184632
-1.331813,13,243.26061
-1.116242,8,243.30216
-0.946002,12,243.369416
-2.626646,15,243.455264
-1.996221,12,243.524817
-0.595562,4,243.547449
-1.832325,13,243.621966
-0.858092,5,243.650264
-2.480546,16,243.743635
-1.68899,12,243.812074
-1.392646,10,243.869507
-0.444725,4,243.892423
-3.160054,17,243.990254
-0.454849,3,244.007499
-1.687457,20,244.120993
-2.733915,16,244.21194
-0.33883,3,244.229666
-0.956872,6,244.264133
-4.021843,20,244.378281
-0.510803,4,244.400955
-2.128123,12,244.469997
-3.297426,17,244.56763
-2.40514,15,244.65307
-2.948988,16,244.745932
-3.98507,20,244.875792
-0.387976,3,244.891483
-2.819542,16,244.979754
-1.16056,8,245.153257
-2.05779,13,245.228568
-1.556741,11,245.291622
-0.803689,7,245.331472
-0.621962,4,245.354596
-5.43981,44,245.607486
-0.244967,3,245.62464
-2.655135,16,245.71621
-0.379697,3,245.747303
-2.774303,16,245.847833
-0.521584,4,245.87072
-2.099721,12,245.940799
-0.707015,4,245.963562
-0.90974,5,245.992538
-1.849751,12,246.061832
-1.802667,12,246.130591
-1.937771,12,246.199318
-0.451625,4,246.223109
-0.765507,5,246.252692
-2.07333,12,246.321635
-4.204063,30,246.492306
-0.60882,4,246.516405
-1.562609,13,246.591725
-0.339117,3,246.608943
-1.081393,8,246.65404
-0.582534,4,246.678205
-0.509937,3,246.696474
-3.567673,18,246.800371
-1.157018,10,246.858025
-0.99488,8,246.905252
-2.150333,15,246.990882
-3.399897,18,247.086124
-1.239272,9,247.129082
-1.899045,12,247.187603
-2.667379,18,247.273997
-0.5525,4,247.293143
-2.466976,14,247.361561
-3.772629,20,247.502972
-3.633847,19,247.611631
-1.621961,11,247.674778
-0.984318,7,247.714717
-1.728736,13,247.789616
-2.873942,16,247.880698
-3.333808,18,247.983483
-2.404906,16,248.075186
-1.048564,11,248.140035
-1.094386,8,248.185303
-0.87914,5,248.213693
-0.71384,5,248.24218
-2.713765,16,248.335531
-3.022182,15,248.417758
-1.729326,13,248.492255
-0.879423,6,248.526657
-3.64654,19,248.637477
-1.752199,12,248.706219
-1.037675,7,248.745982
-1.278205,15,248.831454
-3.940093,23,248.963739
-2.250451,13,249.037188
-1.131519,9,249.088622
-2.868662,18,249.191473
-2.714926,15,249.29675
-1.690936,13,249.374131
-3.923406,50,249.659302
-0.862795,10,249.716694
-1.759719,14,249.798707
-0.453145,4,249.821388
-1.167156,7,249.861576
-3.058841,17,249.958491
-1.062946,9,250.012349
-2.161299,15,250.098248
-4.684268,29,250.263156
-1.02946,5,250.291518
-0.542196,4,250.315194
-0.647026,4,250.338921
-2.215098,12,250.407743
-1.917384,11,250.47158
-3.208488,18,250.575663
-1.058302,7,250.615152
-0.979372,8,250.6606
-0.341061,3,250.677592
-3.661798,20,250.79278
-1.545102,13,250.866885
