#{"t_start": 1652442989.0136626, "env_id": "TrajectoryGenerationURSim-v0"}
r,l,t
-1.294152,300,44.032899
-1.014848,300,84.5426
-1.033262,300,127.362599
-1.883939,300,170.579523
-1.510881,300,213.7839
-0.905881,300,256.381299
-1.709447,300,300.530291
-1.136586,300,343.030824
-1.798305,300,387.259295
-1.887144,300,430.463453
-1.565308,300,474.078331
-1.106686,300,516.68175
-1.924803,300,560.221715
-1.661363,300,603.923297
-1.635383,300,647.125853
-1.106842,300,691.519245
-0.978218,300,735.859435
-0.775226,300,780.065526
-0.873007,300,823.718009
-1.904082,300,867.675656
-0.946026,300,912.309457
-0.988457,300,955.708522
-1.467208,300,999.252166
-1.898459,300,1044.157351
-1.536742,300,1087.865227
-1.058819,300,1130.229343
-2.053999,300,1172.662797
-0.854176,300,1217.446984
-0.897911,300,1261.097316
-0.830975,300,1303.652735
-1.290873,300,1346.639764
-1.708659,300,1390.098802
-0.589479,300,1434.102679
-1.940435,204,1923.425125
-1.209522,46,1945.758357
-1.250883,82,1964.952612
-1.413697,114,1990.713865
-1.631221,156,2025.350017
-1.202682,76,2051.528956
-1.265784,60,2068.787732
-1.326068,74,2087.904799
-1.140063,66,2106.764701
-1.218215,51,2123.456812
-1.270718,51,2139.323609
-1.206054,51,2155.092841
-1.13782,52,2170.959031
1.971162,21,2182.989389
1.895518,41,2193.344766
-1.600746,181,2223.65546
1.869382,46,2240.329157
-1.147275,56,2255.910256
-1.228876,55,2272.748052
-1.22584,55,2289.509253
-1.758113,171,2320.104242
-1.481433,99,2341.110117
-1.217935,49,2356.113697
-1.198196,70,2373.903764
-1.415011,95,2394.839984
-1.270866,66,2413.344211
-1.301982,71,2431.831124
-1.17629,83,2451.545969
-1.396258,111,2478.279531
-0.57857,300,2526.27389
-1.098706,38,2538.839447
-1.95275,178,2567.139601
-1.16993,41,2577.610679
-1.26139,73,2592.970358
-1.132402,300,2639.320282
-0.980014,300,2688.415411
-1.146166,48,2706.703599
-1.222576,63,2723.791317
-1.488975,144,2751.458951
-1.1921,47,2775.454869
-0.806275,300,2820.773438
-1.823361,220,2855.140382
1.587647,296,2899.404885
-1.37981,207,2930.605914
-1.369681,79,2951.324547
-1.279004,98,2972.65001
-0.625911,300,3019.123843
-1.319642,84,3037.711152
-1.415011,300,3083.556215
-2.104349,248,3120.967443
-0.961268,300,3170.68637
-0.784257,300,3217.608009
-1.505493,196,3256.247093
-0.812762,300,3309.870865
-0.637074,300,3362.239073
-1.00435,300,3412.28315
-0.806548,300,3461.989407
-0.803048,300,3511.452222
-0.571903,300,3561.40705
1.860699,48,3574.417254
-1.621028,130,3599.350597
-1.598936,172,3631.00998
-1.312655,96,3654.079889
1.63541,261,3694.515098
-1.123973,300,3739.100862
-1.376591,82,3775.161288
-1.285691,54,3792.109639
-1.009599,300,3837.919648
-0.769872,300,4239.953173
-1.40238,79,4273.025117
-1.326504,76,4291.905868
-1.395031,300,4337.523396
-1.605059,219,4376.053741
-1.406662,123,4399.357603
-1.431294,140,4427.424283
1.985774,15,4439.658639
-1.163519,38,4448.789671
-0.388639,300,4492.162335
-1.514676,122,4516.153494
-1.191717,300,4562.765995
1.96976,22,4575.486107
-1.656663,233,4608.91756
1.719423,174,4642.307777
-1.438766,86,4658.859335
-2.191245,288,4704.262308
-1.483739,84,4724.196728
-0.886465,300,4771.460767
-0.622526,300,4816.298865
-1.240491,73,4831.939982
-1.303167,87,4853.072678
1.876381,45,4867.157623
-1.263001,81,4885.555455
-1.287628,90,4905.052058
-1.568769,138,4931.030932
-1.743415,300,4980.3988
-1.569832,169,5013.481816
-1.15167,56,5032.265669
-1.144266,300,5078.582565
-1.351808,89,5098.764023
-1.991419,287,5143.304416
-0.65542,300,5192.5553
-0.673408,300,5236.03986
-1.289097,300,5281.380567
-0.714015,300,5327.764077
-1.376425,300,5375.544448
1.88911,43,5390.226407
1.879235,78,5408.160367
1.94614,30,5416.572078
-1.295935,185,5445.079082
1.787334,150,5474.635904
-0.598158,300,5517.647743
-1.564911,241,5558.345736
1.96633,23,5580.187326
1.908155,48,5591.959787
-1.181966,143,5616.977501
-1.722397,154,5650.493826
-1.14889,54,5668.709212
-0.417193,300,5714.490351
-1.546878,300,5756.668775
-1.491037,140,5786.613557
-1.283247,300,5834.803802
-0.364069,300,5880.07053
-1.372256,187,5910.186506
-1.147134,50,5926.328773
-1.220319,78,5943.056941
-1.945814,252,6241.248914
-1.302805,300,6292.791007
1.849777,69,6311.855337
-2.209615,288,6355.093605
-0.43019,300,6404.38664
1.95105,30,6414.48467
-1.56804,261,6452.765929
-0.606953,300,6498.499142
-2.102484,276,6541.169937
-1.669225,297,6593.567238
-1.134997,84,6611.092211
-1.833299,269,6655.037512
-1.967729,208,6693.247271
1.794809,127,6722.862736
-1.212034,300,6765.455186
-1.404684,80,6787.191891
-0.636187,300,6832.266243
-0.953971,300,6880.974595
-0.554106,300,6932.562455
-1.577532,159,6966.646783
-0.623916,300,7019.91184
-1.352908,266,7068.825072
-1.034518,300,7116.580522
-1.073774,300,7171.256211
1.75939,107,7193.326065
-1.05143,300,7237.496828
-0.934787,300,7285.494425
1.831244,149,7313.27865
-1.283747,300,7356.301687
-1.166288,53,7375.012941
-0.743311,300,7417.897592
1.797074,212,7454.149858
-0.549437,300,7498.06615
-1.326831,132,7519.596952
-0.872946,300,7567.786223
-1.282453,99,7588.018611
-0.526866,300,7636.177474
-1.46542,300,7682.425493
-1.421741,230,7720.086306
-0.705091,300,7772.390501
-0.518797,300,7815.29222
-1.635083,283,7859.859523
1.978235,29,7880.942418
-1.007549,300,8226.006434
-1.833661,184,8259.864699
-0.423261,300,8312.24978
1.987366,14,8324.45928
-1.127145,59,8335.711816
1.954291,36,8350.449778
-1.128785,51,8361.521025
-0.594161,300,8405.229617
-0.77082,300,8449.76791
-1.32545,87,8472.595551
-0.683735,300,8521.438134
-0.595066,300,8570.83496
1.937924,51,8585.804328
-0.878271,300,8629.830413
-1.443333,195,8663.518645
-0.747936,300,8706.83387
-0.441988,300,8752.554105
1.936949,44,8777.271014
-1.529509,268,8815.011474
-1.299432,72,8837.496259
1.794399,99,8859.387387
1.777538,147,8885.364499
-0.524897,300,8929.28377
1.806574,96,8951.341865
-1.716675,179,8981.190963
-1.146661,49,8997.239189
-0.674724,300,9042.222379
-0.841095,300,9085.742067
-1.78477,249,9126.958483
-1.474293,145,9152.072676
-1.411926,300,9200.588494
-1.160645,300,9254.180376
-1.443305,86,9271.237062
-0.70243,300,9318.075598
-0.789859,300,9369.939636
-0.798408,300,9424.972236
-0.860695,300,9471.744155
-0.575208,300,9518.906048
1.955901,33,9527.910215
-0.523805,300,9570.155815
-1.031675,300,9616.417716
1.921361,60,9638.736178
-0.42968,300,9683.167498
1.904558,69,9699.039403
1.984806,15,9708.060973
-0.778146,300,9748.737206
-0.558416,300,9794.948539
1.85322,70,9812.176024
-0.647306,300,9855.835351
-0.59422,300,9904.937055
-0.760525,300,10197.0582
1.853648,87,10220.400614
-0.796571,300,10263.043674
-0.426649,300,10307.111099
1.944566,47,10319.096646
1.962647,29,10328.366571
1.661304,293,10369.214941
1.485045,250,10406.038489
1.933149,42,10419.333878
1.809627,135,10442.251923
1.924089,71,10457.191277
-0.754416,300,10501.824401
-0.507375,300,10548.225522
-0.854839,300,10591.918255
-1.488984,191,10623.17584
-0.739002,300,10673.15026
-0.710862,300,10719.517537
1.923612,70,10737.574153
1.939531,31,10746.793419
-0.992185,300,10789.534282
1.826404,163,10819.161238
-1.588551,196,10849.422058
1.978062,23,10863.661484
1.903351,96,10881.235916
1.990469,14,10892.706585
-1.454911,124,10912.079919
1.82074,159,10942.59382
-1.186544,300,10983.846386
-0.700966,300,11029.568826
-0.859852,300,11081.611275
-0.576062,300,11124.135409
1.795143,96,11153.810359
1.927062,48,11167.037616
1.942039,35,11178.777658
-0.533103,300,11221.543293
1.966314,23,11232.17368
1.881087,52,11244.013277
1.972081,21,11253.611591
-1.324914,132,11274.935791
1.971369,22,11287.403269
1.931418,72,11301.186651
1.898434,71,11316.442677
-1.432846,185,11346.184885
-0.545861,300,11391.964487
-0.805513,300,11443.680841
1.977579,17,11469.028945
-1.346071,91,11484.833595
-0.640668,300,11530.37948
1.994546,7,11549.774898
-0.773818,300,11589.513751
-1.373134,117,11612.162084
-1.102306,47,11626.727515
1.887329,103,11645.141172
1.862639,130,11666.978812
-0.420567,300,11709.573637
1.987071,12,11719.306998
1.85625,83,11733.283411
-1.481016,131,11758.474655
-0.964694,300,11803.249182
-0.743697,300,11855.889676
-0.441376,300,12238.876517
-1.098628,40,12252.948026
-1.184113,64,12266.547378
1.767164,257,12303.197992
-1.061003,37,12318.928834
-1.293817,87,12335.369163
-1.123316,42,12349.955862
1.881473,90,12367.677141
1.743945,100,12388.854576
1.781062,104,12408.530224
1.953925,35,12421.588175
-0.578719,300,12465.55301
-1.009867,300,12510.878546
1.852081,69,12536.867851
-1.243266,54,12549.943182
1.769458,76,12569.234625
1.821286,83,12589.543791
1.752961,87,12608.748686
1.811578,100,12629.232699
1.902973,46,12643.651416
1.731492,188,12674.461543
1.746488,100,12693.342144
1.873383,56,12708.23527
-1.074656,38,12720.386639
-0.716262,300,12764.260891
1.971158,24,12779.774319
-1.120431,47,12790.674207
-0.847471,300,12832.737976
-0.702427,300,12875.991072
-1.087213,39,12892.32685
-1.327162,126,12914.461627
-0.797741,300,12956.584376
1.935005,71,12974.583366
-1.255544,93,12994.739952
-0.695287,300,13041.665046
-1.129261,39,13053.909664
-0.887065,300,13097.129114
-0.878091,300,13148.526201
1.935681,36,13167.299785
-1.256576,300,13211.282324
-2.178757,292,13256.801151
1.954295,28,13274.809897
-0.651799,300,13317.783571
-0.853295,300,13362.90671
-0.655848,300,13409.158538
-0.639257,300,13462.921732
-0.953159,300,13511.66526
-1.4605,285,13562.936822
1.963411,32,13576.691276
-1.330767,82,13592.652387
-1.053682,53,13607.915366
1.898895,100,13627.318585
-1.38239,87,13648.755095
-1.364429,115,13671.639476
-1.190222,109,13693.337505
1.855424,71,13714.521171
1.887067,100,13736.045916
-0.598147,300,13781.066847
1.916597,51,13795.68329
-1.367029,81,13812.400221
-1.247858,72,13830.33716
-0.651003,300,13875.206198
-0.703895,300,13920.720494
-0.997598,300,13972.438009
-1.445877,102,13995.442909
-1.244054,300,14045.509131
1.537267,135,14346.717986
-1.628408,300,14400.439666
-0.689486,300,14447.314006
-1.347471,117,14474.0081
-1.126266,39,14490.845396
1.788106,99,14509.787697
-1.4151,113,14532.729587
1.868481,66,14552.635153
1.823703,131,14577.050238
-1.64814,226,14615.499013
-1.344406,84,14642.575894
-1.147559,79,14665.375239
-0.912406,300,14710.744809
1.694635,198,14743.997756
1.81536,131,14771.717659
-0.807384,300,14815.849442
1.933048,35,14828.353161
1.939887,47,14840.493157
-1.415376,93,14858.530952
1.97818,35,14872.657602
-1.487116,263,14911.763353
1.794681,79,14931.365761
-1.328135,88,14952.736143
-1.638961,117,14976.24564
-1.494416,130,15003.869293
-1.61795,169,15041.590711
1.956405,51,15056.85396
-1.515328,112,15077.296942
1.938538,64,15094.094887
1.930647,34,15102.924007
-1.291039,86,15120.345988
1.960947,25,15132.601656
-0.438259,300,15175.049745
-0.515948,300,15221.745845
-1.110613,300,15266.088866
1.81433,185,15298.498082
-0.681771,300,15344.546483
-1.124619,300,15395.518272
1.894637,48,15413.454183
1.91579,43,15426.545072
-0.747059,300,15470.229275
-1.472767,94,15492.783447
-1.300783,94,15513.117954
1.89672,44,15527.016002
-1.235598,64,15543.397612
-1.186184,300,15590.148597
-1.330742,112,15614.156763
1.96466,31,15626.822274
1.984311,14,15633.556397
-0.636618,300,15675.055474
1.936645,51,15699.343415
-0.537309,300,15741.692371
1.873537,62,15768.266319
-0.795337,300,15812.510082
-1.243106,72,15833.729954
1.907369,98,15854.352253
1.792621,96,15871.388499
1.93223,39,15887.486001
-1.342183,292,15930.21646
1.875265,57,15945.521633
-0.610322,300,15990.369122
1.989949,10,16006.269649
1.92524,35,16014.170051
1.76232,94,16033.183407
1.891546,53,16050.231101
1.936712,42,16063.177735
-1.257832,300,16106.141358
1.909245,53,16131.035208
1.835539,78,16148.638356
1.909045,51,16163.968488
1.866034,76,16181.264941
1.754843,101,16201.861606
-0.873996,300,16247.655563
1.962567,25,16265.994031
-1.359163,300,16565.931368
-0.606798,300,16618.367998
1.874134,59,16641.721391
1.891042,73,16658.082319
1.790605,171,16686.248008
1.927819,54,16698.637055
1.940303,34,16708.465947
-1.77117,236,16744.070439
1.865887,49,16759.931169
1.525498,219,16795.091727
1.64392,136,16825.868828
-2.005711,195,16861.446551
1.949142,28,16880.240971
-0.870054,300,16923.170528
1.807837,70,16950.598234
1.96142,24,16962.139843
1.902652,44,16973.625271
-0.523808,300,17018.197568
1.783824,86,17040.113533
-1.22054,300,17087.728301
1.915108,63,17112.894584
1.670097,186,17142.962047
1.431409,297,17192.247972
1.894426,49,17212.837807
-1.433996,146,17239.747837
-1.567361,169,17274.50223
1.795194,157,17308.617259
1.890659,61,17322.103906
-1.269049,84,17340.640159
1.665047,111,17361.25214
-1.157248,300,17408.907337
-1.158633,300,17471.293626
1.707417,260,17510.396912
-1.153052,54,17528.980425
-0.659055,300,17575.276406
-0.699275,300,17618.631027
-1.15713,57,17633.500384
1.910858,41,17647.72728
-1.247487,162,17675.352835
1.820068,88,17691.491155
1.819312,143,17717.032613
1.797177,157,17741.999193
-0.698011,300,17786.349595
-0.519126,300,17835.972209
1.641825,142,17868.205353
1.764785,127,17891.608476
1.570234,300,17938.325721
-0.381959,300,17983.276481
1.932982,50,18002.663752
-1.297392,189,18031.411983
-0.560222,300,18078.311067
1.880917,46,18104.184612
1.752565,166,18132.640328
1.577335,146,18161.988809
-1.12155,56,18178.983013
1.682214,101,18197.213227
-0.403926,300,18246.771461
1.839029,131,18273.345435
1.808006,153,18302.135924
-1.505226,155,18328.652775
-1.747647,176,18364.805396
1.912142,49,18384.706292
1.947984,42,18397.542737
1.900748,55,18634.896186
1.889595,70,18652.429408
-1.209905,101,18672.205845
1.963782,28,18681.603296
-1.241567,221,18714.290654
-1.177986,300,18763.803681
1.975615,17,18776.342194
-0.852125,300,18817.880374
1.766184,159,18852.456249
-0.780504,300,18898.871185
1.772471,77,18919.651819
1.82522,83,18940.285673
1.754592,194,18970.947489
1.973949,27,18984.139601
-1.304338,171,19008.19221
1.897474,54,19026.086162
1.927579,46,19040.374851
-1.089353,40,19053.211337
-1.086056,51,19066.82438
1.82465,72,19081.869884
1.863261,72,19099.318651
-1.323023,169,19130.263217
1.846964,80,19150.319416
-1.475071,206,19186.693005
1.960852,36,19201.673046
-1.13659,47,19212.303202
-1.184212,112,19234.563159
1.877919,61,19251.49731
1.716928,130,19276.415038
-0.324708,300,19325.020864
-0.418402,300,19374.836785
-1.364424,138,19403.84959
-1.344994,192,19439.948142
-0.858464,300,19487.430002
1.911685,79,19508.337908
1.951208,29,19520.996329
1.823763,70,19536.23233
-1.060123,58,19552.085566
1.904783,44,19563.123804
-1.242711,146,19588.349982
-1.08548,41,19603.967444
1.737058,162,19631.830798
1.976983,29,19645.142613
1.943719,58,19657.789731
-1.156049,83,19673.428762
1.844453,87,19694.196408
1.848546,56,19708.709347
1.917851,82,19727.327941
-0.430181,300,19772.88557
1.870707,101,19793.5609
1.805883,115,19814.531882
1.966354,32,19827.652016
-0.330889,300,19869.07718
-0.418731,300,19917.599241
-0.315215,300,19966.168426
1.933343,42,19978.733208
-1.417165,127,20001.75057
1.843371,130,20032.158358
-0.406621,300,20076.810601
-0.6742,300,20120.28446
1.968392,22,20138.303168
-1.58087,211,20170.10682
1.9151,45,20188.71486
1.898646,82,20206.689764
-1.304461,300,20252.940218
-0.557125,300,20309.709716
1.712727,91,20331.192474
1.723911,125,20358.030835
1.823918,140,20388.18218
-0.818412,300,20434.332988
-0.389243,300,20486.007755
-1.151796,45,20501.860124
-0.604785,300,20840.745267
-1.323671,116,20865.017862
1.906505,46,20879.951665
-0.601955,300,20924.903806
-0.618378,300,20972.581071
1.765529,92,20990.664277
1.90484,49,21007.315105
-1.421999,157,21034.647526
-0.622334,300,21081.700941
-0.698785,300,21127.178347
-0.906671,300,21171.94469
1.716226,94,21197.662314
1.902382,45,21214.932262
-0.766798,300,21259.20506
1.894945,47,21274.669025
-0.766237,300,21319.382591
1.948489,39,21335.76639
-1.088394,72,21350.553423
1.823625,86,21367.865353
-0.400136,300,21415.127567
-0.799543,300,21460.781508
-1.050149,300,21511.610369
-1.459922,219,21550.475824
1.547403,123,21580.173206
1.91982,58,21601.8737
-1.059798,300,21645.221628
-1.081581,300,21696.469439
-0.414779,300,21746.08704
1.830084,92,21765.789419
1.933329,42,21781.846115
1.768606,106,21801.395689
1.88881,106,21824.652177
1.872871,64,21839.52729
-0.538891,300,21886.129197
-0.624875,300,21937.789961
1.927579,34,21955.17654
1.917215,39,21966.763028
-1.650697,272,22007.732713
1.89038,46,22026.541447
1.834433,80,22044.628796
-1.158875,79,22064.96757
-1.686568,166,22095.152471
1.736494,231,22136.687219
1.921183,61,22151.839055
-0.785797,300,22198.262587
1.777036,85,22221.086481
1.824426,81,22242.237235
1.942038,72,22260.439013
1.957968,30,22272.978502
1.929495,47,22284.562624
1.820096,84,22301.233161
1.923201,37,22316.430653
1.934659,44,22329.48411
1.945259,30,22339.596535
-0.558493,300,22382.533776
-0.651488,300,22433.474013
-1.097907,56,22459.044532
1.973593,27,22471.20111
1.83858,55,22483.45777
1.873775,85,22503.634778
1.815708,73,22521.126415
1.810091,162,22550.789853
1.880114,52,22565.603175
-0.494263,300,22610.940567
1.861595,60,22628.184952
-0.937308,300,22673.864999
-0.56169,300,23012.207267
1.870615,52,23031.391365
-0.412967,300,23077.08643
1.901023,87,23100.542197
1.654447,268,23140.755399
1.930611,61,23153.684263
1.923624,48,23167.199523
-0.521212,300,23211.69943
1.914099,39,23224.757335
1.950505,34,23236.990746
1.967799,27,23246.711483
-1.489764,239,23281.59741
-1.206894,118,23310.691948
1.976781,28,23322.933729
-0.63563,300,23364.40152
1.877683,59,23385.38923
-0.399565,300,23431.302979
1.969835,24,23445.686973
1.855818,95,23462.928522
1.729551,183,23494.714852
-0.539839,300,23540.506071
-1.284756,300,23589.074948
-0.662414,300,23635.845481
1.995839,8,23647.632473
-1.554036,258,23682.570059
1.980698,20,23697.502077
1.926068,51,23708.17598
1.931481,45,23721.71557
-0.935053,300,23765.733901
1.97287,30,23783.677222
-1.364625,300,23825.546161
1.91302,52,23844.889903
1.855997,110,23866.594909
-0.352612,300,23913.637521
1.905422,42,23925.532162
1.866051,62,23941.267687
1.975135,20,23952.289544
-0.678751,300,23993.536957
1.979806,19,24009.801861
1.896017,75,24024.1803
-0.441236,300,24071.003008
1.725035,97,24092.704108
1.922359,41,24109.343674
1.875905,69,24125.213298
-1.229034,300,24171.192369
1.786018,100,24195.243439
1.944626,30,24210.048816
1.942864,37,24221.444298
-0.652767,300,24264.90789
1.977442,28,24279.37637
1.880415,59,24291.680115
-0.679697,300,24337.574254
1.960136,41,24356.986645
1.872041,101,24375.25069
1.95947,25,24385.57372
1.788521,113,24405.510989
1.882031,48,24422.867921
1.511639,286,24466.367872
1.928186,36,24478.132503
1.857245,61,24492.541243
1.942558,30,24505.678137
-1.059503,300,24549.269055
1.910708,54,24567.179759
1.87848,66,24582.260789
1.93134,34,24596.146226
1.851164,62,24611.097196
1.46971,224,24647.959587
1.856765,59,24666.778284
1.917423,42,24680.705749
-0.431652,300,24724.996918
1.946224,52,24740.04071
1.956479,27,24748.533225
1.743394,81,24764.851203
-0.558302,300,24812.355276
1.775633,80,24829.843648
1.979324,24,24843.793833
1.923522,37,24852.609347
1.810099,152,24879.23501
1.802352,105,24903.57767
1.568695,192,25177.550126
1.704934,185,25213.541847
-1.099183,59,25231.768995
1.547963,147,25260.272355
1.978173,20,25277.427563
1.978065,18,25284.909153
1.803449,92,25301.220651
1.887597,97,25323.950328
1.81816,123,25344.618479
1.93409,49,25360.09163
-0.924332,300,25403.533811
-0.364464,300,25448.613743
-1.08527,48,25464.601666
-0.371737,300,25509.406722
1.976852,26,25523.465776
1.676397,132,25544.224234
1.88746,68,25567.281316
1.926232,44,25581.905686
1.72727,90,25600.381897
1.92798,41,25616.747889
1.869239,75,25633.055674
1.822722,145,25659.255487
1.754838,71,25678.015815
1.734078,86,25699.226598
1.962972,31,25714.560563
1.821606,73,25729.057599
1.951795,28,25742.356426
1.809232,79,25758.068645
1.661554,106,25781.259177
1.952134,32,25797.890005
1.906182,65,25812.253962
1.887859,76,25830.147084
-1.099674,80,25849.13589
-0.704564,300,25892.658436
1.893977,54,25910.002434
-0.688657,300,25954.875579
-1.681922,241,26000.815435
1.661356,114,26032.628435
1.937639,54,26052.985874
1.9513,39,26063.677008
1.960158,24,26073.002599
-0.600714,300,26115.373894
1.90844,48,26137.505371
1.877242,49,26150.924119
1.951615,28,26163.385656
1.781782,84,26179.659212
1.884311,49,26196.510103
-0.703411,300,26242.657875
-1.735099,255,26287.581432
1.849358,81,26308.021626
1.950539,35,26320.456865
-0.705147,300,26363.795073
-1.195779,74,26392.105657
1.608755,243,26430.979231
1.94809,48,26450.771384
-0.455095,300,26493.771344
1.931676,46,26510.183773
1.735704,82,26526.78153
1.92622,54,26544.19214
1.919995,45,26557.965712
1.759223,115,26579.620108
-1.206054,72,26601.024209
1.956041,33,26613.327226
1.845287,74,26628.139446
1.963641,26,26641.337475
1.646129,200,26671.586812
1.862867,67,26693.540036
1.688376,122,26717.598621
1.84489,73,26740.599916
1.742774,93,26761.450287
1.929196,37,26778.057809
1.941965,38,26790.138918
1.831154,73,26805.847533
-1.279359,83,26826.630781
1.77729,85,26849.03633
1.936175,58,26867.407687
1.816386,120,26890.430143
1.919813,54,26907.006016
1.751301,93,26925.76635
1.736877,119,26952.221725
1.889278,49,26970.654705
1.932392,47,26984.534173
1.939583,34,26996.20736
1.88075,68,27011.871759
1.89101,57,27027.627371
1.796239,100,27048.7064
1.880557,57,27068.136739
1.857759,56,27084.271023
-0.501681,300,27130.570827
1.884957,56,27151.644509
1.966733,23,27163.244616
1.876925,53,27175.518892
1.882281,48,27190.747121
1.946441,53,27205.440021
-0.608449,300,27247.927948
1.933546,70,27275.653002
-1.555876,232,27510.052871
-0.663087,300,27562.821018
1.934282,34,27586.648289
1.863166,56,27601.10971
1.657383,142,27627.769053
1.834169,117,27655.946462
-0.770073,300,27700.981137
1.944411,40,27719.476362
1.92735,32,27730.764732
1.744711,116,27752.146859
-0.457668,300,27801.516579
-0.839653,300,27848.479926
1.865478,61,27875.803335
1.849062,112,27898.681161
1.984386,15,27909.377787
-1.424605,197,27937.879354
1.92207,65,27960.420964
1.977783,24,27972.5467
1.866531,48,27982.969506
1.935911,39,27996.856982
1.794027,76,28013.105564
1.901027,63,28031.210125
1.941346,44,28045.29245
1.913969,51,28059.223744
1.929545,50,28073.482023
1.949595,38,28085.890975
1.838843,100,28104.482954
1.813979,96,28125.695216
1.693772,112,28151.39952
1.799255,139,28181.59931
1.884439,52,28198.08847
1.79411,85,28216.828118
1.90937,38,28232.543466
1.858026,88,28251.266454
1.971059,31,28264.825305
1.875704,63,28278.502771
-0.855574,300,28324.480171
1.7556,85,28346.476135
1.70617,192,28381.303178
1.901269,54,28403.340186
1.641429,111,28425.160222
1.879997,95,28449.779387
1.876686,53,28463.159996
1.933199,34,28475.45288
-0.372055,300,28519.364878
1.902331,42,28532.283563
1.957617,25,28543.743495
-0.665867,300,28586.608828
1.719681,110,28611.791326
1.825901,81,28635.315562
-0.701891,300,28683.136639
1.890371,45,28699.125584
-0.876978,300,28744.864298
1.564591,199,28781.677292
1.966549,22,28800.647105
1.86035,48,28812.07351
1.984279,18,28823.53114
1.927272,44,28833.603337
1.458453,204,28865.949938
1.542027,201,28906.371664
-1.240421,176,28941.218587
1.803718,72,28958.576287
1.923511,90,28979.578269
1.874528,52,28993.318913
1.639764,116,29017.502037
-0.55363,300,29065.872453
1.840185,65,29084.453479
1.943469,31,29097.961255
1.602399,139,29122.024138
1.7309,121,29151.032581
1.770218,126,29178.456056
-1.122715,76,29200.539839
1.750986,88,29220.158442
1.932373,31,29235.047354
1.58915,150,29260.580919
1.817802,81,29285.325646
1.657222,106,29308.884962
1.8796,53,29328.024204
1.847145,74,29345.322001
1.900472,43,29360.188646
1.738151,113,29382.494152
-1.339089,80,29404.676299
1.834134,53,29422.991067
1.945898,34,29436.913297
1.690897,95,29454.74928
1.94381,32,29470.716548
1.756958,81,29487.542521
1.913144,42,29504.019992
1.92788,38,29516.94215
1.950356,32,29528.584958
1.962963,43,29540.774177
-1.815631,295,29582.836965
1.891031,47,29611.905667
1.832194,67,29628.15609
1.907932,39,29642.32579
1.969629,33,29654.470644
1.852822,88,29670.978992
1.632884,121,29696.663156
1.518524,273,29981.248174
1.945337,28,30001.070445
1.824783,117,30022.099968
1.743308,106,30044.142439
1.848026,84,30067.145055
1.930526,32,30082.15502
1.94522,29,30092.850055
-1.071372,44,30104.792265
1.986848,15,30114.556797
1.896798,61,30126.474921
1.917135,57,30142.018061
1.90041,64,30159.128721
1.515963,147,30186.089237
1.768089,161,30219.946779
1.921807,51,30237.93954
1.822345,68,30253.721442
1.931205,59,30271.826409
1.879053,47,30283.447854
1.799203,66,30300.601727
-0.904978,300,30346.734703
1.946471,28,30358.171047
1.9701,21,30367.325437
-0.384478,300,30409.560811
1.51532,186,30440.071882
1.636367,193,30478.320152
1.96289,32,30496.764255
1.781589,77,30512.602556
1.869385,72,30531.539835
1.779834,82,30551.020918
1.93661,36,30565.802504
1.727274,82,30583.399379
1.862579,65,30602.219217
1.901941,58,30619.268588
1.783708,92,30638.662614
1.855001,66,30657.967595
1.911593,81,30677.4401
1.896793,44,30693.314534
1.937584,30,30705.560155
1.89821,59,30719.294117
-1.589832,291,30763.528448
1.98032,17,30779.722474
-0.419104,300,30821.200897
1.853048,57,30842.0963
1.909518,46,30857.173422
-1.120619,300,30901.596277
-1.067269,54,30920.449318
1.681716,198,30951.268554
-0.78638,300,30998.941471
-1.145294,69,31021.26318
1.74435,84,31041.610296
1.961372,23,31055.389423
1.861262,61,31068.789607
1.878223,50,31084.184685
1.911311,58,31100.909681
1.944796,43,31115.751722
1.903834,43,31127.974431
-0.342281,300,31172.647334
1.817648,139,31198.801797
1.880575,96,31218.496646
1.991631,10,31232.01049
1.938568,36,31240.230104
1.90561,41,31252.821702
1.814251,150,31278.840915
1.939202,29,31289.94591
1.943656,46,31302.287861
1.871294,60,31317.147343
1.950114,28,31329.256238
-0.481986,300,31372.74665
-0.419918,300,31424.960782
-0.411601,300,31475.61956
-0.414511,300,31518.441704
1.963747,22,31531.280052
-0.925385,300,31573.781612
1.969725,23,31587.906336
1.898014,47,31599.273026
1.874975,109,31620.044673
1.921994,39,31630.266145
1.854963,54,31644.59571
1.623689,104,31666.160496
1.911818,51,31685.265331
1.96354,29,31696.490893
1.958603,32,31706.089878
1.924091,36,31716.664634
-1.443673,156,31743.41133
-1.520762,257,31791.005921
1.902053,42,31812.648283
1.916858,43,31825.74702
1.829383,97,31845.871099
1.887912,53,31861.65046
1.986274,14,31871.519743
1.794551,158,31895.300812
1.967105,22,31904.070934
1.807303,102,31922.152262
1.865638,70,31940.510266
1.905237,71,31959.389316
1.872554,95,31977.872495
1.894876,67,31993.988229
1.991967,10,32003.248294
1.745431,225,32034.588624
1.76329,80,32051.175459
-0.83612,300,32321.101604
1.885279,54,32340.916495
1.808598,71,32358.486879
1.952447,42,32373.827646
1.847053,77,32390.580074
1.88145,86,32410.500581
1.758891,114,32432.040802
1.614959,233,32473.674129
1.680929,95,32497.816885
-0.481179,300,32546.576577
1.814741,87,32565.504432
1.86802,61,32584.551045
1.948732,28,32597.559606
1.849113,76,32613.262344
1.96551,24,32625.381523
-0.497014,300,32668.084453
-0.350629,300,32714.503083
1.904958,40,32733.85689
1.941202,32,32745.911646
-0.43862,300,32789.786487
1.868684,63,32805.974899
-1.250934,73,32824.196087
1.776498,159,32855.155954
1.964099,38,32867.140578
1.799066,91,32883.493392
1.773823,86,32904.677127
1.936386,33,32918.862498
1.927038,37,32930.381395
1.953796,26,32941.153458
1.547419,250,32977.922222
1.873496,54,32996.317781
-0.521524,300,33041.755221
1.921333,55,33070.283077
1.836644,91,33088.462317
1.808567,100,33113.191704
1.806908,62,33131.268076
1.814102,90,33152.606335
1.76615,89,33175.7893
1.860053,51,33193.623776
1.91337,70,33211.835744
1.705867,110,33235.00121
-1.341696,108,33261.92692
1.952913,40,33278.01872
1.819406,92,33296.565742
1.910885,45,33313.688398
1.948209,29,33326.287294
-1.137465,55,33339.91962
1.960436,25,33352.939374
1.824365,86,33369.518282
1.978043,23,33382.794019
1.65985,124,33402.97069
1.809159,206,33441.714617
1.754989,200,33472.288247
-1.129663,52,33488.15411
1.80302,111,33511.459416
1.988131,13,33522.844689
1.742647,80,33536.970205
1.760148,177,33569.403997
1.823669,107,33589.580047
1.698458,91,33613.678891
1.850098,138,33642.373427
1.863163,83,33661.455156
1.715414,168,33692.694569
1.559049,139,33722.303088
1.72616,123,33751.584558
1.922139,38,33769.907789
1.866517,93,33789.15323
1.837183,70,33809.16744
1.928865,34,33823.416164
1.475913,294,33866.522764
1.890785,62,33887.789445
1.948168,28,33900.201291
1.902401,81,33916.735024
1.735264,84,33933.968615
1.805161,73,33954.049526
1.962718,34,33968.326558
1.868658,73,33983.633361
1.889727,49,34000.099558
1.777098,108,34021.103522
1.916531,63,34039.903709
1.868167,61,34056.222588
1.76312,190,34088.405746
1.858232,54,34108.258528
1.643883,106,34129.709625
1.919888,44,34148.406703
1.892496,42,34160.652477
1.893491,54,34175.72037
1.96198,25,34187.545139
1.912085,44,34199.14114
1.859824,68,34214.888477
1.911369,82,34233.642847
1.934777,33,34247.386314
1.895618,57,34261.504015
-1.283806,93,34281.494359
1.80747,106,34305.772454
1.816127,151,34336.409196
1.856124,125,34361.977724
1.904505,50,34375.399726
1.880397,54,34390.010355
1.935396,33,34403.22638
1.887458,48,34416.303396
1.921172,65,34432.118787
1.884003,64,34446.221508
-1.255048,84,34466.032665
-1.395634,122,34491.770532
1.834697,102,34518.199031
1.978144,20,34533.603196
1.773626,71,34733.937496
1.752917,138,34760.512927
1.845101,66,34781.104038
1.911943,40,34795.545332
1.735952,93,34814.946963
1.942232,31,34831.237173
1.960017,26,34841.039555
1.935224,32,34851.144347
1.634772,105,34871.266036
1.840283,81,34894.398582
1.835264,111,34919.223828
1.894005,49,34937.608608
1.969782,24,34949.304156
1.806418,73,34963.81313
-0.421059,300,35010.521162
1.944638,30,35025.628437
1.968492,30,35036.096021
1.937862,35,35045.754461
1.895325,87,35062.895441
1.882908,48,35080.151903
1.805281,100,35101.432614
1.696371,200,35138.330324
1.940306,30,35156.795115
1.616341,124,35178.788278
1.85371,61,35200.670949
1.811613,97,35221.976644
1.987663,15,35235.479989
1.689241,273,35272.947889
1.814961,124,35297.911285
1.926156,39,35315.012932
1.89216,81,35331.809727
1.857812,66,35351.14723
1.772122,103,35373.148405
1.906585,79,35395.860598
1.790256,74,35413.558854
1.82076,64,35431.485912
1.955502,38,35445.447099
1.89657,46,35457.767847
1.884295,48,35472.107791
1.955054,27,35484.201706
1.822137,94,35502.183821
1.967371,30,35517.293481
1.930542,32,35527.226514
1.924532,52,35540.662549
1.335485,213,35574.198318
1.937769,46,35593.533451
1.89829,55,35607.842161
1.818177,130,35631.921906
1.884214,47,35648.361616
-1.556664,235,35685.750811
1.997557,5,35703.077819
1.772629,117,35720.446277
1.873658,49,35739.455437
1.853999,56,35755.46086
1.934552,36,35768.463876
1.690762,180,35797.786644
1.849088,71,35819.181995
1.978748,17,35830.904784
1.576276,146,35853.792943
1.805707,68,35876.147725
1.906054,40,35890.647152
1.881844,51,35905.302311
1.93225,52,35920.791596
1.958936,24,35932.375294
-0.488011,300,35975.171419
1.870843,51,36000.889671
1.878519,106,36022.657533
1.887,63,36037.107888
1.941336,31,36050.152237
1.953241,30,36060.389776
-0.437393,300,36102.745448
1.90592,53,36121.582934
1.935844,34,36133.685916
-1.550621,265,36173.506642
1.857911,70,36200.565834
1.956123,30,36212.985762
-1.789352,273,36252.147651
1.780151,80,36275.518672
1.85393,80,36296.067822
1.919121,38,36309.688057
1.816569,65,36324.763753
1.959332,50,36340.439794
1.805636,72,36358.067129
1.938178,50,36374.195437
-1.20412,86,36391.429987
1.889204,43,36407.661649
1.937378,40,36420.987421
1.90779,54,36434.827973
1.805013,118,36457.576338
-1.657192,264,36504.34271
1.913798,45,36526.931452
1.929572,48,36540.900548
1.917331,43,36554.222212
-1.221053,88,36572.149992
-1.152683,89,36593.967004
1.897989,44,36608.263472
1.942515,42,36622.036561
1.928151,36,36633.447792
1.872797,87,36651.691521
1.972898,20,36661.709019
1.89233,58,36674.092495
1.966454,21,36685.599925
1.793962,101,36704.027225
1.942464,31,36719.238158
1.990067,11,36727.524217
1.980573,17,36733.727094
1.963596,25,36741.778071
1.876982,59,36755.214965
1.857367,58,36771.001926
1.957803,25,36782.993366
1.980021,16,36791.164402
1.850886,58,36802.93046
1.8898,69,36820.134174
1.92065,38,36835.218923
1.927353,46,36848.645255
1.926949,37,36861.196849
1.691853,134,36885.410561
1.906977,39,36904.37422
1.92416,36,36917.038446
1.938739,30,36928.229595
1.823559,59,36942.2708
1.942027,37,36956.491853
1.941256,34,36967.239138
1.823328,86,36984.371485
1.61979,195,37020.187348
1.790904,103,37047.263795
1.848628,66,37067.711715
1.94508,32,37080.604011
1.989431,11,37088.897387
1.699306,92,37104.246538
-0.609862,300,37362.308318
-0.471469,300,37411.83963
-0.806966,300,37464.385783
1.986702,13,37478.1005
1.908965,40,37487.255
1.884944,58,37502.513436
1.909446,41,37516.309969
1.803078,89,37535.767919
1.969471,27,37549.887539
1.94502,29,37559.517879
1.996305,7,37567.011656
1.881072,61,37578.153227
1.97322,21,37589.433858
1.914626,38,37599.551516
1.867966,57,37614.383712
1.878297,55,37629.497623
1.688762,128,37654.287805
1.764058,80,37676.842238
1.934224,50,37693.497539
1.93744,49,37707.374354
1.787867,80,37725.722652
1.932535,33,37740.376422
1.70804,114,37761.60641
1.935594,40,37779.618986
1.891537,46,37792.22467
1.753843,84,37811.346804
1.92889,36,37827.482862
1.99609,7,37835.965219
1.954927,34,37843.423557
1.829739,59,37856.887598
1.894519,43,37872.303679
-1.218426,98,37892.951923
1.645034,121,37919.627731
1.952315,28,37937.561755
1.859658,54,37950.826663
1.921169,66,37967.506265
1.910268,73,37985.994954
1.947675,43,37997.675848
1.925098,53,38011.605641
1.973826,24,38022.970728
1.895135,56,38035.363735
1.787015,99,38055.864946
-1.403608,103,38080.834527
1.876525,75,38102.588936
1.920146,38,38118.452029
1.94348,31,38130.019926
1.944915,42,38142.194262
1.949478,40,38154.137624
1.762585,74,38170.186634
-1.246999,88,38191.200783
-1.254469,109,38216.634198
1.863464,59,38236.297746
1.815748,118,38259.908247
1.872842,81,38280.94337
1.936497,60,38298.727189
1.772266,147,38323.01575
-0.724343,300,38372.594404
1.82921,85,38395.686683
1.86787,62,38413.285242
1.949402,29,38426.25498
-0.53654,300,38470.24445
1.846629,52,38490.812377
1.887403,78,38509.949868
1.908365,43,38526.764252
1.718819,131,38551.150037
1.977502,34,38567.631024
-0.61147,300,38610.65009
1.64832,107,38635.491771
1.866492,63,38656.261521
1.842177,97,38678.078427
1.971504,20,38691.651942
1.822894,80,38707.107491
-1.113947,52,38724.614712
1.847194,76,38743.581461
1.915509,54,38760.655251
1.894901,43,38774.5112
1.971629,21,38785.2468
-0.889803,300,38827.329328
-0.863984,300,38874.05186
1.980765,21,38887.70064
1.758048,102,38905.133564
1.805211,102,38930.506778
1.87225,49,38948.320692
1.969802,27,38961.175245
1.758074,81,38976.790714
-1.357886,176,39009.261787
1.907675,59,39030.521505
1.877674,87,39049.877378
1.676462,99,39072.664115
1.955664,31,39089.111201
1.830205,113,39109.656892
-1.483798,220,39149.383794
1.89587,63,39170.591374
-0.811276,300,39216.80339
1.919912,59,39239.964204
-0.87365,300,39286.181302
1.588565,187,39321.599395
1.857328,75,39343.844382
1.831803,87,39363.932917
1.905142,81,39384.79188
1.93031,35,39396.23804
-1.224571,118,39418.221654
1.525352,142,39445.479152
1.890516,64,39468.511515
1.770361,100,39489.909876
1.878755,45,39507.438513
1.707855,194,39540.198931
1.816029,79,39560.357041
1.92146,35,39575.782102
1.96285,24,39586.074966
1.857158,79,39601.482484
1.618108,131,39626.559185
1.893635,62,39648.423585
1.925421,44,39662.199496
1.94278,55,39916.868517
-0.836415,300,39959.556675
1.846072,73,39988.892024
1.927399,35,40003.646527
1.946153,39,40015.705129
1.884868,82,40032.397419
1.743777,98,40055.810321
1.904292,41,40073.075655
1.92322,40,40086.402371
1.790553,89,40104.832243
1.595476,138,40132.7248
1.941635,33,40151.810934
1.852508,107,40172.011595
1.788812,86,40196.321705
1.93342,35,40212.278173
-0.547751,300,40256.592391
1.819147,105,40286.816401
1.863886,65,40308.153129
1.971753,31,40321.193036
1.879321,61,40334.583291
1.945183,31,40347.633323
1.746975,105,40367.396784
-0.930727,300,40417.379752
1.892579,43,40436.564176
1.821247,166,40465.588713
-1.31622,136,40488.874851
1.88844,62,40508.363483
1.884215,46,40522.78484
1.958903,30,40535.306134
1.918439,39,40546.19638
1.902787,39,40559.00911
1.895845,53,40573.614076
-1.255961,109,40595.252652
1.941319,30,40609.78357
1.828284,59,40623.677162
1.763731,87,40644.147513
1.891178,51,40661.413876
1.889163,46,40674.880755
1.806225,133,40700.32728
1.80241,73,40721.991645
1.892995,46,40737.624264
1.853744,58,40753.839694
1.850147,82,40773.215793
1.988445,11,40785.174635
1.861928,97,40801.119378
1.966678,23,40815.561689
1.919581,43,40826.715494
1.757995,88,40844.62516
1.783438,83,40865.998216
1.889958,42,40882.529657
1.858635,62,40898.725814
-0.477832,300,40944.154105
1.918251,37,40958.956697
1.81465,76,40976.176167
1.922755,37,40990.93957
1.892117,84,41009.213206
1.99524,7,41021.094963
1.891331,82,41034.389841
1.929803,34,41047.568167
1.907589,41,41060.01979
1.859818,64,41076.417774
1.778161,94,41097.119303
1.921742,39,41113.504956
1.893417,69,41129.240027
1.933317,33,41142.79281
1.942887,55,41156.888684
-0.791585,300,41201.800193
0.925461,287,41250.255046
1.890673,42,41271.063242
1.936065,33,41283.582982
1.986159,15,41292.736173
1.917899,38,41302.194881
1.899088,46,41315.863172
-1.321756,104,41337.276713
1.89738,51,41356.082485
1.772081,126,41380.157848
1.896867,95,41402.834568
-1.449163,79,41424.362484
1.892646,43,41441.718725
1.71537,95,41462.124764
1.948061,44,41479.872983
1.879349,60,41494.782478
1.991143,10,41504.815556
1.875431,45,41514.278702
1.948459,38,41527.848213
1.748804,95,41546.512766
1.837717,117,41572.998985
1.760616,84,41592.457041
1.966922,26,41606.984543
1.805631,122,41627.430176
1.855008,64,41650.100019
1.841951,86,41669.603484
1.968156,31,41685.255836
1.928376,35,41694.482327
1.93305,59,41709.315042
1.742927,93,41729.44721
1.837751,76,41750.616359
1.829344,71,41769.906146
1.647192,106,41792.996169
1.906219,41,41811.212179
1.941766,49,41825.464035
1.88914,78,41842.740515
1.959763,25,41853.691864
1.848652,56,41866.467807
1.844306,62,41882.934172
1.889727,58,41899.267423
1.910722,38,41912.730967
1.90408,39,41925.342895
1.871484,61,41940.955742
1.853732,71,41958.240518
-0.691841,300,42005.638282
1.964223,24,42030.79267
1.6057,198,42060.821994
1.819626,72,42085.412794
1.807413,74,42105.0272
1.944759,48,42121.076225
1.896177,44,42132.668885
1.896668,48,42147.250511
1.92945,33,42159.920893
1.613941,108,42180.451428
1.935918,33,42197.805923
1.821472,61,42212.618437
1.924619,39,42227.12564
1.948535,30,42238.57921
1.89279,54,42252.015634
1.665896,136,42277.824711
1.837411,76,42301.451672
1.799832,167,42332.12885
1.906353,40,42344.646775
1.872813,64,42360.638201
1.934938,32,42373.996908
1.888541,45,42549.120379
1.949512,28,42561.431859
1.886655,59,42575.493375
1.907127,52,42590.661978
1.766012,85,42609.071928
1.810061,117,42634.336418
1.837744,67,42655.834664
1.796779,66,42673.16042
1.804252,76,42691.998956
1.813652,66,42710.459628
1.904346,42,42725.445694
1.97783,19,42736.048237
1.954743,26,42744.210725
-1.12538,94,42762.297669
1.80517,108,42781.280854
-1.434998,300,42831.698346
1.739102,108,42855.218421
1.96995,28,42872.009183
1.95075,28,42881.154954
1.946589,33,42891.776268
1.729188,94,42909.611563
1.968471,23,42923.978144
1.939834,34,42933.772772
-0.645715,300,42977.832963
-1.257861,300,43034.306163
1.927026,60,43055.512557
1.984664,19,43066.666676
1.920716,59,43078.706938
1.703543,101,43099.69787
1.87669,97,43123.789622
1.908178,41,43136.127202
1.848524,64,43152.236028
1.864546,101,43173.674527
1.922932,35,43185.871247
1.909443,40,43198.191828
1.877677,123,43221.454415
1.86358,66,43238.231944
1.898535,47,43253.739934
1.831119,67,43270.881433
1.767048,77,43290.122705
1.979141,18,43302.634594
1.924266,59,43314.8837
1.800105,119,43338.178905
1.88932,43,43348.935692
1.815028,98,43369.648869
1.927996,36,43386.735677
1.855283,60,43401.59668
1.947377,41,43416.077606
1.894352,50,43429.255743
1.846738,125,43452.621205
1.96436,31,43464.242418
1.818058,143,43487.601618
1.85043,70,43504.600952
1.748708,82,43524.140586
1.8987,44,43540.578713
1.821622,124,43564.474049
-0.771458,300,43611.775108
1.864999,61,43632.225356
1.946798,30,43644.852354
-1.424182,300,43688.520183
1.316113,238,43725.95552
1.481292,264,43773.332197
1.945317,31,43789.618803
1.752644,85,43807.095011
1.848845,70,43826.897302
1.971284,25,43840.129033
1.636193,112,43859.161246
1.903477,75,43882.058404
1.219868,196,43916.437236
-1.362157,300,43966.344041
-1.933776,171,44004.372248
1.935152,52,44020.124183
1.905066,55,44035.62015
1.925113,47,44050.440521
1.858677,121,44072.918156
1.849967,66,44092.074593
1.990573,12,44102.818724
1.870025,64,44114.877824
1.943584,67,44132.390747
1.908019,41,44146.982145
1.813523,74,44164.330087
1.982118,19,44177.16063
1.892153,54,44188.54585
1.971952,23,44199.507179
-0.447564,300,44241.860825
1.883289,46,44262.489006
1.97001,28,44274.852437
1.915148,40,44285.39389
1.838323,70,44302.378514
-1.176331,47,44317.648807
1.984848,14,44328.474408
1.859739,61,44340.390453
1.923588,56,44355.776904
1.924897,40,44369.647723
1.85269,91,44387.860308
1.943993,38,44403.23273
1.953657,41,44414.793282
1.864656,60,44429.153033
1.911137,42,44443.585829
1.744711,97,44462.999258
1.900904,52,44481.631132
1.895647,48,44495.929312
1.945273,31,44508.529725
1.895123,49,44521.588913
-1.253893,300,44567.512541
1.871455,46,44587.515224
1.057926,203,44621.366786
1.937679,59,44644.702635
1.905626,40,44655.441231
1.922798,36,44667.834835
1.86969,50,44681.61704
1.962177,23,44693.442787
1.587952,197,44723.565608
1.686127,185,44758.960568
1.939337,51,44776.294777
1.909763,49,44788.95385
1.921881,54,44803.299851
-1.107282,57,44818.472745
1.944371,47,44833.317789
1.665164,103,45060.210896
1.931469,35,45077.811055
1.947302,34,45089.603203
1.860842,124,45111.177332
1.824727,144,45135.230343
1.922843,41,45154.615134
-1.131994,72,45170.669199
-1.081942,300,45216.52293
1.924653,59,45243.760167
1.806471,200,45277.29056
1.874119,60,45296.953196
1.920598,68,45314.186481
1.981766,19,45324.075072
1.948662,34,45332.848965
1.990652,11,45340.514589
1.935453,33,45348.732776
1.969552,22,45358.570823
1.716071,267,45396.980836
1.658246,101,45423.681349
1.969171,22,45438.98213
1.782858,139,45461.740019
1.88222,47,45482.227374
-2.359617,213,45516.572404
-1.09764,54,45537.821144
-1.256799,300,45583.265363
1.905917,47,45596.177024
1.91927,42,45609.258521
-1.21291,300,45652.841966
1.858296,51,45666.811428
1.950594,35,45680.62562
1.937832,43,45692.583864
1.80012,67,45708.304401
-1.130885,56,45725.277814
1.872496,64,45742.420902
1.864902,62,45758.889137
1.899932,41,45772.779754
1.573945,141,45798.149999
1.896994,40,45817.779532
1.938869,31,45829.875288
1.936835,44,45842.1856
1.933266,50,45855.90273
1.867169,108,45877.161226
-1.209312,300,45921.305849
1.846232,82,45945.017422
1.852886,97,45967.313857
1.91258,60,45986.168287
1.695104,110,46008.407522
1.934245,42,46026.755492
1.924861,50,46040.135946
1.707447,100,46059.993732
-1.055895,43,46076.149566
1.901915,44,46087.311254
1.850066,60,46102.087563
1.972202,32,46114.919047
1.945238,31,46123.440552
1.947072,31,46134.255914
1.697827,110,46154.479889
1.994941,7,46168.797365
1.834726,138,46189.011775
1.889236,52,46202.18708
-0.413724,300,46247.016487
1.895355,44,46270.981671
1.943633,33,46283.818751
1.904833,42,46296.239814
1.715872,93,46315.90462
1.126378,249,46357.925391
-1.531052,155,46394.778293
1.946213,29,46412.783994
1.927648,35,46423.761815
1.943715,38,46435.648323
1.946159,29,46445.788979
1.894537,85,46462.827575
1.904484,53,46479.862337
1.903174,76,46497.430118
1.950547,29,46510.953302
1.906114,42,46522.563564
1.912947,40,46535.917367
1.939569,33,46548.356287
1.846021,127,46571.254446
1.867108,73,46588.381493
1.730036,92,46609.894865
1.915232,38,46626.36195
1.929346,35,46638.78295
1.764727,82,46656.313462
1.917023,41,46672.34128
1.909153,42,46685.815479
1.890062,46,46699.676178
1.974837,21,46710.043395
1.913113,69,46724.239271
1.682703,135,46748.302823
1.93639,31,46765.410436
1.657428,104,46785.081532
1.924968,69,46806.079991
1.829087,70,46820.438014
1.957115,43,46835.260576
1.835555,68,46849.128131
1.908889,40,46863.338945
1.979204,22,46874.511186
1.924005,58,46886.85913
1.717764,82,46903.78254
1.858681,62,46922.118895
1.933634,32,46934.808436
1.913015,47,46947.772519
1.78585,160,46975.557143
1.889441,66,46994.692045
1.935429,34,47008.291071
1.766141,74,47024.780774
1.896889,47,47040.465815
1.855874,60,47056.606908
1.944779,30,47070.525688
1.902833,49,47083.387078
1.937507,48,47097.241258
1.921422,35,47108.146371
1.893403,46,47121.330441
1.957356,25,47133.512668
1.889698,48,47145.443107
1.809835,72,47163.243626
1.967436,23,47175.991667
1.738721,131,47197.829666
1.888836,46,47213.92022
1.848138,51,47229.501168
1.445176,186,47262.20236
1.956017,30,47282.253574
1.9137,61,47295.897947
1.955501,33,47309.255722
-0.431335,300,47352.312527
1.913197,44,47372.877405
1.852654,70,47388.885858
1.937217,52,47405.418794
1.953232,29,47415.568758
-0.537176,300,47610.124059
1.936495,72,47637.17084
1.983611,16,47649.305685
1.848877,59,47660.891992
1.846122,72,47679.106066
1.948952,32,47692.956635
1.828443,82,47709.910298
1.719428,102,47734.039443
1.937468,52,47752.274941
1.952322,47,47765.951632
1.872743,84,47784.013511
1.870341,96,47806.974832
1.981459,19,47821.05796
1.7301,110,47840.181778
1.908133,62,47861.470356
1.964802,30,47874.391463
1.851488,115,47894.701771
1.908089,40,47911.223178
-1.116037,45,47924.911806
1.895341,57,47937.767901
1.804234,72,47954.80297
1.842171,72,47973.802336
1.742711,92,47994.651729
1.819685,110,48020.276424
1.933312,41,48038.465364
-1.066769,39,48050.638333
1.840759,72,48065.297812
1.960675,49,48081.784035
1.886814,96,48101.609044
1.871805,50,48119.573796
1.79409,69,48137.711383
-1.466044,124,48162.724007
1.697927,103,48189.075769
1.89671,53,48208.430138
1.949791,28,48219.919202
1.978286,18,48228.728145
1.930687,38,48238.486581
1.990772,10,48246.752061
1.854325,74,48259.798207
1.908696,41,48274.741174
1.939378,40,48288.252262
1.842588,80,48305.188443
1.715548,235,48344.374029
1.8721,55,48358.183682
1.901149,42,48372.662353
1.911378,68,48389.448237
1.761286,95,48410.616127
1.878133,69,48431.056948
1.972651,31,48444.830597
1.694278,98,48463.287107
1.953722,26,48478.864196
1.901298,43,48490.548054
1.910376,40,48504.245738
1.94901,30,48516.071294
1.942726,30,48526.658724
1.901221,43,48538.978913
1.912236,52,48553.958384
1.8677,51,48568.226623
1.87668,54,48584.542318
1.923495,64,48601.075258
1.822184,88,48621.227182
1.912329,39,48636.728148
1.879027,69,48653.298358
1.864319,62,48670.352009
1.892917,45,48685.831848
1.912388,61,48701.252725
1.881869,44,48713.814947
1.933036,44,48727.918352
1.906324,49,48741.261264
1.873005,58,48757.057976
1.941294,48,48771.361844
1.815167,100,48791.528756
1.618305,109,48816.811124
1.851003,53,48836.235883
1.991473,11,48846.652782
1.700791,124,48865.9862
1.847429,60,48888.065049
1.943416,41,48901.760675
1.911656,38,48913.461402
1.740644,96,48933.065811
1.938835,34,48948.853436
1.967828,37,48960.185649
1.91181,41,48969.320501
1.866764,63,48985.183082
1.898511,46,48999.581876
1.897712,46,49014.332491
1.872402,55,49029.191812
1.896038,59,49046.287583
1.853522,70,49064.019512
1.91522,50,49079.604393
1.783619,70,49096.254003
1.731664,106,49119.226157
1.746998,75,49141.584456
1.60427,132,49167.931162
1.947337,29,49186.283975
1.65542,101,49205.479793
1.783282,78,49227.669717
1.976937,30,49241.250162
1.90913,48,49253.587369
1.922606,38,49266.608427
-1.262365,105,49287.344502
1.642144,109,49313.313714
1.802951,67,49334.710471
1.711107,120,49358.943792
1.566056,147,49391.087295
1.814541,99,49419.422044
1.978234,18,49433.245425
1.876696,64,49446.09767
1.820176,115,49469.325059
1.906701,42,49484.339401
1.931486,53,49499.088309
1.893507,71,49516.768503
1.7993,89,49535.907762
1.910971,40,49551.702748
1.784594,88,49570.874038
1.844942,63,49589.785937
1.897326,64,49606.870377
1.891878,43,49620.317762
1.963622,28,49632.163255
1.840601,82,49647.774786
1.779702,97,49671.486803
1.75667,66,49690.30969
1.89313,62,49708.261553
1.822328,83,49727.875189
1.878528,58,49746.196229
1.85468,53,49761.031563
1.597425,114,49784.351636
1.994248,8,49798.822788
1.809388,106,49815.286157
1.918777,38,49830.960918
1.844822,62,49846.578698
1.796452,73,49864.177542
1.968052,22,49877.05849
1.71167,118,49897.118301
1.753274,114,49921.577644
1.901645,51,49941.33576
1.926762,48,49955.511367
1.623949,131,49980.111871
1.893811,45,50000.310195
1.943773,54,50015.69979
1.975442,23,50025.193949
-1.298921,139,50047.881167
1.908952,41,50066.682155
1.956983,41,50080.012461
1.927533,32,50090.974915
1.775496,82,50108.433763
1.943513,36,50123.274072
1.942011,34,50134.511962
1.88708,89,50152.67754
1.529538,248,50190.434091
1.662764,120,50431.426896
1.837518,77,50454.818129
1.909088,40,50469.644328
1.880322,65,50485.815824
1.556331,115,50509.62359
1.992408,10,50524.301229
1.877723,75,50537.249706
1.97664,21,50550.198358
1.909063,61,50563.228188
1.88313,45,50578.337689
1.933555,49,50593.143591
1.917922,38,50606.281512
1.925224,55,50621.08082
1.838347,56,50635.068807
-0.551525,300,50681.583694
1.57366,122,50704.396603
1.804251,76,50727.992217
1.821731,85,50748.456892
1.903598,49,50764.537567
1.93632,65,50780.021928
1.868474,60,50796.532773
1.973982,20,50808.25923
1.908349,54,50820.496041
1.935745,31,50833.123002
1.764666,85,50850.764326
1.951472,29,50864.817231
1.779658,85,50881.746925
1.858757,98,50904.358963
1.813711,71,50920.395769
1.914356,39,50934.413556
1.910354,66,50950.381392
1.864368,84,50968.213207
1.947863,31,50980.261043
1.954016,26,50990.369597
1.69197,85,51006.717879
1.928599,83,51027.627203
1.998338,4,51038.84218
1.711782,100,51054.069596
1.903984,58,51073.703367
1.929627,52,51089.345709
1.9237,53,51103.985508
1.946753,36,51116.834226
-0.489296,300,51159.484241
1.549533,133,51187.576508
1.871131,65,51209.305252
-0.597997,300,51256.063127
1.904281,45,51273.750999
1.829544,117,51295.665612
1.906628,46,51314.629695
1.864026,66,51330.133906
1.905394,40,51344.284876
1.959288,23,51355.355111
1.805158,79,51370.9161
1.907366,38,51386.577244
1.962795,33,51398.397925
-1.296364,184,51427.087858
1.870848,62,51456.047672
1.91049,53,51471.350408
1.816053,71,51488.141295
1.889866,62,51505.19575
1.719805,147,51532.786193
1.867048,64,51555.546368
1.909145,55,51571.105391
-0.339931,300,51615.591851
1.655279,120,51638.758364
1.759264,77,51661.41596
1.948179,43,51677.078874
1.876065,50,51689.252337
1.722306,117,51713.261986
1.914069,39,51731.040127
1.823742,72,51747.85594
1.973978,18,51759.929632
1.824589,63,51772.941052
1.732757,133,51799.368101
1.592451,185,51835.966228
1.926266,34,51855.753322
1.907825,36,51867.194358
1.796009,91,51885.935268
1.923508,36,51902.388853
1.776639,122,51925.084344
1.882724,52,51945.105625
1.892161,58,51961.931101
1.863121,52,51976.03045
1.919692,45,51990.688708
1.904158,48,52003.610626
1.911024,41,52016.560502
1.917336,38,52029.493181
1.892067,58,52044.752439
1.907029,75,52062.575588
1.663018,154,52087.454171
1.903652,78,52111.596829
1.84808,56,52125.865741
-0.416472,300,52171.853228
1.693045,94,52194.811158
1.690355,119,52221.377069
1.9167,68,52243.457735
1.752005,103,52265.283427
1.818955,69,52285.854962
1.874308,106,52308.736826
1.866738,143,52334.151229
1.874797,70,52351.315553
1.882121,48,52366.824249
1.925538,34,52379.780556
1.851868,103,52399.740736
1.735665,248,52442.161017
1.739001,92,52460.106876
1.815066,59,52477.94599
1.859218,76,52496.932167
1.615678,139,52523.85274
-0.357694,300,52575.673566
1.917573,35,52590.743339
1.915796,36,52602.867057
1.796024,136,52627.166803
1.839362,89,52652.043849
1.924,44,52668.430028
1.949284,41,52680.806749
1.903022,51,52694.009693
1.822672,68,52710.450565
-0.399821,300,52757.236947
1.801119,138,52981.390792
1.84212,70,52999.308021
1.889164,41,53013.811442
1.869931,98,53034.470939
1.909649,57,53050.752038
1.871273,47,53063.838389
1.613757,238,53101.82771
1.922584,39,53116.778998
1.932508,47,53130.02777
1.818424,66,53145.753792
1.762179,90,53166.537793
1.956492,42,53183.437247
-1.218931,163,53210.349957
1.951123,34,53223.064864
1.823517,132,53245.604089
1.931651,36,53264.064412
-1.13894,76,53280.035949
1.86327,50,53294.980348
1.915926,82,53314.071065
1.832801,68,53333.001454
-1.454744,109,53356.127944
1.851458,68,53376.192574
2,1,53386.184803
1.901148,43,53393.749902
1.888639,45,53407.928502
1.893233,60,53423.670882
1.891725,44,53437.957489
-0.561757,300,53483.378654
1.723738,153,53515.758646
1.884967,112,53544.118709
1.861657,50,53562.823459
1.869334,77,53581.385651
1.826515,87,53602.95819
1.861759,47,53619.613031
1.792462,201,53653.344316
1.892599,67,53672.55672
1.77296,81,53692.641149
1.927323,53,53709.977866
1.80529,145,53736.279198
1.959299,45,53755.897742
1.813678,71,53769.66698
1.94789,42,53784.58454
1.93218,35,53795.141922
-1.349918,119,53816.502734
1.849307,59,53837.356518
1.869252,64,53853.988836
1.936339,54,53870.472075
1.917743,37,53883.711556
1.864671,64,53899.254144
1.785827,80,53918.041219
1.768954,100,53940.86148
1.824928,88,53964.057061
1.921436,55,53982.238473
1.928881,34,53994.7647
1.961617,28,54005.789311
1.734316,98,54024.313663
1.830859,131,54052.231235
1.649005,134,54082.34651
-0.403596,300,54133.745435
1.888172,47,54147.257399
-1.571585,289,54190.211303
-1.312836,84,54219.244596
1.847815,104,54242.324369
1.935018,39,54259.468719
1.924061,66,54274.52767
1.70464,101,54297.171616
1.822759,78,54319.475364
-1.278178,98,54342.127854
1.972031,27,54357.648693
1.804975,88,54372.963759
1.948951,31,54387.870161
1.911974,54,54400.941324
1.843706,76,54418.598932
1.871885,135,54447.267128
-1.586889,267,54494.677357
1.742992,135,54524.452157
1.914121,74,54543.56341
1.90141,45,54554.120402
1.985803,16,54563.413519
1.441349,256,54599.789632
1.874901,60,54618.804442
1.906766,41,54632.845711
-1.219473,63,54647.61507
1.87829,54,54664.102264
1.910095,47,54678.209914
-1.214733,62,54694.316898
1.894123,47,54709.898947
1.989802,12,54720.33362
1.798485,68,54732.628229
1.852336,69,54750.723125
1.969016,22,54762.988871
1.673964,149,54787.210477
1.883481,44,54802.660756
1.946608,32,54815.179272
-1.198096,115,54836.396591
1.785828,69,54857.974578
-1.266782,54,54874.26551
-1.377917,80,54893.935527
1.825688,90,54915.204558
-0.565587,300,54963.043526
1.97779,19,54986.452187
-0.571885,300,55028.228512
1.914503,55,55052.300384
-1.153499,300,55097.618545
1.902111,55,55113.450885
-0.795111,300,55158.765875
1.954992,28,55173.960265
-1.130952,300,55217.03567
-1.352837,105,55249.934203
1.925612,32,55443.337247
1.478819,262,55482.687186
1.8095,57,55496.942303
1.87224,119,55521.080654
-0.467372,300,55571.115375
1.685218,123,55598.349447
1.969587,22,55615.488581
-0.848794,300,55657.861122
-0.61164,300,55707.211303
-1.494426,182,55739.717501
-1.413197,146,55769.390631
-0.549003,300,55817.57292
1.94276,39,55836.106225
1.902183,59,55850.140896
1.973052,21,55861.150945
1.105011,251,55897.037423
1.88478,83,55916.443966
1.913313,49,55932.913055
-0.89504,300,55977.623257
1.966166,23,55993.174076
-0.942258,300,56035.687493
1.968052,27,56050.57596
-1.556512,116,56070.615067
-1.321271,76,56092.481138
-0.757365,300,56139.348006
-1.328806,80,56159.552026
1.899176,100,56182.444038
-0.842942,300,56227.622971
1.904223,49,56243.971552
-0.655317,300,56288.24973
1.861,63,56307.406957
-0.720272,300,56354.46382
1.898679,65,56374.445466
1.889237,44,56389.013447
1.939695,40,56402.752735
1.898794,59,56417.287613
-0.561205,300,56463.253723
-0.890028,300,56515.87239
-0.770512,300,56563.075379
1.914834,74,56587.802461
-0.863123,300,56630.346026
1.925247,36,56652.533192
1.922395,36,56664.418712
-0.672764,300,56708.785019
-1.247702,300,56761.858257
1.904904,46,56782.845938
1.958248,25,56793.519061
1.886134,115,56813.844122
-0.681051,300,56861.760371
1.796275,81,56887.636655
1.664633,116,56912.837163
1.830231,71,56935.150432
1.680686,94,56956.678532
1.872111,50,56974.790801
1.543233,193,57005.965232
1.873295,61,57023.754484
1.850877,54,57039.728832
1.546043,119,57063.171132
-2.026771,233,57105.725655
1.898908,49,57125.305233
1.890024,43,57138.513406
1.865016,59,57154.486904
-1.519694,96,57175.275451
-1.918293,250,57218.164269
1.772885,99,57244.225376
1.636178,203,57280.179116
1.807916,133,57307.899889
1.905212,51,57320.737479
1.981966,18,57330.751213
1.860081,83,57346.175086
-1.48546,99,57369.138802
-1.072539,300,57659.269289
-0.816034,300,57712.233217
1.878256,53,57731.812942
1.926341,52,57746.183046
1.977168,21,57757.225891
1.922632,45,57767.764934
1.834712,118,57789.516611
1.939237,32,57801.481412
1.849958,67,57816.866722
1.886038,50,57832.083912
1.970922,26,57845.014306
1.871996,57,57857.144203
1.985986,13,57866.947098
1.851268,61,57878.904114
-0.909769,300,57924.702626
1.935051,34,57943.9519
1.932232,36,57955.186047
1.848722,105,57975.509033
1.877312,64,57993.392241
-1.51259,113,58017.158793
1.862599,52,58036.681499
1.910482,75,58054.458116
1.930251,56,58071.787349
1.8871,54,58086.999468
1.86999,70,58103.894629
1.894157,88,58124.789045
1.749657,141,58148.334167
1.880043,46,58164.645123
1.857592,73,58182.106871
1.980528,19,58193.869952
1.871668,88,58209.26053
1.942442,34,58224.994722
1.571213,110,58245.387672
1.420608,241,58288.183505
1.818428,116,58319.548035
1.928749,40,58334.33388
1.988481,12,58342.777474
1.435399,144,58364.583685
1.804407,80,58389.79552
1.893128,44,58406.242169
1.87692,51,58421.26033
1.893749,76,58439.583299
1.921275,41,58454.703916
1.974407,28,58465.205273
1.922309,37,58475.667954
1.737982,85,58494.004574
-0.921732,300,58542.547445
1.972293,26,58560.578821
-1.452169,123,58581.254884
1.660828,92,58606.59944
1.905671,54,58624.725726
1.916869,38,58637.833339
-0.440219,300,58682.624692
1.726845,83,58704.346534
1.965786,34,58718.856356
1.857984,84,58735.623729
1.965014,49,58752.195714
1.959194,25,58763.013261
-1.063982,300,58805.881907
1.979098,21,58822.878159
1.800162,75,58837.615463
1.80235,139,58865.010659
1.879964,51,58880.477038
1.803414,65,58897.237318
1.879249,45,58912.083792
1.767066,75,58930.266425
1.878197,79,58950.28178
1.742874,103,58972.190834
1.944675,28,58988.277294
1.939796,40,58999.809518
1.872779,48,59013.036683
1.468631,223,59049.028329
1.940117,30,59066.624748
1.809601,190,59096.466652
1.961727,38,59109.362194
1.948066,50,59122.030044
1.949167,42,59133.164534
1.949566,29,59143.943775
1.945319,29,59153.901463
1.995073,8,59161.621143
1.761914,79,59174.934648
1.817742,127,59201.207946
-1.554194,119,59225.210817
1.935999,43,59244.484637
1.937589,34,59255.788862
1.622042,126,59278.570894
-0.537339,300,59328.76135
1.93694,54,59342.988273
1.580578,121,59365.232913
1.900338,47,59385.230192
1.859095,72,59402.31879
1.838252,98,59424.565476
1.767867,87,59447.206448
1.915251,51,59465.066484
1.908302,53,59479.224003
1.475909,270,59520.42505
1.884958,78,59543.983665
1.89498,62,59560.312536
1.913679,53,59574.888973
1.992214,9,59584.083853
1.785395,108,59600.97514
-1.550298,101,59625.80562
-1.462172,126,59653.451601
1.860533,59,59674.855857
1.876976,74,59692.425381
1.913938,40,59704.96381
-1.567948,119,59727.892213
1.81932,73,59750.657044
1.925629,49,59766.537336
-1.619135,120,59788.611909
1.96561,23,59804.81668
1.893135,63,59818.622495
-0.845698,300,59863.431102
1.877833,114,59893.235419
1.902723,71,59907.263595
1.95292,36,59919.935994
1.965616,24,59929.380205
1.929853,60,59942.725867
1.949788,29,59951.652747
1.892348,43,60144.316928
1.388594,144,60171.185609
1.576401,119,60201.131897
1.89455,48,60220.896084
-1.316152,259,60260.900413
1.797526,105,60283.56705
1.92026,35,60299.926356
1.811162,114,60321.54602
1.736646,96,60346.060889
1.961284,27,60362.073074
1.77355,119,60382.972779
1.964776,24,60396.934807
1.955625,26,60406.015825
1.703208,89,60423.291571
1.797327,177,60456.445255
1.80139,74,60472.394479
1.496471,169,60503.490722
1.878098,52,60525.465982
1.673069,177,60556.873296
1.950359,29,60572.55504
1.913085,42,60584.376095
1.923279,47,60597.919428
1.876512,53,60611.931643
1.979804,16,60623.649077
1.369243,206,60653.712914
1.879832,54,60677.221382
1.885734,60,60693.635154
1.909755,68,60711.259744
1.669998,112,60731.517115
1.610325,151,60762.095256
1.980645,21,60779.679549
-1.425416,255,60815.83849
1.749798,104,60849.117156
1.872448,82,60871.644365
1.941748,31,60886.60824
-1.200771,300,60930.498739
1.781211,68,60951.589457
1.948952,32,60964.833589
1.933703,63,60979.305794
1.629189,163,61004.373368
-1.916326,288,61053.409181
1.895947,43,61083.432985
1.855234,65,61100.084675
1.804733,69,61118.2856
1.630764,267,61160.660789
1.970159,22,61174.223869
1.897646,42,61185.254106
1.739928,213,61220.078261
1.567217,120,61241.877961
1.960671,25,61258.446365
1.922467,51,61270.893421
1.899441,53,61285.60244
1.832791,73,61302.374476
1.770544,73,61321.016088
1.487739,117,61345.214331
1.92715,36,61362.534452
1.883546,51,61376.521566
1.703033,113,61398.072629
1.910232,44,61416.588099
1.984545,14,61425.726568
-0.609956,300,61466.966075
1.797153,130,61496.979652
1.549811,124,61521.587503
1.891077,55,61542.060205
1.82154,123,61566.032231
1.784907,183,61596.402277
1.797674,104,61615.827293
1.987003,14,61629.811188
1.961819,24,61637.3271
-0.410995,300,61679.887814
1.757267,85,61702.116309
1.957187,26,61716.220973
1.660939,119,61737.024983
1.959237,29,61753.899256
-0.650385,300,61796.973671
1.820802,88,61821.609803
1.773756,106,61845.644234
1.919738,61,61866.020823
-1.657567,277,61908.951477
1.434185,154,61939.956689
1.957052,26,61958.261462
1.977598,31,61968.375107
1.82062,116,61988.724694
1.941504,62,62009.163092
1.973327,19,62020.207058
1.666967,124,62040.734036
1.931459,43,62060.25286
1.889999,52,62074.162053
1.835458,119,62096.829609
-1.488997,225,62132.391042
1.916373,39,62148.667399
1.895895,40,62161.768297
1.752909,114,62183.9919
1.935065,33,62201.002422
1.940643,42,62212.910867
1.783122,78,62229.675879
1.78517,87,62250.292324
-0.530464,300,62298.791576
1.726358,117,62324.85738
1.794137,103,62350.647358
1.979803,16,62557.741271
1.931007,43,62568.222935
1.825236,106,62588.919342
1.497212,140,62618.625612
1.939764,32,62637.484335
1.877449,59,62651.840707
1.859503,72,62669.056506
1.858851,61,62685.98391
1.676612,101,62707.452944
1.892956,44,62725.511047
1.841292,61,62741.76422
1.81301,102,62763.258055
1.792514,71,62783.969561
1.928561,91,62805.356863
1.83324,83,62827.150151
1.834295,97,62849.709728
1.886711,48,62867.310438
1.89458,106,62888.968448
-1.328145,118,62916.052114
1.879371,51,62934.025109
1.904289,42,62947.452576
1.704435,110,62969.409868
1.800222,69,62989.357904
1.928016,37,63003.660502
1.902947,63,63019.068274
1.943879,30,63031.599988
1.832263,87,63049.384396
1.837497,52,63066.675958
1.771152,98,63088.708469
1.92379,39,63103.126907
1.896427,50,63117.530726
1.832503,71,63134.319354
1.665724,136,63159.339501
1.868532,105,63185.619059
1.602585,120,63206.759628
1.930379,50,63226.844522
1.833532,86,63244.055011
1.951412,44,63261.358886
1.92167,37,63273.590138
1.636023,178,63303.040756
1.89824,63,63323.827948
1.979638,17,63334.694385
1.831731,67,63347.756113
1.762145,74,63366.603756
1.854386,66,63384.564959
1.874574,71,63402.872186
1.828939,62,63420.792855
1.976437,23,63432.679248
1.854906,87,63449.337762
1.907897,79,63471.051618
1.76087,104,63491.221992
1.89238,70,63511.947294
1.950973,45,63527.495455
1.842877,68,63543.541112
1.74544,186,63576.361934
1.721655,102,63598.609353
1.762321,95,63622.58306
1.980446,21,63636.911206
1.766649,91,63652.940651
1.738642,103,63677.224053
1.826531,71,63697.980601
1.907472,45,63713.342224
-1.396102,151,63738.873758
1.874114,47,63760.104347
-1.230295,50,63775.586527
1.784816,76,63793.586288
1.846453,65,63811.640547
1.538671,125,63836.487582
-1.321174,76,63859.752981
1.971476,23,63873.801003
-0.457488,300,63915.969207
1.758626,83,63938.942404
1.943059,52,63956.307248
1.81168,83,63974.518313
1.907559,47,63990.808976
1.912469,42,64003.487668
1.884012,56,64018.487524
1.72589,111,64040.612188
1.846199,63,64061.313887
1.931207,48,64076.209877
1.970362,31,64087.408868
1.876159,54,64099.669071
-1.065293,41,64114.068283
1.925173,35,64125.818497
1.925248,35,64137.409947
1.78888,172,64165.693131
1.897586,42,64178.080215
1.968942,22,64189.173058
1.774926,80,64204.747311
1.716499,103,64228.030817
1.879654,44,64246.238803
1.789085,68,64263.234726
1.688817,130,64288.689901
1.710577,106,64315.217127
1.632027,136,64344.750666
1.900671,55,64365.247913
1.94247,43,64378.771197
1.70885,101,64397.920688
1.980704,18,64411.796829
1.971685,22,64419.671274
1.688052,162,64445.362748
1.827831,51,64463.584991
1.972474,22,64476.099713
1.92505,34,64485.78861
1.930056,40,64498.108953
-0.599762,300,64541.585593
1.910627,41,64565.240268
1.949429,30,64577.244206
1.96737,21,64586.644061
1.838587,61,64599.520113
1.759402,72,64617.260084
1.83631,61,64634.404703
1.928224,34,64648.209931
1.993274,11,64656.837863
1.847667,97,64672.792731
1.955948,28,64687.786666
1.453502,144,64711.925214
1.828443,96,64737.163416
1.835194,59,64756.179282
1.890867,53,64771.971618
1.842831,50,64787.394279
1.86477,69,64805.337952
1.98678,13,64816.416673
1.924373,61,64828.284712
1.883433,44,64842.494476
1.763639,68,64859.350035
1.883065,51,64875.10836
1.869964,57,64889.997039
1.861161,54,64905.245312
1.819348,101,64926.849477
1.847327,53,64945.685357
1.984527,20,64956.896289
1.935665,33,64966.152014
1.437966,180,64995.702198
1.770202,76,65020.256664
1.920567,37,65034.945648
-0.57136,300,65262.687474
1.79135,79,65286.682442
1.921596,52,65303.86735
1.940021,38,65315.767346
1.900167,37,65327.713412
1.847123,75,65344.614259
1.923295,33,65359.554306
1.959889,32,65370.661398
1.900729,88,65388.019444
1.914269,69,65407.771246
1.724671,89,65429.201678
1.790113,81,65450.981819
-1.354451,107,65474.720888
1.874014,48,65493.481867
1.462282,150,65520.638326
1.839435,99,65547.662364
1.842219,64,65567.869643
1.961098,23,65580.001049
1.901263,65,65593.903824
1.946055,38,65607.921671
1.888523,67,65622.654289
1.866227,47,65638.111764
1.724532,161,65666.950004
1.777303,68,65684.802813
1.977605,18,65696.897319
1.892099,58,65709.140534
1.742488,110,65731.605003
1.980889,20,65745.251699
1.728985,119,65764.419721
1.85719,116,65790.281496
1.924634,34,65805.811157
1.957366,30,65816.776051
1.907401,74,65831.987905
1.907585,48,65844.784432
1.821309,122,65867.578092
1.783651,90,65888.623157
1.949314,32,65904.636057
1.970926,28,65914.057622
-1.058731,44,65925.519709
1.71436,107,65945.94602
1.830005,57,65964.938995
1.783226,119,65989.152806
1.902707,39,66007.128727
1.853984,162,66035.012295
1.842,60,66056.402663
-0.54187,300,66102.024327
1.874992,48,66117.651978
1.979135,27,66130.397491
-1.305788,110,66149.807778
1.869839,47,66167.249456
1.672087,96,66188.15732
1.890997,46,66205.53215
